period,Battery storage,Coal,Geothermal,Hydro,Natural Gas,Nuclear,Other,Petroleum,Pumped storage,Solar,Solar with integrated battery storage,Wind
2025-02-01T00,76,910,309,1939,14814,2268,-2993,46,194,11710,151,989
2025-02-01T01,121,941,310,2161,11751,2266,-431,46,0,7473,154,1261
2025-02-01T02,66,1114,312,2923,11098,2266,3162,46,0,2277,126,1673
2025-02-01T03,15,1079,312,3319,11788,2266,4288,46,0,50,162,2322
2025-02-01T04,16,1062,312,3010,12483,2266,3795,46,0,-56,117,2720
2025-02-01T05,-6,1035,320,2784,12553,2265,3231,46,0,-53,135,3040
2025-02-01T06,0,1074,337,2897,12312,2266,2584,46,0,-52,86,3458
2025-02-01T07,-2,1056,321,2476,11918,2268,1844,46,0,-51,43,3351
2025-02-01T08,-7,951,317,2230,10997,2268,1076,46,215,-53,0,3018
2025-02-01T09,-2,934,319,2269,10590,2268,904,46,232,-53,0,2462
2025-02-01T10,1,826,307,2721,9843,2267,810,46,232,-53,0,2297
2025-02-01T11,-2,766,308,2997,8690,2267,361,46,232,-54,0,2709
2025-02-01T12,-1,738,325,2802,8198,2268,-9,46,232,-54,0,2989
2025-02-01T13,-2,712,324,2774,8213,2267,-186,45,233,-53,0,3045
2025-02-01T14,8,725,329,2829,7692,2266,277,44,204,-53,0,2826
2025-02-01T15,19,826,337,3386,7845,2267,547,46,234,-53,0,3038
2025-02-01T16,4,820,337,3418,8431,2266,1546,46,0,204,53,3002
2025-02-01T17,-49,679,339,2980,8214,2266,489,46,0,3000,194,2992
2025-02-01T18,-129,578,337,2568,8749,2266,-1172,46,0,9961,245,2955
2025-02-01T19,-154,466,330,2394,9659,2268,-2895,46,0,12818,246,2897
2025-02-01T20,-109,397,332,2289,10164,2268,-3574,46,0,12575,257,3070
2025-02-01T21,-153,391,335,2157,10761,2268,-4060,46,0,12305,257,3077
2025-02-01T22,-112,391,340,2295,10986,2268,-4226,46,0,12031,239,3062
2025-02-01T23,-40,396,336,2245,10600,2268,-3677,46,0,11161,205,3088
2025-02-02T00,41,544,338,2329,10038,2267,-2138,46,0,9904,214,3495
2025-02-02T01,100,766,344,2790,8225,2267,508,46,0,7287,113,3664
2025-02-02T02,88,993,344,3803,8261,2267,2968,46,0,2530,113,3316
2025-02-02T03,147,1130,350,3940,8612,2267,5007,46,0,35,145,2994
2025-02-02T04,137,1085,346,3860,9354,2266,4594,46,0,-56,125,2950
2025-02-02T05,88,997,352,3857,9728,2266,4205,46,0,-52,103,3040
2025-02-02T06,52,986,354,3666,9445,2267,3597,46,0,-50,57,3260
2025-02-02T07,20,1045,356,3667,8850,2268,3531,43,0,-50,28,3436
2025-02-02T08,7,1074,355,3557,8786,2268,2180,46,0,-50,1,3324
2025-02-02T09,-1,1026,357,3600,9017,2269,1321,46,0,-51,0,3141
2025-02-02T10,-11,849,359,3510,9359,2268,1417,46,199,-50,0,3177
2025-02-02T11,-35,731,363,3449,9748,2268,572,46,230,-51,0,3038
2025-02-02T12,-2,663,366,3198,10146,2268,291,46,229,-51,0,3211
2025-02-02T13,-23,633,366,3123,9622,2267,352,46,231,-51,0,3045
2025-02-02T14,-40,722,362,3005,9287,2267,443,46,232,-50,0,3060
2025-02-02T15,-18,895,367,3297,9342,2267,466,46,233,-44,2,3234
2025-02-02T16,15,774,364,3379,9061,2266,1309,46,219,352,100,3246
2025-02-02T17,-80,616,368,3191,8167,2266,198,46,0,4638,267,3131
2025-02-02T18,-172,503,357,2842,9921,2266,-3082,46,0,11320,272,2938
2025-02-02T19,-175,496,359,2976,11446,2268,-4701,46,0,12788,272,2911
2025-02-02T20,-137,498,353,2918,11885,2267,-5274,46,0,12315,271,3115
2025-02-02T21,-51,505,349,2922,11789,2267,-5409,46,0,11844,272,3233
2025-02-02T22,-40,505,350,2589,10442,2267,-4361,46,0,11246,273,3373
2025-02-02T23,-13,503,351,2749,9267,2267,-3369,46,0,10801,270,3337
2025-02-03T00,-1,560,349,2938,7910,2266,-1549,46,0,9550,225,3276
2025-02-03T01,8,645,348,3169,7581,2266,-50,46,0,8207,174,3307
2025-02-03T02,21,832,351,3891,9105,2265,2054,46,230,4648,117,3244
2025-02-03T03,49,1002,354,4072,10632,2265,4434,46,232,200,157,2966
2025-02-03T04,59,1058,352,4167,11019,2265,4560,46,233,2,157,2803
2025-02-03T05,76,1071,354,4185,11164,2265,4028,46,232,-55,122,2656
2025-02-03T06,28,1071,360,4104,11114,2265,3568,46,229,-53,76,2607
2025-02-03T07,0,1073,358,4126,10796,2266,3001,46,0,-52,3,2508
2025-02-03T08,-1,1041,360,3958,11274,2266,1470,46,0,-52,0,2430
2025-02-03T09,-1,919,360,3808,10703,2267,722,46,0,-52,0,2432
2025-02-03T10,0,864,359,3494,10372,2267,322,46,0,-52,0,2489
2025-02-03T11,0,860,362,3432,9628,2267,543,46,0,-52,0,2442
2025-02-03T12,-2,819,364,3417,10167,2267,16,46,0,-51,0,2352
2025-02-03T13,-15,863,368,3437,10774,2267,183,46,0,-51,0,2253
2025-02-03T14,-26,932,367,3420,10633,2267,720,46,0,-51,0,2255
2025-02-03T15,90,1068,372,3500,11331,2267,1670,46,0,-48,0,2085
2025-02-03T16,41,1163,369,3710,12755,2267,4734,46,0,280,36,1857
2025-02-03T17,31,1165,362,3493,13360,2266,2162,46,0,3730,155,1672
2025-02-03T18,44,1164,354,3258,13591,2266,-1536,46,0,9010,124,1556
2025-02-03T19,61,1164,357,3051,12164,2267,-2116,46,0,11006,145,1574
2025-02-03T20,-68,869,349,2781,12318,2266,-3106,46,0,12139,143,1847
2025-02-03T21,-2,766,348,2596,12402,2267,-3718,46,0,12647,136,2064
2025-02-03T22,-15,755,347,2538,12644,2267,-3745,46,0,12771,141,2204
2025-02-03T23,-133,938,352,2739,12635,2266,-3608,46,0,12450,88,2077
2025-02-04T00,-97,1110,350,2897,12772,2267,-2431,46,176,9885,91,2110
2025-02-04T01,-21,1121,348,3345,12968,2266,-850,46,230,7681,118,2199
2025-02-04T02,136,1080,350,3926,13454,2266,2529,46,467,2814,118,1985
2025-02-04T03,63,1122,347,4233,14684,2265,5459,46,471,81,127,1697
2025-02-04T04,155,1139,349,3940,15387,2266,5680,46,470,13,49,1600
2025-02-04T05,109,1125,352,3881,15075,2266,5826,44,471,18,39,1705
2025-02-04T06,28,1112,351,3882,14839,2265,4367,46,469,20,76,1760
2025-02-04T07,1,1124,359,3836,14846,2265,2940,46,0,19,3,1751
2025-02-04T08,-12,1065,349,3643,14352,2266,876,46,0,19,0,1920
2025-02-04T09,-1,1004,353,3547,14278,2267,-24,46,0,18,0,1936
2025-02-04T10,-58,907,356,3432,13776,2266,802,46,0,19,0,1925
2025-02-04T11,-62,784,361,3308,14281,2265,-133,46,0,18,0,2284
2025-02-04T12,-98,734,363,3031,14716,2267,-877,45,0,18,0,2711
2025-02-04T13,-1,736,363,3021,14481,2267,-839,44,0,18,0,2563
2025-02-04T14,61,887,363,3051,13761,2267,11,44,0,18,0,2656
2025-02-04T15,129,1082,367,3260,13800,2266,1550,45,0,27,2,2502
2025-02-04T16,6,1116,361,3355,14640,2266,3044,45,0,382,111,2588
2025-02-04T17,-54,984,353,3033,14224,2265,1584,45,0,3970,249,2650
2025-02-04T18,-175,793,358,2975,13267,2265,-2279,45,0,12098,289,2795
2025-02-04T19,-144,595,351,3034,12558,2265,-3062,46,0,14846,283,3067
2025-02-04T20,-130,428,353,2822,13480,2265,-3712,45,0,14461,294,3312
2025-02-04T21,-118,391,350,2474,14632,2266,-4611,46,0,14152,295,3808
2025-02-04T22,-78,390,349,2639,14912,2266,-4708,46,0,13434,297,4069
2025-02-04T23,-11,401,350,2763,14726,2266,-3722,46,0,11442,292,4192
2025-02-05T00,-10,594,337,2844,14244,2266,-2451,45,0,9962,243,4159
2025-02-05T01,12,824,333,3095,13947,2265,-768,46,0,7867,143,3928
2025-02-05T02,168,1008,351,3556,13730,2265,1785,46,180,3287,127,4262
2025-02-05T03,34,1071,348,3857,14919,2265,3694,44,180,137,134,4251
2025-02-05T04,26,1078,349,4016,14879,2265,4004,43,180,-22,134,3959
2025-02-05T05,9,1073,355,3812,14393,2265,4065,43,180,-49,180,4232
2025-02-05T06,0,1097,352,3460,13884,2265,3544,43,179,-47,72,4578
2025-02-05T07,0,1069,357,3300,13557,2265,3038,43,0,-46,3,4541
2025-02-05T08,-1,1051,356,3030,13396,2265,2132,43,0,-46,0,4367
2025-02-05T09,0,1095,359,3055,12655,2265,1106,43,0,-46,0,4405
2025-02-05T10,0,984,353,2997,11456,2265,483,43,0,-47,0,4366
2025-02-05T11,14,871,354,3073,11274,2265,166,43,0,-47,0,4113
2025-02-05T12,15,818,353,3068,11406,2266,-92,43,0,-46,0,3901
2025-02-05T13,1,807,354,3155,11369,2266,88,43,0,-47,0,3650
2025-02-05T14,144,969,353,3313,11343,2266,610,43,0,-47,0,3573
2025-02-05T15,146,1068,358,3694,12292,2267,1749,43,0,-37,1,3250
2025-02-05T16,62,992,352,3864,13478,2267,3388,44,0,398,48,3037
2025-02-05T17,12,823,350,3421,12625,2266,1691,44,0,4225,211,3041
2025-02-05T18,-151,612,351,2980,11784,2265,-1432,45,0,10626,245,2997
2025-02-05T19,-110,536,355,2661,11136,2265,-2871,45,0,13115,267,3003
2025-02-05T20,-93,503,350,2238,11716,2265,-3555,46,0,13884,249,2588
2025-02-05T21,-103,471,348,2108,12839,2264,-4358,46,0,13531,246,2476
2025-02-05T22,-138,432,344,2221,13251,2265,-4978,46,0,12943,164,2409
2025-02-05T23,-83,459,347,2286,12729,2265,-4402,46,0,12259,155,2457
2025-02-06T00,-49,625,345,1388,12172,2265,-2871,45,0,11165,63,2389
2025-02-06T01,64,853,347,2008,10955,2265,-884,45,170,9901,35,2354
2025-02-06T02,126,1065,346,3294,12212,2265,2193,46,193,5106,33,2275
2025-02-06T03,131,1132,343,3728,13878,2265,5026,46,191,288,49,2160
2025-02-06T04,111,1133,346,4421,14409,2264,4975,46,192,22,84,1977
2025-02-06T05,98,1133,336,4441,14534,2263,4795,46,192,16,173,1724
2025-02-06T06,35,1134,347,4343,14495,2264,4240,46,192,18,72,1796
2025-02-06T07,-1,1133,351,4332,14314,2265,2805,46,192,19,3,2089
2025-02-06T08,-1,1132,349,4038,14335,2265,1355,46,171,19,0,2369
2025-02-06T09,0,1065,356,3921,13930,2264,153,46,0,20,2,2517
2025-02-06T10,0,955,352,3701,12418,2264,609,46,0,19,0,2480
2025-02-06T11,0,902,353,3701,11965,2265,366,44,0,19,0,2618
2025-02-06T12,-1,894,356,3717,12246,2265,-3,46,0,19,0,2692
2025-02-06T13,0,942,358,3729,12132,2265,-94,46,0,19,0,2625
2025-02-06T14,0,972,361,3690,11940,2265,616,46,233,-8,0,2643
2025-02-06T15,13,1072,362,3774,12103,2265,1387,46,233,-34,1,2636
2025-02-06T16,-131,1085,361,3969,12867,2265,3531,46,213,391,69,2540
2025-02-06T17,-136,927,359,3971,12698,2264,1571,46,0,4413,122,2316
2025-02-06T18,-30,705,356,3596,13093,2263,-1184,46,0,10589,236,2477
2025-02-06T19,-17,475,349,3630,13674,2263,-2056,46,0,12032,200,3049
2025-02-06T20,35,392,346,3764,14252,2262,-2750,46,0,11357,238,3478
2025-02-06T21,38,391,352,3736,15048,2262,-3541,46,0,11949,265,3881
2025-02-06T22,44,393,348,3620,14653,2262,-3551,46,0,12522,268,3709
2025-02-06T23,46,496,323,3568,13676,2262,-3284,46,0,11838,239,3644
2025-02-07T00,22,653,296,3665,12978,2262,-2799,46,0,11211,221,4207
2025-02-07T01,-8,861,296,3885,12630,2262,-1175,45,219,8125,201,4061
2025-02-07T02,15,1087,299,4303,12524,2262,1423,44,237,2906,130,3974
2025-02-07T03,29,1200,301,4443,13392,2262,3875,46,237,116,135,3868
2025-02-07T04,10,1200,298,4429,13486,2261,4228,46,238,32,131,3595
2025-02-07T05,6,1197,299,4361,13344,2261,4079,46,236,-22,104,3618
2025-02-07T06,15,1197,302,4191,13121,2262,3572,45,236,-41,4,3545
2025-02-07T07,3,1185,304,4076,12486,2262,3105,45,231,-41,0,3687
2025-02-07T08,0,1010,297,3858,12025,2262,1985,45,230,-41,0,3627
2025-02-07T09,4,754,303,3907,11311,2262,1072,44,0,-42,0,3652
2025-02-07T10,-1,577,305,3896,11162,2262,710,44,0,-42,0,3597
2025-02-07T11,0,433,302,3937,11105,2262,296,45,0,-42,0,3260
2025-02-07T12,0,400,307,4073,11078,2263,8,46,0,-42,0,3101
2025-02-07T13,-1,480,305,4074,10306,2263,-6,46,0,-42,0,3144
2025-02-07T14,0,626,307,4058,9915,2263,540,45,0,-41,0,3177
2025-02-07T15,83,829,310,4120,10106,2263,1391,46,0,-35,1,3030
2025-02-07T16,-22,901,309,4219,10497,2263,3393,46,0,330,108,2865
2025-02-07T17,19,718,347,4077,10721,2262,1665,46,0,4155,235,2698
2025-02-07T18,-44,495,341,3926,10679,2262,-1263,46,0,10949,295,2557
2025-02-07T19,-57,395,339,3933,9375,2261,-1611,46,0,13494,288,2647
2025-02-07T20,-68,391,337,3807,8913,2261,-2539,46,0,14368,292,2779
2025-02-07T21,-96,390,330,3462,9960,2261,-3479,46,0,14579,298,3153
2025-02-07T22,-91,389,331,3333,10592,2260,-4333,46,0,13719,295,3772
2025-02-07T23,-108,389,331,3447,9997,2260,-3965,46,0,12200,277,4131
2025-02-08T00,-108,396,334,3593,10096,2261,-4047,46,0,11291,262,4455
2025-02-08T01,0,558,336,4071,9195,2262,-2234,46,210,9193,193,4804
2025-02-08T02,30,766,338,4848,7692,2262,1345,46,237,3636,117,5134
2025-02-08T03,-23,974,337,4870,8480,2263,4691,46,240,191,84,5170
2025-02-08T04,-77,983,341,4807,9068,2263,5043,46,236,-42,85,5003
2025-02-08T05,-4,993,343,4840,9520,2262,4805,46,236,-50,85,4834
2025-02-08T06,-1,1038,344,4815,9593,2263,3774,45,237,-47,61,4789
2025-02-08T07,-2,877,345,4431,9397,2262,3226,45,236,-47,25,4811
2025-02-08T08,0,700,348,4237,8991,2263,2342,44,236,-45,48,4780
2025-02-08T09,14,627,350,4196,8911,2262,1160,46,234,-46,46,4438
2025-02-08T10,52,561,351,4205,8964,2262,547,46,237,-46,0,4151
2025-02-08T11,74,447,353,4177,8822,2262,620,46,237,-47,0,3860
2025-02-08T12,76,422,351,4175,7956,2262,535,46,237,-47,0,3874
2025-02-08T13,74,430,355,4180,7598,2262,579,46,237,-47,0,3985
2025-02-08T14,75,508,360,4231,7534,2263,772,46,237,-47,0,3808
2025-02-08T15,131,688,357,4377,8178,2264,1310,46,235,-40,3,3714
2025-02-08T16,68,731,360,4288,8591,2264,1977,46,213,379,126,3542
2025-02-08T17,-71,535,361,3995,8038,2264,311,46,3,4713,275,3309
2025-02-08T18,-128,397,359,3348,8499,2263,-3241,46,0,12276,174,3119
2025-02-08T19,-121,390,359,2809,9548,2263,-4650,46,0,13440,284,2933
2025-02-08T20,-120,434,362,2494,9868,2263,-4981,46,0,13167,289,2447
2025-02-08T21,-113,426,358,2436,10091,2263,-5107,46,0,12044,291,2406
2025-02-08T22,-81,454,359,2385,8695,2263,-4315,46,0,12213,291,2633
2025-02-08T23,-79,534,357,2391,8105,2262,-3752,46,0,11184,267,2874
2025-02-09T00,-12,701,356,2784,7292,2262,-2205,46,0,9998,197,2880
2025-02-09T01,61,929,356,3835,6535,2261,-1128,46,12,9169,229,2890
2025-02-09T02,97,1105,357,4435,6759,2262,1439,46,235,4934,151,3062
2025-02-09T03,38,1122,360,4869,7204,2264,4314,46,237,248,135,3487
2025-02-09T04,149,1131,364,4945,8143,2264,4458,46,236,-54,134,3337
2025-02-09T05,143,1145,365,4923,8513,2263,4368,45,237,-50,115,3071
2025-02-09T06,123,1129,365,4924,9024,2263,4715,45,238,-49,30,2290
2025-02-09T07,57,1000,367,4590,9351,2264,4814,46,235,-47,1,1435
2025-02-09T08,4,992,361,4290,10376,2264,3277,46,235,-47,0,1039
2025-02-09T09,-1,988,369,4139,10486,2264,1846,46,236,-47,0,846
2025-02-09T10,-1,986,366,4037,10570,2264,1709,46,236,-46,0,680
2025-02-09T11,-2,986,367,4024,10525,2265,1034,46,184,-47,0,666
2025-02-09T12,0,987,364,3990,10411,2266,853,46,183,-47,0,784
2025-02-09T13,-1,987,366,3989,10522,2266,685,46,184,-47,0,885
2025-02-09T14,0,1028,365,3970,10412,2266,837,46,183,-48,0,813
2025-02-09T15,-2,1122,364,4183,10645,2267,1143,46,183,-39,3,962
2025-02-09T16,-13,1138,363,4295,10488,2268,2034,46,0,310,110,1091
2025-02-09T17,-48,1029,359,3859,9531,2267,506,46,0,3921,211,1041
2025-02-09T18,-148,843,357,3713,8610,2266,-1885,46,0,11410,216,905
2025-02-09T19,-180,600,358,3054,9016,2267,-3842,46,0,13431,225,1121
2025-02-09T20,-20,479,358,2706,8836,2266,-4064,46,0,13146,225,1275
2025-02-09T21,-53,532,356,2317,9301,2265,-4814,46,0,13534,225,1244
2025-02-09T22,-23,503,362,2369,9439,2265,-4999,46,0,13913,217,1202
2025-02-09T23,-2,552,359,2837,8634,2264,-3944,46,0,13079,216,1009
2025-02-10T00,4,738,347,3273,7755,2265,-2401,46,0,12167,222,902
2025-02-10T01,63,960,345,3742,7906,2264,-529,46,0,9290,189,880
2025-02-10T02,123,1121,348,4305,8712,2263,1254,46,0,4605,129,847
2025-02-10T03,85,1130,354,4651,10361,2265,4031,46,5,386,122,850
2025-02-10T04,64,1129,349,4651,11428,2266,4332,46,198,-12,82,911
2025-02-10T05,40,1069,354,4736,12037,2267,3820,46,195,-50,81,959
2025-02-10T06,-1,1029,351,4727,12603,2266,3768,44,195,-48,93,955
2025-02-10T07,-2,908,358,4550,12912,2267,2740,46,195,-46,55,940
2025-02-10T08,-1,924,362,4350,12784,2267,1456,46,194,-47,2,970
2025-02-10T09,9,930,361,4174,12723,2265,613,46,0,-48,0,1016
2025-02-10T10,7,929,363,3964,12648,2264,1428,46,0,-48,0,1028
2025-02-10T11,10,891,365,3914,12719,2264,1006,46,0,-49,0,1112
2025-02-10T12,0,886,367,3895,12981,2265,393,46,0,-48,0,1231
2025-02-10T13,0,911,365,3921,12972,2265,322,46,0,-48,0,1394
2025-02-10T14,-1,1031,364,3648,12995,2265,1183,46,0,-48,0,1222
2025-02-10T15,-1,1117,366,3439,13550,2266,2663,46,0,-39,4,1056
2025-02-10T16,9,1132,364,3610,14209,2266,4178,46,0,502,156,1012
2025-02-10T17,-66,986,359,3157,12762,2266,1950,46,0,5221,306,937
2025-02-10T18,-26,784,362,2876,10885,2266,-647,46,0,12129,308,839
2025-02-10T19,-86,561,367,2446,10018,2266,-1717,46,0,14529,298,858
2025-02-10T20,-61,398,363,2306,10496,2266,-2708,46,0,14557,300,1021
2025-02-10T21,-62,392,358,2291,11759,2266,-4167,46,0,14542,301,1457
2025-02-10T22,-75,392,361,2281,11749,2265,-4754,46,0,14910,304,1674
2025-02-10T23,-85,400,358,2082,11504,2263,-4535,46,0,14972,305,2064
2025-02-11T00,-84,585,369,2084,11541,2263,-4559,46,0,14325,279,2426
2025-02-11T01,-16,827,378,2642,10742,2263,-2521,46,0,11444,259,2725
2025-02-11T02,8,1051,370,3519,10275,2263,1151,46,224,6128,141,3114
2025-02-11T03,9,1130,372,3923,11586,2265,4397,46,233,391,148,3546
2025-02-11T04,14,1186,375,4587,12476,2268,4938,46,233,-45,129,3117
2025-02-11T05,38,1191,376,4615,12484,2267,3938,46,233,-41,104,3490
2025-02-11T06,74,1192,373,4375,12407,2266,3098,46,230,-39,56,3914
2025-02-11T07,36,1192,378,4104,12425,2267,2617,46,0,-40,95,3962
2025-02-11T08,-1,1124,373,3949,11870,2268,1630,46,0,-40,4,4179
2025-02-11T09,-8,993,378,3883,11498,2268,545,45,0,-40,0,4400
2025-02-11T10,-12,876,382,3793,10782,2268,1259,46,0,-46,0,4357
2025-02-11T11,-20,859,380,3776,11121,2268,567,46,0,-47,0,4242
2025-02-11T12,-21,913,385,3720,11234,2269,296,46,0,-48,0,3940
2025-02-11T13,35,975,380,3768,11547,2269,195,46,0,-47,0,3858
2025-02-11T14,148,1088,383,3568,11456,2268,1143,46,0,-48,0,3842
2025-02-11T15,149,1135,385,3418,12442,2270,2434,46,233,-39,2,3715
2025-02-11T16,82,1170,374,3662,14261,2270,4165,46,222,429,49,3528
2025-02-11T17,7,1095,378,3254,13422,2272,2743,46,0,4594,155,3257
2025-02-11T18,-13,932,366,3041,10249,2272,-297,46,0,11679,173,3036
2025-02-11T19,-116,721,373,2472,10355,2273,-2070,46,0,14402,233,3198
2025-02-11T20,-116,478,372,1965,11309,2272,-3880,46,0,14834,257,3338
2025-02-11T21,-116,392,369,1836,12056,2269,-4691,46,0,14976,254,3312
2025-02-11T22,-119,390,371,1883,12291,2267,-4915,46,0,15082,205,3351
2025-02-11T23,-113,408,380,2545,13052,2265,-5449,46,0,15550,200,3806
2025-02-12T00,-85,618,377,2840,12261,2265,-4123,46,0,13727,250,3902
2025-02-12T01,75,862,379,3104,11585,2264,-1866,46,0,10631,268,3773
2025-02-12T02,89,1071,373,3714,11422,2264,2555,46,231,4180,126,3961
2025-02-12T03,94,1179,376,4058,12438,2265,6161,46,233,194,129,3883
2025-02-12T04,62,1159,380,4793,13468,2266,6111,46,234,-43,150,3544
2025-02-12T05,135,1173,381,4828,13712,2268,5396,46,233,-40,133,3282
2025-02-12T06,113,1187,378,4603,13802,2269,4392,46,231,-39,82,3247
2025-02-12T07,54,1159,381,4309,13476,2269,3740,45,0,-39,58,2806
2025-02-12T08,3,1143,393,4070,13701,2271,2096,46,0,-43,2,2646
2025-02-12T09,0,1147,0,3910,13546,2274,340,46,0,-50,0,2982
2025-02-12T10,0,1145,0,3904,13950,2272,-652,46,0,-50,0,3472
2025-02-12T11,0,1076,0,3738,14558,2270,-1684,46,0,-51,0,3956
2025-02-12T12,0,1006,0,3882,14787,2271,-1726,46,0,-51,0,3785
2025-02-12T13,0,1074,0,3825,14847,2272,-1530,46,0,-52,0,3489
2025-02-12T14,0,1145,0,3800,14250,2271,-346,46,0,-52,0,3094
2025-02-12T15,0,1168,0,3670,14467,2270,1725,46,0,-43,0,2891
2025-02-12T16,0,1185,0,4051,15316,2271,3036,46,0,345,41,2680
2025-02-12T17,0,1148,0,3686,15060,2270,1501,46,0,3199,143,2564
2025-02-12T18,0,1048,0,3436,14589,2269,-1789,45,0,8088,170,2391
2025-02-12T19,0,896,0,3129,14983,2269,-3033,40,0,10148,179,2258
2025-02-12T20,0,840,0,2979,15382,2268,-3789,43,0,11122,163,2184
2025-02-12T21,0,839,0,2889,14962,2268,-3738,45,0,11714,141,2195
2025-02-12T22,0,962,0,2822,15423,2267,-4092,44,0,10693,141,2143
2025-02-12T23,0,1000,0,2908,15607,2266,-3458,44,0,8792,113,2013
2025-02-13T00,0,1120,0,2842,14230,2265,-1009,44,0,5953,131,1951
2025-02-13T01,0,1172,0,3110,14131,2266,135,45,0,3642,102,1856
2025-02-13T02,0,1188,0,3663,14851,2266,2035,45,223,1409,41,1728
2025-02-13T03,2,1194,0,4045,15348,2265,3817,45,233,26,87,1447
2025-02-13T04,3,1193,0,4740,15640,2266,3874,46,233,-41,56,1121
2025-02-13T05,1,1163,0,4678,15309,2266,3344,44,232,-52,9,853
2025-02-13T06,0,1163,0,4359,15021,2266,3019,45,228,-54,129,737
2025-02-13T07,0,1171,0,4225,14786,2266,2432,46,0,-54,6,1176
2025-02-13T08,0,1173,0,4030,14665,2267,847,46,0,-55,0,1675
2025-02-13T09,0,1202,555,3945,15109,2267,-689,46,0,-55,0,2208
2025-02-13T10,-2,1202,552,3801,14237,2267,-1055,46,0,-55,0,2297
2025-02-13T11,0,1202,555,3782,13648,2268,-1211,45,0,-56,0,2633
2025-02-13T12,0,1183,559,3814,13473,2269,-1448,44,0,-56,0,2727
2025-02-13T13,0,1172,560,3519,12863,2266,-1080,45,0,-57,0,2851
2025-02-13T14,0,1162,559,3735,13268,2265,-1092,46,0,-56,0,3131
2025-02-13T15,-8,1192,556,3631,13146,2265,128,45,0,-57,0,2864
2025-02-13T16,15,1163,554,3873,13848,2265,1526,45,0,62,2,2787
2025-02-13T17,-2,1140,555,3573,14076,2266,1975,42,0,769,7,2642
2025-02-13T18,-4,1129,521,3562,14747,2266,1825,32,0,1339,13,2540
2025-02-13T19,-15,1129,559,3192,15895,2265,1074,32,0,2318,38,2568
2025-02-13T20,0,1171,544,3291,15063,2266,923,31,68,3138,40,3027
2025-02-13T21,-1,1136,542,3369,14738,2266,220,35,181,3881,46,3787
2025-02-13T22,-20,1176,544,3517,14562,2266,-175,45,194,4361,111,4524
2025-02-13T23,-18,1133,540,3477,15212,2265,-1574,46,181,5407,40,4713
2025-02-14T00,-21,1136,544,3648,14508,2265,-305,46,212,4654,30,4122
2025-02-14T01,-5,1128,540,4192,13784,2265,423,45,235,2449,20,4423
2025-02-14T02,0,1100,536,4507,13960,2265,1431,45,448,1106,0,3576
2025-02-14T03,21,1140,548,4947,15627,2265,1875,45,447,98,48,3321
2025-02-14T04,12,1173,540,5227,15820,2265,1467,46,430,-30,3,3103
2025-02-14T05,9,1152,544,5258,14978,2266,930,46,410,-42,3,3092
2025-02-14T06,20,1139,544,5149,14430,2266,676,46,378,-42,53,3013
2025-02-14T07,0,1147,546,4991,13972,2266,393,46,0,-42,4,3156
2025-02-14T08,-1,1056,546,4680,13217,2266,85,43,0,-42,1,3531
2025-02-14T09,0,1128,550,4520,11725,2266,-64,44,0,-43,1,3527
2025-02-14T10,0,1087,549,4462,10942,2265,-58,46,0,-49,1,3540
2025-02-14T11,0,1011,548,4465,9485,2265,-114,45,0,-53,1,3571
2025-02-14T12,-1,996,555,4486,8967,2265,-453,46,0,-54,1,3825
2025-02-14T13,0,946,546,4507,8708,2265,-589,45,0,-53,1,4058
2025-02-14T14,-1,1074,549,4332,8598,2263,-6,46,0,-54,0,4099
2025-02-14T15,-1,1163,554,4021,9256,2264,714,45,0,-37,3,4091
2025-02-14T16,-9,1185,544,4136,9495,2264,1875,46,0,424,62,4251
2025-02-14T17,0,1035,547,3685,9046,2264,133,45,0,4914,204,4677
2025-02-14T18,-14,841,545,3394,8337,2264,-1762,46,0,11571,196,5411
2025-02-14T19,-15,645,548,3318,8487,2265,-3158,46,0,13792,181,5558
2025-02-14T20,-17,448,540,2826,8713,2265,-4089,46,0,13801,188,5645
2025-02-14T21,-20,391,542,2420,8989,2264,-4353,46,0,13586,167,5804
2025-02-14T22,-19,393,543,2325,9200,2264,-4699,46,0,13588,170,5807
2025-02-14T23,1,394,547,2444,8815,2264,-4250,46,0,12371,158,5662
2025-02-15T00,1,473,542,2258,7702,2263,-2856,46,0,11729,142,5653
2025-02-15T01,11,671,555,3115,7068,2264,-1137,46,182,10639,85,5315
2025-02-15T02,9,897,553,3917,7106,2264,753,46,180,5472,87,4977
2025-02-15T03,20,1052,556,4231,8108,2264,3505,45,179,444,86,5220
2025-02-15T04,10,1126,559,4406,8392,2265,4235,46,179,55,83,4937
2025-02-15T05,23,1109,562,4403,9278,2266,3315,46,179,5,85,4723
2025-02-15T06,-1,1132,556,4494,9369,2267,2873,46,0,-34,140,4525
2025-02-15T07,0,1104,564,4524,9428,2267,1958,46,0,-49,10,4135
2025-02-15T08,0,1097,566,4224,9330,2267,1333,46,0,-49,46,4046
2025-02-15T09,-1,1129,563,3970,9318,2267,531,46,0,-50,1,4174
2025-02-15T10,0,1078,564,3877,9008,2268,1064,46,0,-49,0,3764
2025-02-15T11,1,1083,562,3892,8750,2268,799,46,0,-49,0,3406
2025-02-15T12,-1,1040,561,3884,8577,2269,654,43,0,-50,0,3247
2025-02-15T13,0,982,556,3899,8911,2268,229,46,0,-49,0,3102
2025-02-15T14,0,941,558,3923,8435,2268,1341,46,188,-50,0,2512
2025-02-15T15,-2,1076,559,4042,9079,2267,2056,46,230,-34,0,1822
2025-02-15T16,-5,955,563,4072,8706,2268,3066,46,232,694,4,1954
2025-02-15T17,3,771,556,3885,7693,2268,822,46,230,6105,13,1754
2025-02-15T18,0,579,526,3532,7474,2270,-2251,46,0,13254,131,1525
2025-02-15T19,-2,399,444,3281,9142,2270,-4262,46,0,14842,240,1536
2025-02-15T20,0,389,446,2852,9156,2270,-4510,46,0,14629,199,1589
2025-02-15T21,-1,393,444,2390,9573,2269,-5131,46,0,14104,343,1620
2025-02-15T22,0,393,446,2226,9360,2270,-5232,46,0,13575,273,1539
2025-02-15T23,-1,448,448,2606,8462,2269,-4245,46,0,12629,264,1508
2025-02-16T00,4,603,529,2887,7696,2270,-3119,46,0,11560,205,1447
2025-02-16T01,-3,821,538,3863,6898,2268,-911,46,219,9068,132,1428
2025-02-16T02,-1,1034,547,4536,7922,2268,1471,46,451,5346,101,1460
2025-02-16T03,7,1126,553,4778,9827,2269,4472,46,471,501,88,1290
2025-02-16T04,1,1133,564,4913,11066,2269,4734,46,470,-38,74,1407
2025-02-16T05,0,1132,565,4935,11279,2270,4035,46,472,-34,87,1507
2025-02-16T06,0,1125,574,4826,11391,2272,3389,46,467,-33,70,1535
2025-02-16T07,-1,1124,572,4571,11159,2272,2729,46,0,-31,3,1545
2025-02-16T08,-1,1113,576,4286,10955,2273,1803,45,0,-32,0,1452
2025-02-16T09,0,1131,577,4147,10046,2272,1669,46,0,-32,0,1312
2025-02-16T10,0,1125,581,4186,9412,2271,1651,46,0,-31,0,955
2025-02-16T11,-1,1131,581,4139,9410,2272,1262,46,0,-32,0,846
2025-02-16T12,0,1075,585,4070,9656,2272,533,46,0,-32,0,939
2025-02-16T13,0,1091,585,4197,9616,2271,60,46,0,-32,0,1176
2025-02-16T14,-1,1111,584,4113,9236,2268,345,46,0,-32,0,1267
2025-02-16T15,-5,1119,590,3880,9182,2269,1509,46,230,-20,1,1199
2025-02-16T16,-7,1034,582,4057,8743,2270,2525,46,213,487,28,1277
2025-02-16T17,0,855,570,3698,7731,2270,443,46,0,4673,136,1213
2025-02-16T18,-2,630,564,3386,7293,2271,-1863,46,0,11716,292,1195
2025-02-16T19,-1,430,560,3162,8108,2271,-3182,46,0,13679,352,1113
2025-02-16T20,0,393,555,2942,9135,2271,-4509,46,0,14584,354,1048
2025-02-16T21,0,393,551,2719,9623,2270,-5134,46,0,14738,352,1089
2025-02-16T22,-1,394,550,2724,8736,2269,-4421,46,0,14437,300,1263
2025-02-16T23,0,488,545,2752,8766,2269,-4529,46,0,13943,289,1821
2025-02-17T00,0,575,552,2829,8457,2269,-3749,46,0,12708,208,2192
2025-02-17T01,-1,768,554,3155,7852,2270,-1673,46,7,10447,165,2093
2025-02-17T02,-1,996,551,3892,6614,2269,1438,46,232,4865,101,2153
2025-02-17T03,6,1144,555,4396,7060,2269,4997,46,232,458,88,2179
2025-02-17T04,1,1107,556,5001,7447,2270,5385,46,231,-29,89,2539
2025-02-17T05,0,1130,559,5231,7756,2269,4557,46,0,-25,109,2855
2025-02-17T06,0,1128,566,5041,7742,2269,3621,46,0,-23,34,2945
2025-02-17T07,-1,949,580,4655,7761,2271,2659,46,0,-25,53,3335
2025-02-17T08,0,783,581,4335,8057,2272,1120,46,0,-26,3,3748
2025-02-17T09,0,766,391,4079,7577,2272,628,46,0,-27,1,4109
2025-02-17T10,0,714,392,4067,7553,2272,347,46,0,-26,1,4343
2025-02-17T11,0,683,392,3992,7630,2272,-215,46,0,-27,1,4321
2025-02-17T12,0,661,392,3988,7837,2273,-491,46,0,-27,1,4272
2025-02-17T13,0,727,390,3941,7574,2273,-68,46,0,-27,1,4051
2025-02-17T14,0,861,396,3893,7500,2273,489,46,0,-27,1,3838
2025-02-17T15,0,1058,397,3925,7768,2274,1493,46,0,-10,4,3939
2025-02-17T16,0,1091,400,4003,8021,2272,2816,46,0,503,120,4167
2025-02-17T17,0,912,393,3675,7779,2271,629,46,0,4828,129,3553
2025-02-17T18,0,758,389,3455,7918,2273,-2070,46,0,12094,131,3804
2025-02-17T19,0,679,385,3202,8756,2273,-3497,46,0,14459,114,3849
2025-02-17T20,0,730,386,2979,9326,2273,-4506,46,0,14668,107,3925
2025-02-17T21,0,706,382,2741,9681,2272,-5160,46,0,13694,118,4229
2025-02-17T22,0,727,379,2742,9703,2271,-5362,46,0,13545,126,4553
2025-02-17T23,0,841,377,2822,8696,2271,-4411,46,0,13211,106,4272
2025-02-18T00,0,1028,379,2999,8375,2272,-3378,46,0,12233,115,4133
2025-02-18T01,0,1107,380,3511,7091,2272,-1249,46,0,10338,117,4226
2025-02-18T02,0,1089,378,4243,6825,2273,1414,46,235,4902,99,4284
2025-02-18T03,6,1125,382,4645,7504,2273,5002,46,467,534,82,4207
2025-02-18T04,2,1153,386,4992,7916,2273,6183,46,467,-18,83,4247
2025-02-18T05,1,1159,391,5133,8303,2271,5170,46,236,-28,111,4374
2025-02-18T06,0,1151,387,4963,8615,2271,4082,46,230,-26,81,4267
2025-02-18T07,0,1047,387,4607,9021,2271,3227,46,0,-25,4,3971
2025-02-18T08,0,986,389,4203,8724,2271,1770,46,0,-25,0,3891
2025-02-18T09,0,965,0,4166,8358,2272,667,46,0,-26,0,3798
2025-02-18T10,0,888,0,4043,8156,2272,324,46,0,-26,0,3723
2025-02-18T11,0,809,0,3790,7814,2272,147,46,0,-27,0,3435
2025-02-18T12,0,782,0,3810,8131,2274,-151,46,0,-27,0,3391
2025-02-18T13,0,926,0,3974,7756,2274,32,46,0,-27,0,3404
2025-02-18T14,0,1001,0,3946,8388,2272,168,44,0,-27,0,3394
2025-02-18T15,0,1117,0,3831,9391,2273,1097,44,191,4,5,3338
2025-02-18T16,0,1203,0,3851,10420,2274,2501,46,0,767,108,2908
2025-02-18T17,0,1155,0,3305,10472,2273,-56,46,0,6319,127,2270
2025-02-18T18,0,993,0,3117,10199,2273,-2453,46,0,13624,246,1606
2025-02-18T19,0,782,0,2674,11286,2272,-4076,46,0,15826,287,948
2025-02-18T20,0,620,0,2415,11895,2273,-4986,46,0,15197,313,1060
2025-02-18T21,0,615,0,1939,12080,2273,-5607,46,0,14829,297,1526
2025-02-18T22,0,619,0,1756,11552,2273,-5476,46,0,14546,334,1572
2025-02-18T23,0,753,0,1899,10922,2274,-4657,46,0,13507,274,1579
2025-02-19T00,0,972,0,2356,9891,2274,-2883,44,0,12338,211,1407
2025-02-19T01,0,1114,0,3140,9615,2274,-1392,45,0,10575,132,1352
2025-02-19T02,0,1180,0,3809,10544,2274,1788,46,185,5869,102,995
2025-02-19T03,6,1192,0,4208,12216,2275,5151,46,366,593,85,661
2025-02-19T04,3,1196,0,4483,12979,2275,5765,46,365,-13,84,586
2025-02-19T05,0,1172,0,4634,12969,2275,5183,46,426,-15,81,578
2025-02-19T06,0,1171,0,4422,13166,2275,4643,46,468,-12,73,658
2025-02-19T07,0,1186,0,4227,13245,2274,3194,46,0,-12,4,743
2025-02-19T08,0,1194,0,3744,12888,2273,1999,46,0,-11,0,627
2025-02-19T09,21,1194,402,3749,12834,2273,795,46,0,-12,0,605
2025-02-19T10,38,1121,400,3852,12602,2273,614,46,0,-12,0,541
2025-02-19T11,0,1069,403,3683,12129,2274,440,46,0,-13,0,432
2025-02-19T12,-1,1063,399,3633,12057,2275,147,46,0,-14,0,474
2025-02-19T13,-2,1105,399,3691,12229,2274,46,45,0,-13,0,441
2025-02-19T14,-2,1186,402,3680,12560,2273,280,46,0,-13,0,507
2025-02-19T15,1,1197,404,3732,13942,2274,267,46,0,18,2,445
2025-02-19T16,-5,1161,401,3833,14963,2273,1296,46,0,674,59,511
2025-02-19T17,-22,1157,399,3374,13800,2272,-421,46,0,5806,167,766
2025-02-19T18,-63,1142,365,2871,10851,2271,-1412,46,0,12536,170,651
2025-02-19T19,-109,984,350,2687,11849,2271,-3547,46,0,15145,204,564
2025-02-19T20,-107,812,348,2489,12276,2271,-4383,46,0,15303,230,600
2025-02-19T21,-107,800,349,2480,13050,2271,-5144,46,0,15834,236,563
2025-02-19T22,-91,826,344,2529,12884,2270,-5453,46,0,15666,248,725
2025-02-19T23,-78,812,345,2347,11953,2271,-4654,46,0,15231,257,1114
2025-02-20T00,24,1000,344,2425,11182,2272,-3439,46,0,13532,206,1464
2025-02-20T01,45,1172,343,3174,10231,2273,-2100,46,0,12239,156,1420
2025-02-20T02,4,1180,348,3959,9630,2274,1167,46,0,6654,163,1571
2025-02-20T03,14,1195,349,4373,10380,2274,4896,46,0,571,204,1587
2025-02-20T04,12,1205,352,4633,10967,2274,5462,46,0,-47,158,1779
2025-02-20T05,10,1204,352,4710,11070,2273,4528,46,0,-41,172,2166
2025-02-20T06,0,1199,351,4585,10757,2274,3910,45,0,-38,0,2306
2025-02-20T07,0,1195,350,4229,10788,2275,2871,45,0,-37,0,2626
2025-02-20T08,-1,1146,356,3948,10793,2273,1153,46,0,-37,0,2914
2025-02-20T09,-1,1175,355,3764,9613,2273,168,46,0,-37,0,3191
2025-02-20T10,-1,1096,356,3845,8359,2273,294,46,0,-37,0,3504
2025-02-20T11,0,1045,356,3859,8546,2273,-403,46,0,-37,0,3366
2025-02-20T12,1,1036,359,3866,9034,2274,-753,46,0,-37,0,3088
2025-02-20T13,64,1034,353,3950,8607,2274,-254,46,0,-37,0,2635
2025-02-20T14,150,1078,352,3995,8523,2273,336,46,0,-37,0,3226
2025-02-20T15,118,1120,350,3943,9036,2275,1732,46,0,8,0,2897
2025-02-20T16,48,1132,352,3791,9013,2274,3432,46,0,993,90,2756
2025-02-20T17,-93,1011,347,3568,8836,2273,549,46,0,7074,287,1882
2025-02-20T18,-76,826,344,3313,8118,2273,-1560,46,0,13796,332,1286
2025-02-20T19,-106,619,339,3007,8664,2274,-3306,46,0,15532,340,1079
2025-02-20T20,-96,435,332,2971,9880,2272,-4923,46,0,16126,340,1501
2025-02-20T21,-102,408,330,2774,10299,2272,-5327,46,0,15961,339,1847
2025-02-20T22,-108,407,332,2483,10031,2271,-5444,46,0,16080,330,1684
2025-02-20T23,-107,419,328,2424,9810,2272,-5175,46,0,15224,315,1577
2025-02-21T00,-19,614,329,2237,8948,2273,-3722,46,0,13922,299,1717
2025-02-21T01,29,834,331,3170,8182,2273,-2193,46,0,12578,289,1512
2025-02-21T02,6,1023,329,3906,8388,2273,821,46,0,7828,165,1308
2025-02-21T03,15,1090,330,4370,10525,2275,4569,46,177,802,140,1140
2025-02-21T04,99,1099,336,4571,11611,2274,4983,46,179,-5,96,875
2025-02-21T05,102,1056,332,4655,11937,2272,4576,46,179,-47,126,733
2025-02-21T06,-2,1086,339,4402,11747,2271,3959,46,179,-43,82,841
2025-02-21T07,0,1126,344,4391,11736,2271,3444,46,179,-43,7,1056
2025-02-21T08,8,1010,344,4205,11344,2272,2247,46,179,-43,52,984
2025-02-21T09,57,825,342,4135,10684,2273,1402,46,1,-42,3,1080
2025-02-21T10,0,593,339,4022,10631,2273,1044,46,0,-42,0,1227
2025-02-21T11,0,479,344,3906,10954,2273,303,45,0,-43,0,1235
2025-02-21T12,0,445,345,3918,10807,2275,24,45,0,-42,0,1310
2025-02-21T13,84,469,347,3990,10786,2275,-72,46,0,-43,0,1601
2025-02-21T14,149,645,353,3902,10879,2275,1166,46,0,-43,9,1349
2025-02-21T15,93,846,350,3912,11337,2275,2047,46,0,-4,15,1038
2025-02-21T16,-4,867,348,3686,11573,2276,3209,46,0,1080,108,869
2025-02-21T17,-1,684,353,3437,11174,2275,-36,46,0,7965,293,925
2025-02-21T18,-3,486,345,3237,10233,2274,-2873,46,0,14237,340,1017
2025-02-21T19,-116,399,343,2493,10998,2272,-4048,46,0,16583,340,1217
2025-02-21T20,-110,392,340,2249,11359,2272,-5150,45,0,16792,340,1167
2025-02-21T21,-109,392,344,1965,11148,2273,-5470,46,0,16518,340,883
2025-02-21T22,-113,393,340,1701,11406,2272,-6088,46,0,17408,340,690
2025-02-21T23,-112,401,339,1781,10243,2272,-5033,46,0,16390,340,612
2025-02-22T00,-114,567,341,1790,9233,2273,-3644,46,0,14398,339,569
2025-02-22T01,-4,672,342,2771,8418,2274,-2020,46,194,12830,294,556
2025-02-22T02,150,805,343,3651,8309,2274,859,46,236,7704,176,535
2025-02-22T03,47,912,341,4287,10107,2274,4509,46,236,708,147,423
2025-02-22T04,19,937,343,4753,10598,2274,5034,46,237,-51,130,303
2025-02-22T05,20,894,349,4868,10748,2273,4686,46,237,-45,115,268
2025-02-22T06,5,838,350,4744,10840,2272,3933,46,237,-42,76,223
2025-02-22T07,16,725,349,4402,10739,2272,3489,46,235,-42,4,238
2025-02-22T08,13,644,352,4132,10737,2272,2301,44,233,-41,1,334
2025-02-22T09,57,657,342,3993,10291,2271,1702,44,0,-41,0,331
2025-02-22T10,0,596,339,4038,9418,2271,1647,46,0,-41,0,317
2025-02-22T11,0,519,344,4063,9103,2272,961,46,0,-41,0,267
2025-02-22T12,0,468,345,4002,8838,2272,309,46,0,-41,0,297
2025-02-22T13,84,465,347,3984,8535,2271,305,46,0,-41,0,394
2025-02-22T14,149,574,353,3965,8367,2271,558,46,0,-42,0,417
2025-02-22T15,93,735,350,4159,8018,2272,1418,46,0,18,12,392
2025-02-22T16,-4,615,348,4000,7628,2272,2211,46,0,1254,157,376
2025-02-22T17,-1,434,353,3670,6458,2270,-721,44,0,7974,265,273
2025-02-22T18,-3,394,345,3085,8319,2271,-3803,45,0,12976,304,292
2025-02-22T19,-116,427,343,2653,8733,2272,-4332,46,0,13624,327,247
2025-02-22T20,-110,428,340,2160,9783,2271,-5351,46,0,13820,327,309
2025-02-22T21,-109,478,344,1586,9920,2272,-5726,46,0,13544,329,504
2025-02-22T22,-113,415,340,1781,9211,2273,-5130,46,0,12891,324,569
2025-02-22T23,-112,394,339,2009,8416,2272,-4543,46,0,12294,256,534
2025-02-23T00,-114,394,341,2255,7356,2271,-3066,46,0,11275,290,561
2025-02-23T01,-3,475,342,2766,6269,2272,-1337,46,217,9612,294,633
2025-02-23T02,150,630,343,4032,5736,2274,920,46,229,6220,163,723
2025-02-23T03,44,783,341,4475,5944,2274,4331,46,237,714,148,914
2025-02-23T04,19,816,343,4838,6172,2273,4948,46,198,-63,120,1130
2025-02-23T05,20,734,349,4796,6096,2272,4516,46,202,-58,116,1340
2025-02-23T06,5,623,350,4636,6094,2272,4171,46,224,-54,65,1450
2025-02-23T07,16,444,349,4351,5935,2272,3644,46,182,-54,2,1737
2025-02-23T08,13,424,352,4210,5775,2272,2198,46,0,-53,0,2288
2025-02-23T09,-1,396,351,3925,5793,2272,1498,46,0,-54,0,2130
2025-02-23T10,0,390,350,3857,5006,2272,1008,46,0,-53,0,1872
2025-02-23T11,105,391,358,3742,4230,2273,626,46,0,-44,0,1845
2025-02-23T12,1,390,357,3669,4161,2276,481,46,0,-53,0,1867
2025-02-23T13,97,390,357,3833,4086,2276,149,46,0,-53,0,1826
2025-02-23T14,99,390,359,3862,3820,2273,548,46,0,-52,0,1702
2025-02-23T15,119,393,360,3926,4325,2274,1530,46,0,7,18,1469
2025-02-23T16,-6,469,377,3534,4317,2273,1628,46,0,1083,125,1389
2025-02-23T17,-86,400,372,3215,4605,2271,-988,45,0,7797,222,1413
2025-02-23T18,-158,391,363,2561,7810,2272,-3818,46,0,11330,338,1371
2025-02-23T19,-130,391,366,2572,9768,2272,-5477,46,0,12012,353,1300
2025-02-23T20,-139,391,367,2109,9707,2272,-5419,46,0,12218,353,1285
2025-02-23T21,-101,386,372,1841,9583,2274,-5811,46,0,11837,353,1438
2025-02-23T22,-68,388,380,2001,8896,2273,-5097,46,0,11578,354,1345
2025-02-23T23,-24,392,378,2154,7445,2273,-3486,46,0,10570,352,1441
2025-02-24T00,-1,454,375,2234,6677,2271,-2511,46,0,10028,305,1634
2025-02-24T01,26,513,380,2744,4995,2269,-549,45,0,8986,259,1595
2025-02-24T02,57,627,379,3971,4835,2269,563,45,230,6581,197,1805
2025-02-24T03,3,604,381,4554,4739,2271,3171,46,467,805,221,2488
2025-02-24T04,3,560,381,4717,4925,2271,4448,46,478,-58,165,2960
2025-02-24T05,0,509,389,4799,4553,2272,4633,46,477,-52,144,2789
2025-02-24T06,0,524,391,4616,4383,2273,4176,46,476,-49,10,2447
2025-02-24T07,0,411,391,4358,4294,2272,3388,44,242,-48,1,2237
2025-02-24T08,-1,391,389,4151,4511,2272,1727,45,0,-47,1,2227
2025-02-24T09,0,393,393,3990,4459,2272,863,46,0,-48,0,2154
2025-02-24T10,0,449,395,3791,4324,2274,374,46,0,-48,0,2333
2025-02-24T11,3,413,393,3738,4423,2274,192,46,0,-49,0,2194
2025-02-24T12,42,393,392,3735,4958,2276,214,46,0,-48,0,1803
2025-02-24T13,147,397,398,3754,5025,2276,935,46,0,-47,0,1458
2025-02-24T14,154,559,397,3593,5092,2264,1903,46,0,-47,0,1525
2025-02-24T15,132,756,399,3887,5311,2272,2542,46,0,4,10,2068
2025-02-24T16,-3,687,398,3923,5517,2273,3012,46,0,1166,129,2285
2025-02-24T17,-2,479,395,3351,6013,2273,-111,46,0,7902,333,1835
2025-02-24T18,-91,392,387,2888,8076,2273,-2682,46,0,12956,350,1587
2025-02-24T19,-103,389,384,2444,10034,2273,-4616,46,0,13829,353,1973
2025-02-24T20,-114,388,379,2430,9979,2272,-4885,46,0,13935,338,2270
2025-02-24T21,-99,388,375,2278,10762,2272,-5869,46,0,13898,307,2557
2025-02-24T22,-66,387,378,2181,8939,2271,-4589,46,0,13379,300,2599
2025-02-24T23,-1,387,372,2074,8337,2269,-3772,46,0,12750,307,2392
2025-02-25T00,-7,392,376,2305,8010,2270,-3347,46,0,12151,291,2186
2025-02-25T01,-4,519,374,2815,6593,2270,-1336,46,0,10172,267,2403
2025-02-25T02,142,677,375,3836,6033,2271,431,46,217,6708,108,3400
2025-02-25T03,24,707,377,4424,5208,2271,5063,46,236,711,129,3615
2025-02-25T04,10,672,377,4645,5273,2272,5622,46,236,-12,130,3888
2025-02-25T05,20,539,383,4863,5694,2273,4815,46,236,-8,121,4236
2025-02-25T06,34,463,386,4502,6144,2273,3985,46,235,-4,108,4208
2025-02-25T07,44,400,385,4297,6372,2273,2838,46,233,-3,6,3971
2025-02-25T08,5,392,388,3858,6206,2273,1390,46,0,-5,0,3996
2025-02-25T09,-1,393,390,3549,5827,2274,199,46,0,-8,0,4104
2025-02-25T10,0,393,389,3522,5588,2273,281,46,0,-8,0,3934
2025-02-25T11,0,393,389,3451,5022,2272,-14,46,0,-43,0,3680
2025-02-25T12,-1,393,391,3396,4721,2273,184,46,0,-51,0,3341
2025-02-25T13,-2,389,392,3504,4713,2274,411,46,0,-51,0,2932
2025-02-25T14,58,478,395,3452,5071,2273,1326,46,0,-50,0,2627
2025-02-25T15,137,655,393,3577,5831,2274,2161,46,0,21,11,2660
2025-02-25T16,-9,522,391,3553,5932,2275,3030,46,0,1331,163,2503
2025-02-25T17,-23,397,389,2850,5994,2273,-440,46,0,8337,169,1990
2025-02-25T18,-52,393,379,2113,7677,2273,-2836,46,0,14383,214,1805
2025-02-25T19,-106,392,376,1406,8555,2273,-3606,46,0,15215,240,1879
2025-02-25T20,-107,390,373,1187,9430,2275,-4881,46,0,14095,248,1772
2025-02-25T21,-97,389,367,1289,10122,2276,-5593,46,0,14275,258,1760
2025-02-25T22,-116,389,367,1326,10089,2276,-5856,46,0,13914,274,1829
2025-02-25T23,-130,395,367,1303,8650,2273,-4570,46,0,12843,292,2088
2025-02-26T00,-26,532,367,1270,7939,2271,-3386,46,13,12039,292,2296
2025-02-26T01,18,609,365,2270,6833,2270,-2080,46,194,11142,272,2891
2025-02-26T02,24,789,370,3529,5627,2270,834,46,220,7664,163,3279
2025-02-26T03,13,869,372,4302,5729,2272,4643,46,236,1054,134,3431
2025-02-26T04,15,866,376,4556,6770,2273,5216,46,236,-5,133,3123
2025-02-26T05,12,774,376,4584,7362,2273,4622,46,236,-18,128,2734
2025-02-26T06,-1,659,382,4619,7182,2273,4189,46,237,-17,64,2405
2025-02-26T07,0,466,377,4595,7330,2274,2796,43,236,-16,3,2584
2025-02-26T08,1,393,376,4196,7363,2274,1330,46,236,-16,0,2696
2025-02-26T09,0,387,0,4045,7121,2273,575,46,234,-16,0,2390
2025-02-26T10,0,393,0,3985,7971,2273,1009,46,0,-15,0,1556
2025-02-26T11,0,392,0,3822,8269,2275,394,46,0,-17,0,1411
2025-02-26T12,0,396,0,3902,8721,2274,7,46,0,-16,0,1185
2025-02-26T13,0,500,0,3929,8695,2273,181,46,0,-16,0,858
2025-02-26T14,0,578,0,3896,8287,2273,1309,46,0,-16,2,999
2025-02-26T15,0,680,0,4186,9080,2274,2287,46,0,21,56,1183
2025-02-26T16,0,498,0,3866,9347,2274,2847,46,0,1177,140,1081
2025-02-26T17,0,396,0,3271,8959,2274,-253,46,0,8522,261,1012
2025-02-26T18,0,394,0,2595,8492,2274,-2702,46,0,14570,322,1009
2025-02-26T19,0,392,0,2036,9320,2273,-3926,46,0,15057,341,1001
2025-02-26T20,0,391,0,1698,9569,2273,-4537,46,0,15046,342,1035
2025-02-26T21,0,390,0,1529,10110,2273,-4894,46,0,14715,342,995
2025-02-26T22,0,404,0,1423,10387,2273,-5374,46,0,15162,342,971
2025-02-26T23,0,397,0,1520,9349,2274,-4274,46,0,14682,342,894
2025-02-27T00,0,414,0,1841,8799,2274,-3363,46,0,14239,317,1037
2025-02-27T01,4,617,0,2469,8007,2271,-2194,46,206,13793,291,1383
2025-02-27T02,5,802,0,3476,7861,2271,381,46,233,8884,159,1321
2025-02-27T03,0,849,0,4225,8926,2273,4037,46,237,1149,121,1453
2025-02-27T04,0,730,0,4576,9622,2273,4695,46,236,-9,94,1494
2025-02-27T05,0,619,0,4771,9249,2273,4509,46,235,-8,85,1395
2025-02-27T06,0,507,0,4710,8997,2274,4274,46,236,-6,68,1355
2025-02-27T07,0,410,0,4515,8692,2276,3508,45,235,-16,4,1250
2025-02-27T08,0,394,0,4143,8348,2276,2151,43,183,-18,0,1175
2025-02-27T09,-1,434,382,3884,7974,2277,1131,46,0,-17,0,1404
2025-02-27T10,0,414,389,3774,7896,2276,564,46,0,-17,0,1259
2025-02-27T11,-1,393,384,3698,7737,2275,291,46,0,-17,0,1037
2025-02-27T12,0,386,387,3580,7522,2275,113,46,0,-17,0,1246
2025-02-27T13,1,386,393,3717,7469,2274,300,46,0,-17,0,1369
2025-02-27T14,138,527,393,3765,7312,2273,689,46,0,-17,0,1301
2025-02-27T15,138,724,390,4042,7690,2273,1980,46,0,76,16,1438
2025-02-27T16,72,637,392,3756,7951,2273,2877,46,0,1648,106,1314
2025-02-27T17,-96,472,387,3319,7726,2273,-209,46,0,8442,127,1488
2025-02-27T18,-103,398,381,2688,7937,2273,-3035,46,0,14032,206,1700
2025-02-27T19,-119,390,380,2098,8697,2274,-4227,46,0,15755,306,1952
2025-02-27T20,-45,391,383,1905,9342,2273,-4987,46,0,15785,317,2016
2025-02-27T21,-5,450,376,1990,9727,2272,-5387,46,0,15557,293,2200
2025-02-27T22,-2,548,384,1918,8663,2271,-4476,46,0,15122,276,2151
2025-02-27T23,52,491,380,1978,7667,2271,-2964,46,0,13248,244,1893
2025-02-28T00,41,500,378,2418,6455,2269,-1843,46,0,12525,202,1464
2025-02-28T01,98,592,378,3220,6223,2269,-493,46,218,10394,183,1166
2025-02-28T02,12,784,382,3815,6979,2269,1883,46,236,5749,130,1169
2025-02-28T03,16,985,382,4391,8226,2270,4704,46,235,988,141,1122
2025-02-28T04,24,900,387,4519,9152,2271,4961,46,238,-17,117,1114
2025-02-28T05,29,837,386,4408,9733,2271,3716,46,235,-37,102,1125
2025-02-28T06,15,715,390,4296,9607,2274,3043,46,232,-43,63,1188
2025-02-28T07,14,532,391,4040,9513,2275,3007,45,0,-42,3,1051
2025-02-28T08,10,404,395,3777,9300,2275,1842,43,0,-42,0,932
2025-02-28T09,0,395,395,3481,9011,2275,751,46,0,-43,0,1036
2025-02-28T10,-1,395,392,3540,8542,2273,367,46,0,-43,0,1415
2025-02-28T11,0,391,396,3501,7859,2273,79,46,0,-42,0,1574
2025-02-28T12,0,390,396,3527,7692,2271,-99,46,0,-42,0,1633
2025-02-28T13,0,387,395,3637,7289,2270,-44,46,0,-43,0,1751
2025-02-28T14,1,437,397,3948,7213,2269,435,46,0,-43,1,1585
2025-02-28T15,65,615,398,4101,7537,2270,1591,46,0,7,11,1533
2025-02-28T16,0,591,396,4009,8173,2270,2628,46,0,1117,58,1456
2025-02-28T17,-15,498,391,3461,7873,2271,507,46,0,5201,198,1204
2025-02-28T18,-75,403,390,3133,6006,2272,-302,46,0,9158,284,1323
2025-02-28T19,-95,393,384,2231,6948,2271,-1811,46,0,11704,305,1645
2025-02-28T20,-99,391,382,2068,7376,2272,-2846,46,0,13292,325,1949
2025-02-28T21,-108,410,382,2175,8692,2272,-4167,46,0,14405,333,2169
2025-02-28T22,-110,433,382,2147,9184,2272,-4692,46,0,15370,343,1848
2025-02-28T23,-108,397,380,2209,8468,2271,-3591,46,0,14904,345,1351
2025-03-01T00,-50,392,378,2726,7499,2271,-2545,46,0,13558,307,1061
