Date,HE,PGE,SCE,SDGE,VEA,CAISO Total,daily_mean_load_lag_1,daily_std_load_lag_1,daily_mean_load_lag_7,daily_std_load_lag_7,daily_mean_load_lag_15,daily_std_load_lag_15,daily_mean_load_lag_30,daily_std_load_lag_30,Monthly_Price_Cents_per_kWh,Estimated_Hourly_Cost_USD,daily_mean_cost_lag_1,daily_std_cost_lag_1,daily_mean_cost_lag_7,daily_std_cost_lag_7,daily_mean_cost_lag_15,daily_std_cost_lag_15,daily_mean_cost_lag_30,daily_std_cost_lag_30
2023-07-01,,14858.04785,10325.66169,2248.425776,60.42661728,,,,,,,,,,29.46,,,,,,,,,
2023-07-01,,14458.7015,9452.5432,2201.31275,55.17716253,,,,,,,,,,29.46,,,,,,,,,
2023-07-01,,12819.9186,9945.183347,2061.189254,50.99665211,,,,,,,,,,29.46,,,,,,,,,
2023-07-01,,11554.33138,10329.93578,1972.179325,49.15950378,,,,,,,,,,29.46,,,,,,,,,
2023-07-01,,11087.17204,10086.31576,1899.16437,48.43937046,,,,,,,,,,29.46,,,,,,,,,
2023-07-01,,11150.22458,9985.242434,2039.506733,55.52149788,,,,,,,,,,29.46,,,,,,,,,
2023-07-01,,11540.91606,10618.33812,2217.632072,112.7028172,,,,,,,,,,29.46,,,,,,,,,
2023-07-01,,12098.17436,11585.95531,1819.09569,124.8258659,,,,,,,,,,29.46,,,,,,,,,
2023-07-01,,11964.01483,12095.65625,1656.081992,132.7168282,,,,,,,,,,29.46,,,,,,,,,
2023-07-01,,11819.43591,12447.34757,1492.466763,106.3961867,,,,,,,,,,29.46,,,,,,,,,
2023-07-01,,11851.90521,12803.73899,1376.225502,101.9228135,,,,,,,,,,29.46,,,,,,,,,
2023-07-01,,11061.86034,10060.43436,1905.800675,48.13279731,,,,,,,,,,29.46,,,,,,,,,
2023-07-01,,14567.29649,12415.7867,2229.683703,74.78438321,,,,,,,,,,29.46,,,,,,,,,
2023-07-01,,13771.29297,14262.25326,1461.320505,112.655929,,,,,,,,,,29.46,,,,,,,,,
2023-07-01,,12070.34914,13089.85112,1365.520474,100.3000184,,,,,,,,,,29.46,,,,,,,,,
2023-07-01,,12808.68308,13805.99986,1374.197104,106.4098843,,,,,,,,,,29.46,,,,,,,,,
2023-07-01,,15816.57104,13421.29103,2369.821098,83.93619024,,,,,,,,,,29.46,,,,,,,,,
2023-07-01,,17127.72201,14062.21177,2528.18367,95.30962003,,,,,,,,,,29.46,,,,,,,,,
2023-07-01,,17836.19889,14543.71564,2548.348495,107.0713809,,,,,,,,,,29.46,,,,,,,,,
2023-07-01,,17953.52899,15595.42211,2436.654717,124.3970089,,,,,,,,,,29.46,,,,,,,,,
2023-07-01,,16864.18877,15780.12889,2209.200533,125.1280352,,,,,,,,,,29.46,,,,,,,,,
2023-07-01,,15862.79123,15343.71121,1912.502056,122.3260733,,,,,,,,,,29.46,,,,,,,,,
2023-07-01,,14984.43533,14890.13668,1729.304988,118.2406166,,,,,,,,,,29.46,,,,,,,,,
2023-07-01,,18247.16935,15084.31354,2500.925369,117.0925875,,,,,,,,,,29.46,,,,,,,,,
2023-07-02,,11073.85286,9737.216581,1862.240635,50.60051024,,,,,,,,,,29.46,,,,,,,,,
2023-07-02,,13668.71922,11643.07113,2172.756433,66.87415177,,,,,,,,,,29.46,,,,,,,,,
2023-07-02,,12754.31774,10980.9301,2098.491691,59.96192943,,,,,,,,,,29.46,,,,,,,,,
2023-07-02,,12144.90246,10507.76816,1980.495419,55.08706082,,,,,,,,,,29.46,,,,,,,,,
2023-07-02,,11475.01419,10131.19393,1890.398906,52.54086124,,,,,,,,,,29.46,,,,,,,,,
2023-07-02,,11140.14581,9580.468455,1823.714603,55.80928555,,,,,,,,,,29.46,,,,,,,,,
2023-07-02,,12384.93631,11621.15873,1227.421485,137.1589732,,,,,,,,,,29.46,,,,,,,,,
2023-07-02,,11711.74166,10011.7669,2154.760887,108.125498,,,,,,,,,,29.46,,,,,,,,,
2023-07-02,,12263.05941,10713.24241,2148.769786,127.0163235,,,,,,,,,,29.46,,,,,,,,,
2023-07-02,,12150.42302,11272.55393,1368.82408,146.909051,,,,,,,,,,29.46,,,,,,,,,
2023-07-02,,11224.73881,9886.224616,1865.798961,51.01612025,,,,,,,,,,29.46,,,,,,,,,
2023-07-02,,12158.92544,11150.79512,1749.996203,136.0889038,,,,,,,,,,29.46,,,,,,,,,
2023-07-02,,13803.54285,12565.22776,2196.245908,77.36496507,,,,,,,,,,29.46,,,,,,,,,
2023-07-02,,13773.09251,13881.07238,1486.390603,120.0214611,,,,,,,,,,29.46,,,,,,,,,
2023-07-02,,12793.16086,13192.80379,1311.480786,114.6490901,,,,,,,,,,29.46,,,,,,,,,
2023-07-02,,15122.05723,13599.22121,2393.198136,86.78555099,,,,,,,,,,29.46,,,,,,,,,
2023-07-02,,16494.34305,14488.5835,2532.859822,98.49704436,,,,,,,,,,29.46,,,,,,,,,
2023-07-02,,16984.38377,14905.8809,2586.403156,110.6117378,,,,,,,,,,29.46,,,,,,,,,
2023-07-02,,12501.62103,12151.82146,1279.889218,137.02034,,,,,,,,,,29.46,,,,,,,,,
2023-07-02,,17417.00852,15572.38023,2449.982358,128.8668216,,,,,,,,,,29.46,,,,,,,,,
2023-07-02,,16440.02624,15477.74893,2205.291713,130.3092556,,,,,,,,,,29.46,,,,,,,,,
2023-07-02,,15379.31871,15164.85694,1913.324653,128.902111,,,,,,,,,,29.46,,,,,,,,,
2023-07-02,,14526.49624,14793.24842,1671.084089,124.5853467,,,,,,,,,,29.46,,,,,,,,,
2023-07-02,,17452.8411,15405.1131,2534.067453,121.7485934,,,,,,,,,,29.46,,,,,,,,,
2023-07-03,,12502.46989,13679.31429,1834.579077,154.3798143,,,,,,,,,,29.46,,,,,,,,,
2023-07-03,,12871.11693,11641.6597,2160.458999,70.37324897,,,,,,,,,,29.46,,,,,,,,,
2023-07-03,,12155.14241,11088.19494,2069.003692,65.09430705,,,,,,,,,,29.46,,,,,,,,,
2023-07-03,,11969.60145,10635.4269,1972.156183,62.56122408,,,,,,,,,,29.46,,,,,,,,,
2023-07-03,,11570.31227,10287.63327,1936.321339,59.60288219,,,,,,,,,,29.46,,,,,,,,,
2023-07-03,,11292.84767,10268.26636,1940.428888,57.29927782,,,,,,,,,,29.46,,,,,,,,,
2023-07-03,,11250.57111,10396.53066,2082.112263,56.70976914,,,,,,,,,,29.46,,,,,,,,,
2023-07-03,,11601.81932,10527.31736,2280.234979,63.13857365,,,,,,,,,,29.46,,,,,,,,,
2023-07-03,,13062.94088,12306.60309,2427.219697,129.8139122,,,,,,,,,,29.46,,,,,,,,,
2023-07-03,,12605.35238,12950.46498,2121.764123,142.5292514,,,,,,,,,,29.46,,,,,,,,,
2023-07-03,,12554.51037,13918.38657,1625.553615,151.0478155,,,,,,,,,,29.46,,,,,,,,,
2023-07-03,,12757.42447,11298.43178,2510.691527,117.5789964,,,,,,,,,,29.46,,,,,,,,,
2023-07-03,,16322.31512,16160.56669,2609.902794,125.2369216,,,,,,,,,,29.46,,,,,,,,,
2023-07-03,,13057.10105,12568.13259,2292.486419,78.24837587,,,,,,,,,,29.46,,,,,,,,,
2023-07-03,,13394.45631,14764.03781,1625.107925,122.0002649,,,,,,,,,,29.46,,,,,,,,,
2023-07-03,,14214.37379,15507.81672,1839.961554,125.1512821,,,,,,,,,,29.46,,,,,,,,,
2023-07-03,,14956.51394,15999.28937,2062.496682,127.1022226,,,,,,,,,,29.46,,,,,,,,,
2023-07-03,,15685.90032,16288.39904,2379.36651,128.2514489,,,,,,,,,,29.46,,,,,,,,,
2023-07-03,,12791.74678,14366.73034,1522.775839,127.647803,,,,,,,,,,29.46,,,,,,,,,
2023-07-03,,15667.98358,15008.13281,2612.707092,108.7028594,,,,,,,,,,29.46,,,,,,,,,
2023-07-03,,15097.7875,14391.45857,2574.061518,99.24517759,,,,,,,,,,29.46,,,,,,,,,
2023-07-03,,14111.56767,13648.83202,2467.255292,87.67512737,,,,,,,,,,29.46,,,,,,,,,
2023-07-03,,12788.74705,13908.74355,1503.590465,136.7006466,,,,,,,,,,29.46,,,,,,,,,
2023-07-03,,16174.80473,15553.44976,2593.994773,116.7841086,,,,,,,,,,29.46,,,,,,,,,
2023-07-04,,12118.22481,11634.75247,2206.709391,68.8515796,,,,,,,,,,29.46,,,,,,,,,
2023-07-04,,11510.23035,10823.99578,2115.596716,63.31457322,,,,,,,,,,29.46,,,,,,,,,
2023-07-04,,11032.92178,10308.44114,2024.344067,59.71041276,,,,,,,,,,29.46,,,,,,,,,
2023-07-04,,10678.6766,10065.56832,1977.584794,56.41965419,,,,,,,,,,29.46,,,,,,,,,
2023-07-04,,14054.49853,13972.13105,2317.294513,110.277224,,,,,,,,,,29.46,,,,,,,,,
2023-07-04,,11230.95004,10724.5035,2173.061615,131.5306346,,,,,,,,,,29.46,,,,,,,,,
2023-07-04,,10604.18589,9738.440595,1942.308754,54.55176854,,,,,,,,,,29.46,,,,,,,,,
2023-07-04,,11136.71051,9712.137634,1943.434923,58.80285717,,,,,,,,,,29.46,,,,,,,,,
2023-07-04,,11188.72401,9916.106539,2080.849033,116.0430303,,,,,,,,,,29.46,,,,,,,,,
2023-07-04,,10303.71274,10994.94145,1420.394767,142.0276851,,,,,,,,,,29.46,,,,,,,,,
2023-07-04,,10480.87689,9927.93673,1917.426901,55.20146912,,,,,,,,,,29.46,,,,,,,,,
2023-07-04,,10820.86174,10668.75752,1810.55204,136.7567548,,,,,,,,,,29.46,,,,,,,,,
2023-07-04,,12150.32644,13396.00327,1756.670021,108.339281,,,,,,,,,,29.46,,,,,,,,,
2023-07-04,,9992.015713,11099.24793,1311.345732,133.1731989,,,,,,,,,,29.46,,,,,,,,,
2023-07-04,,14094.01335,13070.55478,2464.597957,93.51413801,,,,,,,,,,29.46,,,,,,,,,
2023-07-04,,11058.15473,12184.24197,1330.341037,99.4034753,,,,,,,,,,29.46,,,,,,,,,
2023-07-04,,11748.04381,12751.65817,1500.588149,104.0568654,,,,,,,,,,29.46,,,,,,,,,
2023-07-04,,10051.77815,11348.28381,1198.939483,117.3813347,,,,,,,,,,29.46,,,,,,,,,
2023-07-04,,10461.71369,11758.3218,1222.972453,96.98949612,,,,,,,,,,29.46,,,,,,,,,
2023-07-04,,12201.20822,11624.18933,2175.856003,71.07733646,,,,,,,,,,29.46,,,,,,,,,
2023-07-04,,13574.84007,12692.04362,2415.491989,84.33706151,,,,,,,,,,29.46,,,,,,,,,
2023-07-04,,12918.13488,12303.61552,2311.791407,78.27353666,,,,,,,,,,29.46,,,,,,,,,
2023-07-04,,13182.72172,13933.42677,2083.872558,110.9254754,,,,,,,,,,29.46,,,,,,,,,
2023-07-04,,14339.49503,13429.4809,2411.108654,103.1887837,,,,,,,,,,29.46,,,,,,,,,
2023-07-05,,11122.83312,12389.18334,1465.576015,110.6973936,,,,,,,,,,29.46,,,,,,,,,
2023-07-05,,11090.66893,10349.66672,1997.529271,58.42006565,,,,,,,,,,29.46,,,,,,,,,
2023-07-05,,11248.22188,9940.126674,1915.846287,54.35088825,,,,,,,,,,29.46,,,,,,,,,
2023-07-05,,11171.62873,9662.596317,1871.368941,51.77185809,,,,,,,,,,29.46,,,,,,,,,
2023-07-05,,11124.57316,9735.53622,1912.89388,51.24342856,,,,,,,,,,29.46,,,,,,,,,
2023-07-05,,11318.85869,10456.38904,2039.749913,57.60772412,,,,,,,,,,29.46,,,,,,,,,
2023-07-05,,11746.26101,11011.51064,2080.420062,102.2172433,,,,,,,,,,29.46,,,,,,,,,
2023-07-05,,11918.31384,11718.97118,1984.990804,128.0959484,,,,,,,,,,29.46,,,,,,,,,
2023-07-05,,10997.12389,10027.52752,1950.69746,52.04291096,,,,,,,,,,29.46,,,,,,,,,
2023-07-05,,11404.43674,12138.29496,1652.582836,107.4856863,,,,,,,,,,29.46,,,,,,,,,
2023-07-05,,11558.14141,10908.51767,2177.117736,63.99918364,,,,,,,,,,29.46,,,,,,,,,
2023-07-05,,11618.42705,11938.65965,1840.56219,134.6392623,,,,,,,,,,29.46,,,,,,,,,
2023-07-05,,12202.94142,14432.33682,1777.83098,145.1155978,,,,,,,,,,29.46,,,,,,,,,
2023-07-05,,11217.12267,13234.31881,1485.057088,106.6215823,,,,,,,,,,29.46,,,,,,,,,
2023-07-05,,12441.5654,12209.20355,2191.087489,69.96460228,,,,,,,,,,29.46,,,,,,,,,
2023-07-05,,13566.39959,13237.99412,2387.189261,78.56736646,,,,,,,,,,29.46,,,,,,,,,
2023-07-05,,14482.31905,14124.7817,2555.525929,89.4553538,,,,,,,,,,29.46,,,,,,,,,
2023-07-05,,14839.28609,14522.39915,2583.345116,99.82144678,,,,,,,,,,29.46,,,,,,,,,
2023-07-05,,10958.86471,12796.88293,1516.068745,98.71930355,,,,,,,,,,29.46,,,,,,,,,
2023-07-05,,14858.25456,15289.22799,2465.296418,115.5831229,,,,,,,,,,29.46,,,,,,,,,
2023-07-05,,13938.29944,15437.59406,2247.562917,117.8291942,,,,,,,,,,29.46,,,,,,,,,
2023-07-05,,13033.50171,15076.50036,2055.558472,130.781967,,,,,,,,,,29.46,,,,,,,,,
2023-07-05,,11779.90649,13699.12196,1567.593768,114.3328097,,,,,,,,,,29.46,,,,,,,,,
2023-07-05,,15030.56614,14930.47607,2544.433768,107.9558143,,,,,,,,,,29.46,,,,,,,,,
2023-07-06,,11349.86121,13113.83993,1898.82047,142.5283944,,,,,,,,,,29.46,,,,,,,,,
2023-07-06,,11864.21465,11320.47398,2118.04672,62.08583628,,,,,,,,,,29.46,,,,,,,,,
2023-07-06,,11367.84244,10727.897,2053.303083,55.30173729,,,,,,,,,,29.46,,,,,,,,,
2023-07-06,,10990.9362,10104.38181,1939.205181,54.25294327,,,,,,,,,,29.46,,,,,,,,,
2023-07-06,,10744.7088,10050.74029,1894.095971,51.53239212,,,,,,,,,,29.46,,,,,,,,,
2023-07-06,,11170.85943,10252.04005,1951.060143,52.40863897,,,,,,,,,,29.46,,,,,,,,,
2023-07-06,,11506.87905,10516.52426,2026.781059,56.23727386,,,,,,,,,,29.46,,,,,,,,,
2023-07-06,,11939.95649,11225.25323,2275.532602,101.9275437,,,,,,,,,,29.46,,,,,,,,,
2023-07-06,,12096.34062,11824.59949,2136.345535,102.5000568,,,,,,,,,,29.46,,,,,,,,,
2023-07-06,,11554.47048,12582.42442,2030.531439,135.0157423,,,,,,,,,,29.46,,,,,,,,,
2023-07-06,,10691.84077,9819.231957,1880.674619,51.56144064,,,,,,,,,,29.46,,,,,,,,,
2023-07-06,,10995.61822,12894.35132,1645.489902,146.5452984,,,,,,,,,,29.46,,,,,,,,,
2023-07-06,,14630.70532,14235.68473,2482.605873,103.0622126,,,,,,,,,,29.46,,,,,,,,,
2023-07-06,,11065.18787,13115.21274,1446.568247,103.9753101,,,,,,,,,,29.46,,,,,,,,,
2023-07-06,,11474.38325,13394.11011,1626.146866,106.9369204,,,,,,,,,,29.46,,,,,,,,,
2023-07-06,,12232.54498,14163.09303,1843.565033,102.7673541,,,,,,,,,,29.46,,,,,,,,,
2023-07-06,,13325.26571,14519.69508,2132.752763,111.680967,,,,,,,,,,29.46,,,,,,,,,
2023-07-06,,14274.5237,14430.11869,2372.719335,109.451674,,,,,,,,,,29.46,,,,,,,,,
2023-07-06,,10849.47377,12965.56844,1371.773709,148.2309687,,,,,,,,,,29.46,,,,,,,,,
2023-07-06,,14178.33359,13831.11658,2495.701832,85.78805981,,,,,,,,,,29.46,,,,,,,,,
2023-07-06,,13273.13899,13001.16904,2348.997939,76.05634465,,,,,,,,,,29.46,,,,,,,,,
2023-07-06,,12404.39646,12111.10072,2194.910005,67.66251959,,,,,,,,,,29.46,,,,,,,,,
2023-07-06,,10791.53236,13042.67826,1307.518059,105.5802006,,,,,,,,,,29.46,,,,,,,,,
2023-07-06,,14486.06936,14138.9334,2549.376477,95.75040432,,,,,,,,,,29.46,,,,,,,,,
2023-07-07,,10895.74573,12658.42511,1786.555932,131.772428,,,,,,,,,,29.46,,,,,,,,,
2023-07-07,,11304.28685,10828.89343,2027.96423,56.47422348,,,,,,,,,,29.46,,,,,,,,,
2023-07-07,,11003.07985,10301.06538,1946.946099,53.40813715,,,,,,,,,,29.46,,,,,,,,,
2023-07-07,,10777.19801,10171.69927,1899.82347,50.36866451,,,,,,,,,,29.46,,,,,,,,,
2023-07-07,,11067.61725,10470.25063,1962.517072,51.13495223,,,,,,,,,,29.46,,,,,,,,,
2023-07-07,,12110.11556,11313.68011,2249.093479,97.92886462,,,,,,,,,,29.46,,,,,,,,,
2023-07-07,,11895.97298,12066.63373,2237.126506,125.0726861,,,,,,,,,,29.46,,,,,,,,,
2023-07-07,,11486.97766,12288.44968,1994.513456,122.7271652,,,,,,,,,,29.46,,,,,,,,,
2023-07-07,,11389.85157,10985.58026,2025.861528,55.37972639,,,,,,,,,,29.46,,,,,,,,,
2023-07-07,,10789.93811,10119.29737,1897.126345,51.26423487,,,,,,,,,,29.46,,,,,,,,,
2023-07-07,,11829.28389,11272.67595,2115.519071,60.71525801,,,,,,,,,,29.46,,,,,,,,,
2023-07-07,,10417.82572,12834.64762,1538.543726,126.3532158,,,,,,,,,,29.46,,,,,,,,,
2023-07-07,,10254.36632,12858.59042,1312.89523,108.5436897,,,,,,,,,,29.46,,,,,,,,,
2023-07-07,,10298.50841,12604.94558,1357.230443,100.7875309,,,,,,,,,,29.46,,,,,,,,,
2023-07-07,,13094.59842,13073.58491,2356.640343,74.18873168,,,,,,,,,,29.46,,,,,,,,,
2023-07-07,,13770.5958,13736.38286,2476.471725,84.11647606,,,,,,,,,,29.46,,,,,,,,,
2023-07-07,,13935.6448,13998.42427,2522.867035,93.53600112,,,,,,,,,,29.46,,,,,,,,,
2023-07-07,,12308.23263,12210.6873,2152.803797,65.60401989,,,,,,,,,,29.46,,,,,,,,,
2023-07-07,,13659.98715,14227.17326,2330.047178,108.1326947,,,,,,,,,,29.46,,,,,,,,,
2023-07-07,,12919.57837,14165.48456,2088.994538,110.011317,,,,,,,,,,29.46,,,,,,,,,
2023-07-07,,11837.23377,13628.87072,1757.427749,108.3976471,,,,,,,,,,29.46,,,,,,,,,
2023-07-07,,10942.42515,13107.12494,1532.091052,106.6422759,,,,,,,,,,29.46,,,,,,,,,
2023-07-07,,10323.86523,12559.68012,1358.720237,107.0177982,,,,,,,,,,29.46,,,,,,,,,
2023-07-07,,14012.71282,14114.90318,2430.194465,101.6502786,,,,,,,,,,29.46,,,,,,,,,
2023-07-08,,11716.88215,11430.45724,2120.372534,58.6717249,,,,,,,,,,29.46,,,,,,,,,
2023-07-08,,11132.74031,10891.69089,2012.167996,53.48047893,,,,,,,,,,29.46,,,,,,,,,
2023-07-08,,10559.69004,10110.10211,1859.462833,47.84204591,,,,,,,,,,29.46,,,,,,,,,
2023-07-08,,10626.14833,10012.40077,1849.194685,47.02283942,,,,,,,,,,29.46,,,,,,,,,
2023-07-08,,9304.970888,10985.18921,1247.391968,109.5045229,,,,,,,,,,29.46,,,,,,,,,
2023-07-08,,10467.86763,9862.935447,1862.326431,51.52306323,,,,,,,,,,29.46,,,,,,,,,
2023-07-08,,10961.24649,9980.634323,2039.682009,93.05704102,,,,,,,,,,29.46,,,,,,,,,
2023-07-08,,10669.7427,10612.40933,2083.833223,119.5255865,,,,,,,,,,29.46,,,,,,,,,
2023-07-08,,10282.23328,10697.24078,1710.825662,125.4815208,,,,,,,,,,29.46,,,,,,,,,
2023-07-08,,10716.28089,10403.93292,1921.312891,49.88827665,,,,,,,,,,29.46,,,,,,,,,
2023-07-08,,9779.925932,10867.74889,1481.138624,132.6823844,,,,,,,,,,29.46,,,,,,,,,
2023-07-08,,10479.4272,10011.04765,1839.021539,47.23290047,,,,,,,,,,29.46,,,,,,,,,
2023-07-08,,9309.153802,11325.02126,1176.778251,101.0521289,,,,,,,,,,29.46,,,,,,,,,
2023-07-08,,11549.75262,11547.24679,2132.536742,66.24285311,,,,,,,,,,29.46,,,,,,,,,
2023-07-08,,8780.727406,11277.57275,1163.431116,99.54814889,,,,,,,,,,29.46,,,,,,,,,
2023-07-08,,12173.61493,12451.58074,2282.417297,74.03497036,,,,,,,,,,29.46,,,,,,,,,
2023-07-08,,12961.57518,13095.51849,2378.616858,83.54484118,,,,,,,,,,29.46,,,,,,,,,
2023-07-08,,13098.69673,13459.47082,2417.360763,93.73276159,,,,,,,,,,29.46,,,,,,,,,
2023-07-08,,9064.882219,11100.78309,1165.678833,116.9314286,,,,,,,,,,29.46,,,,,,,,,
2023-07-08,,12528.76014,13478.37879,2224.088323,109.9272131,,,,,,,,,,29.46,,,,,,,,,
2023-07-08,,11410.47248,13167.61195,1919.939333,112.9017378,,,,,,,,,,29.46,,,,,,,,,
2023-07-08,,10528.73861,12587.93218,1573.178321,110.7168708,,,,,,,,,,29.46,,,,,,,,,
2023-07-08,,9696.979489,12061.55704,1364.04465,106.2379447,,,,,,,,,,29.46,,,,,,,,,
2023-07-08,,12984.43012,13604.95602,2354.969716,102.5532148,,,,,,,,,,29.46,,,,,,,,,
2023-07-09,,9153.663887,10350.97096,1782.967298,139.2833107,,,,,,,,,,29.46,,,,,,,,,
2023-07-09,,10015.63259,9964.325151,2154.591688,124.0345843,,,,,,,,,,29.46,,,,,,,,,
2023-07-09,,10220.34458,9217.439029,1990.724475,96.58725467,,,,,,,,,,29.46,,,,,,,,,
2023-07-09,,9878.51651,9439.846955,1823.18779,48.42448552,,,,,,,,,,29.46,,,,,,,,,
2023-07-09,,9800.587733,9331.694823,1833.180539,53.92364006,,,,,,,,,,29.46,,,,,,,,,
2023-07-09,,10096.70552,9896.62129,1862.810166,48.77595289,,,,,,,,,,29.46,,,,,,,,,
2023-07-09,,10594.70179,10093.37631,1915.344421,51.94655806,,,,,,,,,,29.46,,,,,,,,,
2023-07-09,,10644.12616,10562.87536,2019.578909,54.51909779,,,,,,,,,,29.46,,,,,,,,,
2023-07-09,,11061.86789,11013.64216,2115.519734,59.71052602,,,,,,,,,,29.46,,,,,,,,,
2023-07-09,,8666.408535,10363.83647,1228.173092,128.4137395,,,,,,,,,,29.46,,,,,,,,,
2023-07-09,,9377.962391,9991.383529,2032.408631,131.1344379,,,,,,,,,,29.46,,,,,,,,,
2023-07-09,,9808.470075,9542.69739,1814.755583,48.11464312,,,,,,,,,,29.46,,,,,,,,,
2023-07-09,,11816.0375,13744.00365,2293.651451,102.3945473,,,,,,,,,,29.46,,,,,,,,,
2023-07-09,,11160.02449,11873.07963,2129.021742,61.66428139,,,,,,,,,,29.46,,,,,,,,,
2023-07-09,,8645.410932,10555.68158,1101.717467,102.364218,,,,,,,,,,29.46,,,,,,,,,
2023-07-09,,9132.26212,11437.66088,1332.530937,104.9723539,,,,,,,,,,29.46,,,,,,,,,
2023-07-09,,9879.345024,12343.68118,1582.165682,104.720354,,,,,,,,,,29.46,,,,,,,,,
2023-07-09,,10632.80105,13224.73581,1972.188533,103.1474682,,,,,,,,,,29.46,,,,,,,,,
2023-07-09,,8416.663765,10140.95727,1038.379242,116.516173,,,,,,,,,,29.46,,,,,,,,,
2023-07-09,,12357.57372,13970.14599,2427.327682,96.39286543,,,,,,,,,,29.46,,,,,,,,,
2023-07-09,,12612.81231,13801.72794,2494.120333,89.27465524,,,,,,,,,,29.46,,,,,,,,,
2023-07-09,,12544.35887,13506.04659,2440.836577,79.96158957,,,,,,,,,,29.46,,,,,,,,,
2023-07-09,,11912.88404,12805.6965,2300.641678,69.37739994,,,,,,,,,,29.46,,,,,,,,,
2023-07-09,,8321.001446,10228.34014,1041.719441,99.36814039,,,,,,,,,,29.46,,,,,,,,,
2023-07-10,,10146.27817,13178.03508,1653.557043,92.4734199,,,,,,,,,,29.46,,,,,,,,,
2023-07-10,,10701.17485,10477.30956,2026.96354,53.83903013,,,,,,,,,,29.46,,,,,,,,,
2023-07-10,,10482.69143,10149.3276,1993.088837,51.06080573,,,,,,,,,,29.46,,,,,,,,,
2023-07-10,,10459.41271,9989.996056,1910.339938,49.74105189,,,,,,,,,,29.46,,,,,,,,,
2023-07-10,,10151.22569,9940.459619,1921.56043,49.74043785,,,,,,,,,,29.46,,,,,,,,,
2023-07-10,,10977.2029,10641.34601,2074.560279,54.14683404,,,,,,,,,,29.46,,,,,,,,,
2023-07-10,,11421.53752,11416.68038,2305.838484,59.11268016,,,,,,,,,,29.46,,,,,,,,,
2023-07-10,,11832.76922,12177.88075,2406.927005,122.8339631,,,,,,,,,,29.46,,,,,,,,,
2023-07-10,,11199.09182,12608.0199,2210.168826,133.0691238,,,,,,,,,,29.46,,,,,,,,,
2023-07-10,,10471.04948,13039.58357,1877.056233,109.3094793,,,,,,,,,,29.46,,,,,,,,,
2023-07-10,,10796.78329,11161.6528,2131.056775,56.94671294,,,,,,,,,,29.46,,,,,,,,,
2023-07-10,,10498.72846,10261.24166,1974.934118,51.32259727,,,,,,,,,,29.46,,,,,,,,,
2023-07-10,,11095.54728,14936.14348,1979.338648,114.7766507,,,,,,,,,,29.46,,,,,,,,,
2023-07-10,,10134.67998,13716.04047,1629.250334,105.8978757,,,,,,,,,,29.46,,,,,,,,,
2023-07-10,,10589.54085,14120.58282,1797.419699,110.8569502,,,,,,,,,,29.46,,,,,,,,,
2023-07-10,,11855.00134,15748.02492,2205.788095,115.1873874,,,,,,,,,,29.46,,,,,,,,,
2023-07-10,,13128.37436,16344.70766,2501.570129,116.2655308,,,,,,,,,,29.46,,,,,,,,,
2023-07-10,,14181.23149,16625.77268,2646.984078,114.8731232,,,,,,,,,,29.46,,,,,,,,,
2023-07-10,,14803.07512,16428.84654,2686.28884,108.2304993,,,,,,,,,,29.46,,,,,,,,,
2023-07-10,,14638.45091,15948.18304,2705.347635,99.64824259,,,,,,,,,,29.46,,,,,,,,,
2023-07-10,,14427.99661,15330.32514,2634.050657,88.8017745,,,,,,,,,,29.46,,,,,,,,,
2023-07-10,,13412.69764,14238.27603,2439.856896,77.49370785,,,,,,,,,,29.46,,,,,,,,,
2023-07-10,,12530.05709,13117.83208,2269.86133,68.95936,,,,,,,,,,29.46,,,,,,,,,
2023-07-10,,10113.38225,13171.49672,1527.559663,99.99679571,,,,,,,,,,29.46,,,,,,,,,
2023-07-11,,11842.25794,12173.73321,2375.382876,61.95757887,,,,,,,,,,29.46,,,,,,,,,
2023-07-11,,11554.06329,11484.2438,2287.518704,57.68946534,,,,,,,,,,29.46,,,,,,,,,
2023-07-11,,11478.8318,11024.4264,2093.230766,54.88580346,,,,,,,,,,29.46,,,,,,,,,
2023-07-11,,11213.75465,10909.01664,1980.132286,52.50636058,,,,,,,,,,29.46,,,,,,,,,
2023-07-11,,16225.03633,17594.85904,3021.090016,121.7785323,,,,,,,,,,29.46,,,,,,,,,
2023-07-11,,12035.99301,12537.45097,2075.906627,134.0601884,,,,,,,,,,29.46,,,,,,,,,
2023-07-11,,11096.20652,10809.38882,2011.877432,53.55400558,,,,,,,,,,29.46,,,,,,,,,
2023-07-11,,11426.88899,11144.97957,2063.29633,60.92232743,,,,,,,,,,29.46,,,,,,,,,
2023-07-11,,12041.46509,11783.77206,2161.498128,116.5442698,,,,,,,,,,29.46,,,,,,,,,
2023-07-11,,11174.70225,13726.52964,1832.850714,149.4244104,,,,,,,,,,29.46,,,,,,,,,
2023-07-11,,10698.38592,10601.67352,1980.851078,52.46165984,,,,,,,,,,29.46,,,,,,,,,
2023-07-11,,11528.89175,13204.7382,1856.426155,141.3437289,,,,,,,,,,29.46,,,,,,,,,
2023-07-11,,14433.41921,15091.65352,2744.557146,87.1855603,,,,,,,,,,29.46,,,,,,,,,
2023-07-11,,11138.40599,14071.58545,1852.572025,156.704719,,,,,,,,,,29.46,,,,,,,,,
2023-07-11,,13281.07145,13991.31978,2552.768804,77.60356686,,,,,,,,,,29.46,,,,,,,,,
2023-07-11,,15555.82746,16105.30411,2939.986428,97.95331574,,,,,,,,,,29.46,,,,,,,,,
2023-07-11,,16093.07118,16752.2125,3030.88222,108.3254886,,,,,,,,,,29.46,,,,,,,,,
2023-07-11,,16498.20337,17237.44205,3052.891682,115.4536089,,,,,,,,,,29.46,,,,,,,,,
2023-07-11,,11359.83267,14473.2246,1869.484895,104.9237509,,,,,,,,,,29.46,,,,,,,,,
2023-07-11,,14432.70929,17035.2375,2517.784067,121.6068801,,,,,,,,,,29.46,,,,,,,,,
2023-07-11,,13455.53835,16390.72754,2312.602922,119.7974888,,,,,,,,,,29.46,,,,,,,,,
2023-07-11,,12509.42105,15582.04869,2100.631014,119.9105213,,,,,,,,,,29.46,,,,,,,,,
2023-07-11,,11752.00434,15165.33724,1963.47705,109.8004211,,,,,,,,,,29.46,,,,,,,,,
2023-07-11,,15430.23149,17453.09662,2782.400144,123.9946942,,,,,,,,,,29.46,,,,,,,,,
2023-07-12,,12567.19103,12932.78006,2497.67541,70.06462011,,,,,,,,,,29.46,,,,,,,,,
2023-07-12,,11045.00947,11152.45408,2217.664111,60.34653709,,,,,,,,,,29.46,,,,,,,,,
2023-07-12,,12388.75494,13633.5906,2331.519066,144.2156569,,,,,,,,,,29.46,,,,,,,,,
2023-07-12,,12301.93906,12780.58417,2341.521415,118.594326,,,,,,,,,,29.46,,,,,,,,,
2023-07-12,,11684.03001,11668.8299,2223.112106,69.69151796,,,,,,,,,,29.46,,,,,,,,,
2023-07-12,,11413.29003,11360.7242,2203.921,62.46005152,,,,,,,,,,29.46,,,,,,,,,
2023-07-12,,16094.48333,18269.40879,3242.165871,125.2688532,,,,,,,,,,29.46,,,,,,,,,
2023-07-12,,11394.64024,11151.55405,2233.244548,60.18167763,,,,,,,,,,29.46,,,,,,,,,
2023-07-12,,11751.40637,11530.86846,2304.617209,62.0787774,,,,,,,,,,29.46,,,,,,,,,
2023-07-12,,11917.7527,12129.7332,2445.389959,64.9590094,,,,,,,,,,29.46,,,,,,,,,
2023-07-12,,11892.00604,14915.98358,2285.313362,138.39717,,,,,,,,,,29.46,,,,,,,,,
2023-07-12,,12121.58954,14398.52686,2241.188819,149.8002711,,,,,,,,,,29.46,,,,,,,,,
2023-07-12,,13083.09095,14226.76017,2623.97699,79.23089234,,,,,,,,,,29.46,,,,,,,,,
2023-07-12,,15359.09243,16506.39178,3108.055385,102.0868715,,,,,,,,,,29.46,,,,,,,,,
2023-07-12,,14258.248,15362.08171,2885.24573,89.87901533,,,,,,,,,,29.46,,,,,,,,,
2023-07-12,,15885.22883,17147.76918,3205.302328,112.7538468,,,,,,,,,,29.46,,,,,,,,,
2023-07-12,,15234.33702,18450.4651,3127.007234,127.1056571,,,,,,,,,,29.46,,,,,,,,,
2023-07-12,,14222.67415,18199.9853,2862.892288,124.888661,,,,,,,,,,29.46,,,,,,,,,
2023-07-12,,16247.84639,17857.0136,3211.855413,119.1784703,,,,,,,,,,29.46,,,,,,,,,
2023-07-12,,12538.46635,16835.85505,2553.391995,116.3725866,,,,,,,,,,29.46,,,,,,,,,
2023-07-12,,12292.82351,16583.36758,2397.553324,112.3856417,,,,,,,,,,29.46,,,,,,,,,
2023-07-12,,11999.6427,15879.95245,2262.682243,107.3664944,,,,,,,,,,29.46,,,,,,,,,
2023-07-12,,11772.64347,15267.38843,2297.283946,104.7023176,,,,,,,,,,29.46,,,,,,,,,
2023-07-12,,13526.10499,17534.60305,2627.309255,120.527144,,,,,,,,,,29.46,,,,,,,,,
2023-07-13,,11242.41137,11406.387,2162.776584,60.51928169,,,,,,,,,,29.46,,,,,,,,,
2023-07-13,,12141.37208,12511.21941,2599.76992,123.9966329,,,,,,,,,,29.46,,,,,,,,,
2023-07-13,,11307.9704,11287.44648,2187.442079,59.80829687,,,,,,,,,,29.46,,,,,,,,,
2023-07-13,,11217.71943,11137.11274,2130.497845,60.21189418,,,,,,,,,,29.46,,,,,,,,,
2023-07-13,,11432.14882,11604.21333,2240.686335,63.02598086,,,,,,,,,,29.46,,,,,,,,,
2023-07-13,,12097.5682,13645.5016,2741.196713,137.3030738,,,,,,,,,,29.46,,,,,,,,,
2023-07-13,,12433.77458,13075.63495,2542.784441,72.15892288,,,,,,,,,,29.46,,,,,,,,,
2023-07-13,,13701.90818,14148.07055,2703.492512,72.17582933,,,,,,,,,,29.46,,,,,,,,,
2023-07-13,,11806.7187,15885.37567,2371.385064,92.46335899,,,,,,,,,,29.46,,,,,,,,,
2023-07-13,,11599.8885,11682.65933,2289.427747,64.99189119,,,,,,,,,,29.46,,,,,,,,,
2023-07-13,,11822.45826,12279.96677,2404.434363,66.24112837,,,,,,,,,,29.46,,,,,,,,,
2023-07-13,,11890.93946,15188.99412,2295.725606,90.49925373,,,,,,,,,,29.46,,,,,,,,,
2023-07-13,,14905.48613,15395.29156,2890.806744,82.01638635,,,,,,,,,,29.46,,,,,,,,,
2023-07-13,,11676.04927,16188.74487,2367.673725,103.4336819,,,,,,,,,,29.46,,,,,,,,,
2023-07-13,,12204.09474,16786.47432,2379.442685,107.1944869,,,,,,,,,,29.46,,,,,,,,,
2023-07-13,,12987.47226,17291.44775,2500.619793,121.3068125,,,,,,,,,,29.46,,,,,,,,,
2023-07-13,,13995.00098,17768.53651,2689.352609,121.3268759,,,,,,,,,,29.46,,,,,,,,,
2023-07-13,,14905.74181,18084.96051,2878.802058,124.1871711,,,,,,,,,,29.46,,,,,,,,,
2023-07-13,,15978.49652,18345.36691,3125.009941,125.161397,,,,,,,,,,29.46,,,,,,,,,
2023-07-13,,16708.2953,18270.63332,3256.346915,123.2688967,,,,,,,,,,29.46,,,,,,,,,
2023-07-13,,17003.9534,17691.18029,3237.477336,116.6942628,,,,,,,,,,29.46,,,,,,,,,
2023-07-13,,16576.12566,17209.69175,3209.143254,106.437169,,,,,,,,,,29.46,,,,,,,,,
2023-07-13,,16039.93531,16575.88478,3122.301891,93.55473313,,,,,,,,,,29.46,,,,,,,,,
2023-07-13,,12018.49441,14475.29507,2596.080784,92.39181368,,,,,,,,,,29.46,,,,,,,,,
2023-07-14,,12329.71986,11702.72419,2329.779025,54.17460953,,,,,,,,,,29.46,,,,,,,,,
2023-07-14,,12112.58326,15745.45573,2130.940389,97.76856091,,,,,,,,,,29.46,,,,,,,,,
2023-07-14,,12071.27688,11377.57087,2259.56264,51.88510673,,,,,,,,,,29.46,,,,,,,,,
2023-07-14,,11909.70804,11133.09209,2164.543645,52.03021941,,,,,,,,,,29.46,,,,,,,,,
2023-07-14,,12838.58452,12948.63419,2571.084119,63.56052951,,,,,,,,,,29.46,,,,,,,,,
2023-07-14,,11711.35048,11296.20421,2183.821389,53.01743147,,,,,,,,,,29.46,,,,,,,,,
2023-07-14,,12881.98017,12400.99729,2540.487206,121.8048197,,,,,,,,,,29.46,,,,,,,,,
2023-07-14,,12543.41252,13711.19998,2483.909406,67.79263243,,,,,,,,,,29.46,,,,,,,,,
2023-07-14,,12173.88479,14480.84544,2275.410839,80.74539534,,,,,,,,,,29.46,,,,,,,,,
2023-07-14,,12219.76885,12298.085,2456.314535,58.42655899,,,,,,,,,,29.46,,,,,,,,,
2023-07-14,,12035.45526,11655.31386,2272.58289,59.15480569,,,,,,,,,,29.46,,,,,,,,,
2023-07-14,,11947.53854,15143.85635,2211.604607,89.26082982,,,,,,,,,,29.46,,,,,,,,,
2023-07-14,,17314.85936,17748.65125,3135.446882,113.8281798,,,,,,,,,,29.46,,,,,,,,,
2023-07-14,,12374.22269,16299.25242,2142.621086,101.6673459,,,,,,,,,,29.46,,,,,,,,,
2023-07-14,,13900.09792,17459.30968,2367.131793,119.9007385,,,,,,,,,,29.46,,,,,,,,,
2023-07-14,,15924.87054,19130.64866,2794.247566,132.4836908,,,,,,,,,,29.46,,,,,,,,,
2023-07-14,,16867.32639,19311.81788,3059.098785,134.6350986,,,,,,,,,,29.46,,,,,,,,,
2023-07-14,,14390.85619,14442.98905,2649.418121,78.5697905,,,,,,,,,,29.46,,,,,,,,,
2023-07-14,,14856.57712,18496.96561,2580.695855,127.0544874,,,,,,,,,,29.46,,,,,,,,,
2023-07-14,,16676.62885,16827.92415,3073.797961,100.0262631,,,,,,,,,,29.46,,,,,,,,,
2023-07-14,,15476.05102,15693.06161,2840.335519,88.6813796,,,,,,,,,,29.46,,,,,,,,,
2023-07-14,,13040.89024,16908.78811,2225.716662,110.8495615,,,,,,,,,,29.46,,,,,,,,,
2023-07-14,,17648.83723,19080.4007,3282.768494,134.0907652,,,,,,,,,,29.46,,,,,,,,,
2023-07-14,,17848.93095,18437.89227,3184.118049,125.7266086,,,,,,,,,,29.46,,,,,,,,,
2023-07-15,,12566.58175,13845.87257,1918.743663,139.6762046,,,,,,,,,,29.46,,,,,,,,,
2023-07-15,,12599.32266,12409.35713,2468.742871,61.75694481,,,,,,,,,,29.46,,,,,,,,,
2023-07-15,,11871.48422,11670.58532,2261.704239,58.19183975,,,,,,,,,,29.46,,,,,,,,,
2023-07-15,,11582.26238,11201.03211,2155.099718,54.72911748,,,,,,,,,,29.46,,,,,,,,,
2023-07-15,,11237.15408,10968.20916,2120.971355,52.94923428,,,,,,,,,,29.46,,,,,,,,,
2023-07-15,,11223.10811,10948.39697,2141.410444,53.26596465,,,,,,,,,,29.46,,,,,,,,,
2023-07-15,,11464.66151,10804.67092,2116.166209,55.59193016,,,,,,,,,,29.46,,,,,,,,,
2023-07-15,,12584.94394,11572.60105,2310.461447,120.8347653,,,,,,,,,,29.46,,,,,,,,,
2023-07-15,,13126.84469,12863.9026,2328.42716,129.4276521,,,,,,,,,,29.46,,,,,,,,,
2023-07-15,,12806.48257,13438.97646,2209.446298,137.5918689,,,,,,,,,,29.46,,,,,,,,,
2023-07-15,,11902.99451,14453.42447,1787.22994,141.3550583,,,,,,,,,,29.46,,,,,,,,,
2023-07-15,,13380.64708,13334.29349,2576.68484,68.71176865,,,,,,,,,,29.46,,,,,,,,,
2023-07-15,,18349.07347,17613.61243,2767.059741,132.5909126,,,,,,,,,,29.46,,,,,,,,,
2023-07-15,,13689.9924,16330.6227,1913.57856,129.2103401,,,,,,,,,,29.46,,,,,,,,,
2023-07-15,,14779.72694,17301.63322,2126.816054,135.4444689,,,,,,,,,,29.46,,,,,,,,,
2023-07-15,,15748.9661,17863.45051,2358.128365,140.1823897,,,,,,,,,,29.46,,,,,,,,,
2023-07-15,,16951.4443,18324.30238,2616.015681,142.6509662,,,,,,,,,,29.46,,,,,,,,,
2023-07-15,,18017.44857,18111.34741,2745.249829,140.7491125,,,,,,,,,,29.46,,,,,,,,,
2023-07-15,,12130.21795,15085.64662,1772.763341,111.0732153,,,,,,,,,,29.46,,,,,,,,,
2023-07-15,,17148.00605,16197.28281,2749.96838,105.8883596,,,,,,,,,,29.46,,,,,,,,,
2023-07-15,,15904.48164,15166.92503,2588.570528,93.6094002,,,,,,,,,,29.46,,,,,,,,,
2023-07-15,,14584.84753,14125.35045,2439.216354,83.4510606,,,,,,,,,,29.46,,,,,,,,,
2023-07-15,,12633.33831,16018.07934,1782.248549,120.8564726,,,,,,,,,,29.46,,,,,,,,,
2023-07-15,,17885.73696,16931.9475,2818.140362,120.2671735,,,,,,,,,,29.46,,,,,,,,,
2023-07-16,,12512.07381,13615.57375,1813.331479,155.7355783,,,,,,,,,,29.46,,,,,,,,,
2023-07-16,,12661.79012,12695.66091,2080.511557,143.3202447,,,,,,,,,,29.46,,,,,,,,,
2023-07-16,,12681.26857,12143.90919,2223.655514,133.3636994,,,,,,,,,,29.46,,,,,,,,,
2023-07-16,,12138.88945,11326.461,2241.429077,122.4683186,,,,,,,,,,29.46,,,,,,,,,
2023-07-16,,11079.10825,10792.01126,1970.508017,59.4293708,,,,,,,,,,29.46,,,,,,,,,
2023-07-16,,11415.81335,11082.74245,2036.033357,54.64041893,,,,,,,,,,29.46,,,,,,,,,
2023-07-16,,11682.3203,11489.87266,2075.907324,56.26629057,,,,,,,,,,29.46,,,,,,,,,
2023-07-16,,12200.74157,11740.95791,2112.822108,59.99112613,,,,,,,,,,29.46,,,,,,,,,
2023-07-16,,12968.80175,12372.45477,2262.034445,66.50303061,,,,,,,,,,29.46,,,,,,,,,
2023-07-16,,12371.8397,14597.58379,1674.637551,142.1112024,,,,,,,,,,29.46,,,,,,,,,
2023-07-16,,11268.43362,10883.77095,1974.787672,54.10728326,,,,,,,,,,29.46,,,,,,,,,
2023-07-16,,13620.61036,13250.0893,2369.71716,72.4904606,,,,,,,,,,29.46,,,,,,,,,
2023-07-16,,13038.56113,15375.57537,1675.705813,139.4677819,,,,,,,,,,29.46,,,,,,,,,
2023-07-16,,13923.85406,16080.91377,1749.511963,131.2953565,,,,,,,,,,29.46,,,,,,,,,
2023-07-16,,15806.02492,15578.61458,2741.68838,102.7875156,,,,,,,,,,29.46,,,,,,,,,
2023-07-16,,17054.74111,16650.59538,2892.192424,114.1347684,,,,,,,,,,29.46,,,,,,,,,
2023-07-16,,17758.16692,17286.88385,2954.96991,127.6501974,,,,,,,,,,29.46,,,,,,,,,
2023-07-16,,14652.18656,14356.58442,2653.925247,94.93572831,,,,,,,,,,29.46,,,,,,,,,
2023-07-16,,17977.60849,18246.57928,2897.137472,145.8607572,,,,,,,,,,29.46,,,,,,,,,
2023-07-16,,17473.15803,18094.03287,2697.337762,147.214128,,,,,,,,,,29.46,,,,,,,,,
2023-07-16,,16681.09695,17620.55084,2358.475233,145.552443,,,,,,,,,,29.46,,,,,,,,,
2023-07-16,,15932.81012,17074.20324,2118.323931,141.9975769,,,,,,,,,,29.46,,,,,,,,,
2023-07-16,,15009.30269,16410.23019,1872.420913,138.2051394,,,,,,,,,,29.46,,,,,,,,,
2023-07-16,,17966.81791,17846.59582,2919.878482,138.1574968,,,,,,,,,,29.46,,,,,,,,,
2023-07-17,,12729.18577,12120.85128,2357.839191,75.42634443,,,,,,,,,,29.46,,,,,,,,,
2023-07-17,,12561.62228,11943.0155,2221.088219,70.0270458,,,,,,,,,,29.46,,,,,,,,,
2023-07-17,,12084.94022,12001.71945,2239.441845,68.98803035,,,,,,,,,,29.46,,,,,,,,,
2023-07-17,,13865.84695,13554.95069,2540.500453,86.51119289,,,,,,,,,,29.46,,,,,,,,,
2023-07-17,,13463.74255,12706.27014,2416.604082,79.75256068,,,,,,,,,,29.46,,,,,,,,,
2023-07-17,,14261.68184,13500.00985,2561.676303,130.4686363,,,,,,,,,,29.46,,,,,,,,,
2023-07-17,,14782.18288,14588.46623,2407.740614,93.3916173,,,,,,,,,,29.46,,,,,,,,,
2023-07-17,,14677.16501,15317.07412,2302.39783,102.3028907,,,,,,,,,,29.46,,,,,,,,,
2023-07-17,,12457.92265,12145.19371,2231.160464,69.0261306,,,,,,,,,,29.46,,,,,,,,,
2023-07-17,,13099.21271,12576.78391,2350.654627,75.83188189,,,,,,,,,,29.46,,,,,,,,,
2023-07-17,,14396.45635,16125.72159,2325.808002,111.7495742,,,,,,,,,,29.46,,,,,,,,,
2023-07-17,,14465.29372,16708.80204,2326.979623,118.8077046,,,,,,,,,,29.46,,,,,,,,,
2023-07-17,,16538.65411,19159.63291,2669.504073,137.4265638,,,,,,,,,,29.46,,,,,,,,,
2023-07-17,,18957.27128,19055.36469,3375.20266,137.9399315,,,,,,,,,,29.46,,,,,,,,,
2023-07-17,,15586.23358,18325.74286,2508.662604,130.4154469,,,,,,,,,,29.46,,,,,,,,,
2023-07-17,,16110.6803,16381.10332,2944.711769,109.8285744,,,,,,,,,,29.46,,,,,,,,,
2023-07-17,,17537.74992,17557.36066,3187.842386,120.6917792,,,,,,,,,,29.46,,,,,,,,,
2023-07-17,,18423.27662,18231.78501,3305.720905,130.8422622,,,,,,,,,,29.46,,,,,,,,,
2023-07-17,,14848.33894,15109.94813,2670.165432,99.14330227,,,,,,,,,,29.46,,,,,,,,,
2023-07-17,,19167.09939,19642.39698,3408.215423,142.9858755,,,,,,,,,,29.46,,,,,,,,,
2023-07-17,,18597.02131,20312.95281,3388.79732,162.4815532,,,,,,,,,,29.46,,,,,,,,,
2023-07-17,,18222.92394,20360.06198,3108.024229,168.1932714,,,,,,,,,,29.46,,,,,,,,,
2023-07-17,,17393.31278,20123.69869,2889.623519,140.4241455,,,,,,,,,,29.46,,,,,,,,,
2023-07-17,,14916.80487,17479.90955,2350.949432,125.6089965,,,,,,,,,,29.46,,,,,,,,,
2023-07-18,,12901.6734,12823.6655,2525.085326,84.52331345,,,,,,,,,,29.46,,,,,,,,,
2023-07-18,,12269.13671,12225.29264,2483.184039,79.83147669,,,,,,,,,,29.46,,,,,,,,,
2023-07-18,,11887.91121,11982.11639,2445.930056,75.87972488,,,,,,,,,,29.46,,,,,,,,,
2023-07-18,,11862.69167,11832.06195,2376.535876,75.12748109,,,,,,,,,,29.46,,,,,,,,,
2023-07-18,,12124.91615,11997.94182,2280.955334,76.10488371,,,,,,,,,,29.46,,,,,,,,,
2023-07-18,,12517.65523,12410.3605,2337.593298,76.48535784,,,,,,,,,,29.46,,,,,,,,,
2023-07-18,,13973.13529,14655.00654,2540.533404,90.54786279,,,,,,,,,,29.46,,,,,,,,,
2023-07-18,,13879.02223,15279.1421,2395.436013,97.37863868,,,,,,,,,,29.46,,,,,,,,,
2023-07-18,,13841.88662,13825.00688,2643.354593,91.54872191,,,,,,,,,,29.46,,,,,,,,,
2023-07-18,,13375.59854,16592.11768,2360.370071,111.4015149,,,,,,,,,,29.46,,,,,,,,,
2023-07-18,,13696.50415,15908.49139,2367.08928,104.7625084,,,,,,,,,,29.46,,,,,,,,,
2023-07-18,,13327.63189,13502.80941,2478.253409,83.48602789,,,,,,,,,,29.46,,,,,,,,,
2023-07-18,,13574.27747,17277.20536,2384.791879,118.5264285,,,,,,,,,,29.46,,,,,,,,,
2023-07-18,,13503.19494,15057.2548,2665.750643,91.2183021,,,,,,,,,,29.46,,,,,,,,,
2023-07-18,,14684.84931,16302.36552,2903.466141,101.6420768,,,,,,,,,,29.46,,,,,,,,,
2023-07-18,,15912.70684,17616.40582,3151.030657,112.4698205,,,,,,,,,,29.46,,,,,,,,,
2023-07-18,,16546.03704,18261.2077,3257.408793,121.9801326,,,,,,,,,,29.46,,,,,,,,,
2023-07-18,,16939.59479,18995.03301,3327.994626,129.6222791,,,,,,,,,,29.46,,,,,,,,,
2023-07-18,,14169.7997,18262.48778,2494.078197,124.9181405,,,,,,,,,,29.46,,,,,,,,,
2023-07-18,,16581.75003,20267.40937,3227.149021,136.4734446,,,,,,,,,,29.46,,,,,,,,,
2023-07-18,,15932.53981,20301.89736,3036.642431,135.5926343,,,,,,,,,,29.46,,,,,,,,,
2023-07-18,,15495.03092,19789.90627,2868.034966,133.3529187,,,,,,,,,,29.46,,,,,,,,,
2023-07-18,,14865.43022,19047.25442,2667.199876,130.545406,,,,,,,,,,29.46,,,,,,,,,
2023-07-18,,17049.95038,19733.12602,3364.085902,135.1872431,,,,,,,,,,29.46,,,,,,,,,
2023-07-19,,12153.88314,12895.78871,2424.802011,76.90912785,,,,,,,,,,29.46,,,,,,,,,
2023-07-19,,12001.28936,12215.31449,2269.294688,73.5663402,,,,,,,,,,29.46,,,,,,,,,
2023-07-19,,11910.70302,11921.4153,2208.213067,69.83576241,,,,,,,,,,29.46,,,,,,,,,
2023-07-19,,11756.59618,11806.3996,2192.564924,68.70844375,,,,,,,,,,29.46,,,,,,,,,
2023-07-19,,12558.12198,12357.68176,2336.339715,72.64553699,,,,,,,,,,29.46,,,,,,,,,
2023-07-19,,13867.37621,13457.08852,2556.354952,78.42476974,,,,,,,,,,29.46,,,,,,,,,
2023-07-19,,14082.38382,14613.71146,2775.246841,84.94024971,,,,,,,,,,29.46,,,,,,,,,
2023-07-19,,13534.28933,15501.9327,2591.855886,91.52119868,,,,,,,,,,29.46,,,,,,,,,
2023-07-19,,13058.01904,16300.62,2444.802467,99.20873059,,,,,,,,,,29.46,,,,,,,,,
2023-07-19,,12097.07225,11925.03098,2242.408264,69.51165501,,,,,,,,,,29.46,,,,,,,,,
2023-07-19,,12758.10105,13755.87093,2567.513301,82.71952831,,,,,,,,,,29.46,,,,,,,,,
2023-07-19,,13000.21036,16687.55395,2477.211813,107.2765109,,,,,,,,,,29.46,,,,,,,,,
2023-07-19,,14755.68308,14281.85071,2686.328016,87.50483746,,,,,,,,,,29.46,,,,,,,,,
2023-07-19,,18181.51158,18418.1357,3414.814658,127.9653001,,,,,,,,,,29.46,,,,,,,,,
2023-07-19,,12904.11026,18292.34278,2625.149492,121.9495222,,,,,,,,,,29.46,,,,,,,,,
2023-07-19,,16172.48843,15398.26506,2948.054661,97.65971731,,,,,,,,,,29.46,,,,,,,,,
2023-07-19,,17452.40908,16789.29879,3219.533665,108.5718196,,,,,,,,,,29.46,,,,,,,,,
2023-07-19,,18074.91253,17444.25461,3336.690516,119.306218,,,,,,,,,,29.46,,,,,,,,,
2023-07-19,,17483.92507,19795.82069,3452.625136,152.4355241,,,,,,,,,,29.46,,,,,,,,,
2023-07-19,,16288.21431,20615.24597,3335.613827,134.6723213,,,,,,,,,,29.46,,,,,,,,,
2023-07-19,,15268.20984,20552.73392,3074.508968,133.2613837,,,,,,,,,,29.46,,,,,,,,,
2023-07-19,,14509.11341,19735.98344,2933.664706,131.6390904,,,,,,,,,,29.46,,,,,,,,,
2023-07-19,,13668.71172,18873.79044,2800.671773,128.1649359,,,,,,,,,,29.46,,,,,,,,,
2023-07-19,,13232.76319,17251.83306,2417.230751,115.1978058,,,,,,,,,,29.46,,,,,,,,,
2023-07-20,,13036.93757,11346.26969,2266.888806,65.84159818,,,,,,,,,,29.46,,,,,,,,,
2023-07-20,,13239.6938,12403.07257,2504.147906,75.49282939,,,,,,,,,,29.46,,,,,,,,,
2023-07-20,,13248.06966,11695.13497,2382.386317,70.78550367,,,,,,,,,,29.46,,,,,,,,,
2023-07-20,,13276.8481,11345.99344,2312.945346,67.09224787,,,,,,,,,,29.46,,,,,,,,,
2023-07-20,,13006.22757,11338.99549,2303.163536,67.12626496,,,,,,,,,,29.46,,,,,,,,,
2023-07-20,,13746.33427,13433.61583,2662.637961,80.92744754,,,,,,,,,,29.46,,,,,,,,,
2023-07-20,,13167.83214,11874.87619,2390.91078,72.32045536,,,,,,,,,,29.46,,,,,,,,,
2023-07-20,,13320.86645,13749.48049,2743.752884,133.11381,,,,,,,,,,29.46,,,,,,,,,
2023-07-20,,13096.07776,15200.18491,2620.772314,146.9397459,,,,,,,,,,29.46,,,,,,,,,
2023-07-20,,12876.81376,15766.58921,2395.71497,150.986022,,,,,,,,,,29.46,,,,,,,,,
2023-07-20,,12585.32778,17612.36271,2504.180751,114.2498849,,,,,,,,,,29.46,,,,,,,,,
2023-07-20,,12642.22542,16457.55338,2438.561526,141.4024603,,,,,,,,,,29.46,,,,,,,,,
2023-07-20,,18092.06191,20404.62497,3444.546517,138.0751786,,,,,,,,,,29.46,,,,,,,,,
2023-07-20,,12903.19492,18451.30606,2578.301826,120.2423169,,,,,,,,,,29.46,,,,,,,,,
2023-07-20,,13435.76054,19101.2118,2592.811794,128.0547405,,,,,,,,,,29.46,,,,,,,,,
2023-07-20,,15515.76364,16623.84624,2984.802404,96.73501619,,,,,,,,,,29.46,,,,,,,,,
2023-07-20,,16788.41742,17909.59506,3225.798167,107.4260705,,,,,,,,,,29.46,,,,,,,,,
2023-07-20,,17475.87595,18421.13886,3343.539278,120.2768784,,,,,,,,,,29.46,,,,,,,,,
2023-07-20,,14367.11732,15257.46935,2779.907178,86.17165044,,,,,,,,,,29.46,,,,,,,,,
2023-07-20,,17354.53145,20781.58955,3238.724907,139.5094886,,,,,,,,,,29.46,,,,,,,,,
2023-07-20,,16303.05003,20652.41075,2995.686477,138.1156758,,,,,,,,,,29.46,,,,,,,,,
2023-07-20,,15155.40614,20506.79814,2819.510229,137.3621049,,,,,,,,,,29.46,,,,,,,,,
2023-07-20,,14141.2921,19766.37939,2668.99379,133.997572,,,,,,,,,,29.46,,,,,,,,,
2023-07-20,,18182.43686,19604.26325,3394.396021,131.0533282,,,,,,,,,,29.46,,,,,,,,,
2023-07-21,,13391.79138,14078.61861,2649.591424,79.02780697,,,,,,,,,,29.46,,,,,,,,,
2023-07-21,,13658.40066,15165.05209,2447.175184,140.9758495,,,,,,,,,,29.46,,,,,,,,,
2023-07-21,,13931.25804,14500.58364,2423.009229,132.329319,,,,,,,,,,29.46,,,,,,,,,
2023-07-21,,13585.69763,13393.17213,2491.227745,127.1003112,,,,,,,,,,29.46,,,,,,,,,
2023-07-21,,12520.27238,12460.94723,2328.469405,67.48504287,,,,,,,,,,29.46,,,,,,,,,
2023-07-21,,13315.40563,16200.33938,2062.882884,112.0887675,,,,,,,,,,29.46,,,,,,,,,
2023-07-21,,12085.17328,11954.37647,2408.315728,62.69455249,,,,,,,,,,29.46,,,,,,,,,
2023-07-21,,12391.77724,12102.87307,2343.352305,64.42876481,,,,,,,,,,29.46,,,,,,,,,
2023-07-21,,12170.47826,12529.66206,2443.179254,68.29745724,,,,,,,,,,29.46,,,,,,,,,
2023-07-21,,12678.93718,13260.00706,2527.450699,72.82996763,,,,,,,,,,29.46,,,,,,,,,
2023-07-21,,13334.68806,15687.73368,2341.784336,146.6085093,,,,,,,,,,29.46,,,,,,,,,
2023-07-21,,11988.62731,12291.30251,2459.120917,63.16793137,,,,,,,,,,29.46,,,,,,,,,
2023-07-21,,13713.40868,16635.44573,1859.250339,119.3992989,,,,,,,,,,29.46,,,,,,,,,
2023-07-21,,14654.70372,17326.46646,1982.013535,128.5984682,,,,,,,,,,29.46,,,,,,,,,
2023-07-21,,16034.92042,15978.75477,2799.793306,99.27967697,,,,,,,,,,29.46,,,,,,,,,
2023-07-21,,17455.45847,17105.31835,2964.257774,111.012819,,,,,,,,,,29.46,,,,,,,,,
2023-07-21,,18251.50396,17806.29658,3033.603552,124.9966185,,,,,,,,,,29.46,,,,,,,,,
2023-07-21,,18856.51313,18473.7772,3080.71881,135.2212048,,,,,,,,,,29.46,,,,,,,,,
2023-07-21,,14756.90368,14797.5034,2552.284702,89.19385484,,,,,,,,,,29.46,,,,,,,,,
2023-07-21,,18295.05037,19200.12615,2962.981054,143.8105172,,,,,,,,,,29.46,,,,,,,,,
2023-07-21,,17350.32084,18971.36535,2669.380047,143.1025986,,,,,,,,,,29.46,,,,,,,,,
2023-07-21,,16340.71571,18488.38481,2419.496833,139.7510416,,,,,,,,,,29.46,,,,,,,,,
2023-07-21,,15391.37754,17859.44262,2158.916918,135.5028179,,,,,,,,,,29.46,,,,,,,,,
2023-07-21,,18968.65651,19113.52661,3142.497696,142.2407076,,,,,,,,,,29.46,,,,,,,,,
2023-07-22,,12200.97007,13707.5797,2165.713528,147.0604408,,,,,,,,,,29.46,,,,,,,,,
2023-07-22,,12424.93246,13350.86073,2345.62365,137.6370982,,,,,,,,,,29.46,,,,,,,,,
2023-07-22,,12201.82407,12303.34767,2476.746745,119.4552828,,,,,,,,,,29.46,,,,,,,,,
2023-07-22,,11610.0137,11460.5005,2124.445588,63.42569905,,,,,,,,,,29.46,,,,,,,,,
2023-07-22,,11706.61222,11412.36819,2087.731905,59.52523441,,,,,,,,,,29.46,,,,,,,,,
2023-07-22,,11992.61962,11645.12053,2121.350095,62.3085771,,,,,,,,,,29.46,,,,,,,,,
2023-07-22,,12492.04099,12173.11093,2241.95131,65.87930803,,,,,,,,,,29.46,,,,,,,,,
2023-07-22,,13123.3189,12930.68305,2350.160141,71.8729049,,,,,,,,,,29.46,,,,,,,,,
2023-07-22,,14001.48073,13759.26876,2482.65687,79.34143683,,,,,,,,,,29.46,,,,,,,,,
2023-07-22,,12076.9815,14202.61337,1747.429534,109.9003838,,,,,,,,,,29.46,,,,,,,,,
2023-07-22,,11835.07652,11416.98663,2089.84487,60.01162066,,,,,,,,,,29.46,,,,,,,,,
2023-07-22,,12142.14522,14009.2401,1946.069416,103.8651663,,,,,,,,,,29.46,,,,,,,,,
2023-07-22,,13780.19904,14593.89593,2409.428004,90.47586846,,,,,,,,,,29.46,,,,,,,,,
2023-07-22,,12319.26533,14720.57087,1852.614693,118.9407757,,,,,,,,,,29.46,,,,,,,,,
2023-07-22,,15411.86204,15566.93803,2581.433988,98.65738169,,,,,,,,,,29.46,,,,,,,,,
2023-07-22,,16975.82028,16574.88073,2753.176202,110.3008873,,,,,,,,,,29.46,,,,,,,,,
2023-07-22,,17031.89331,17260.595,2776.789729,123.2754101,,,,,,,,,,29.46,,,,,,,,,
2023-07-22,,17639.64551,17707.31999,2744.564129,132.9645703,,,,,,,,,,29.46,,,,,,,,,
2023-07-22,,16888.45324,18268.75262,2779.520699,143.146636,,,,,,,,,,29.46,,,,,,,,,
2023-07-22,,16404.29839,18062.01692,2656.709308,141.7060926,,,,,,,,,,29.46,,,,,,,,,
2023-07-22,,15375.01012,17494.35824,2450.657092,138.6767064,,,,,,,,,,29.46,,,,,,,,,
2023-07-22,,14283.86805,16716.87887,2189.261072,133.9697949,,,,,,,,,,29.46,,,,,,,,,
2023-07-22,,13198.93087,15506.50807,2132.550039,126.950166,,,,,,,,,,29.46,,,,,,,,,
2023-07-22,,17662.70718,18146.99667,2773.795773,138.6181679,,,,,,,,,,29.46,,,,,,,,,
2023-07-23,,12409.4383,12233.39293,2141.408323,73.47457812,,,,,,,,,,29.46,,,,,,,,,
2023-07-23,,11837.86367,11862.47895,2065.264023,70.19984763,,,,,,,,,,29.46,,,,,,,,,
2023-07-23,,11554.72024,11479.59613,2039.548927,67.75318364,,,,,,,,,,29.46,,,,,,,,,
2023-07-23,,12135.80669,14258.94983,2632.81505,131.1849652,,,,,,,,,,29.46,,,,,,,,,
2023-07-23,,12953.89541,12842.93047,2261.332101,78.08371312,,,,,,,,,,29.46,,,,,,,,,
2023-07-23,,11553.60293,11729.57661,2292.304991,99.93820868,,,,,,,,,,29.46,,,,,,,,,
2023-07-23,,11825.36651,12666.87673,2253.868887,105.3429363,,,,,,,,,,29.46,,,,,,,,,
2023-07-23,,11395.35667,13013.73382,2180.34135,114.4532542,,,,,,,,,,29.46,,,,,,,,,
2023-07-23,,11582.00669,11361.63259,2053.657267,66.8115101,,,,,,,,,,29.46,,,,,,,,,
2023-07-23,,11367.75264,11243.45294,2081.782337,67.62513515,,,,,,,,,,29.46,,,,,,,,,
2023-07-23,,13721.27576,13612.49301,2364.085664,84.24596406,,,,,,,,,,29.46,,,,,,,,,
2023-07-23,,11676.29197,13709.72556,2414.835218,123.7154069,,,,,,,,,,29.46,,,,,,,,,
2023-07-23,,13886.41341,15974.4556,2330.191695,151.6323888,,,,,,,,,,29.46,,,,,,,,,
2023-07-23,,12611.94204,14556.80576,2383.240672,139.8715516,,,,,,,,,,29.46,,,,,,,,,
2023-07-23,,16835.8431,15854.22318,2535.632873,132.1066649,,,,,,,,,,29.46,,,,,,,,,
2023-07-23,,14570.90553,14849.50787,2521.244491,93.74370628,,,,,,,,,,29.46,,,,,,,,,
2023-07-23,,15743.48207,15638.27895,2698.183194,102.8285711,,,,,,,,,,29.46,,,,,,,,,
2023-07-23,,16289.29199,15899.17462,2712.746564,114.6333253,,,,,,,,,,29.46,,,,,,,,,
2023-07-23,,16761.54404,15818.99728,2616.299127,122.7233063,,,,,,,,,,29.46,,,,,,,,,
2023-07-23,,13380.53201,15307.64741,2463.791089,146.53962,,,,,,,,,,29.46,,,,,,,,,
2023-07-23,,16270.08408,15975.12118,2443.854024,135.5435656,,,,,,,,,,29.46,,,,,,,,,
2023-07-23,,15546.59354,16038.62801,2326.653886,146.7731856,,,,,,,,,,29.46,,,,,,,,,
2023-07-23,,14908.39365,15963.7943,2193.971072,150.1181347,,,,,,,,,,29.46,,,,,,,,,
2023-07-23,,13531.29627,13852.01125,2340.185026,85.23176175,,,,,,,,,,29.46,,,,,,,,,
2023-07-24,,12467.6481,12439.48377,2243.362967,73.58592128,,,,,,,,,,29.46,,,,,,,,,
2023-07-24,,12075.22569,12024.88458,2224.944983,70.99421433,,,,,,,,,,29.46,,,,,,,,,
2023-07-24,,11876.17604,11661.26998,2137.763316,69.97349158,,,,,,,,,,29.46,,,,,,,,,
2023-07-24,,11685.55137,11776.31441,2150.214523,70.19759947,,,,,,,,,,29.46,,,,,,,,,
2023-07-24,,11760.59793,12161.2767,2204.154067,68.67098257,,,,,,,,,,29.46,,,,,,,,,
2023-07-24,,12255.14004,12567.82951,2463.185229,69.79216025,,,,,,,,,,29.46,,,,,,,,,
2023-07-24,,13465.38001,14962.40847,2405.331231,130.9581165,,,,,,,,,,29.46,,,,,,,,,
2023-07-24,,13058.34041,15611.17665,2195.354913,137.238643,,,,,,,,,,29.46,,,,,,,,,
2023-07-24,,12390.26601,16976.39274,2116.988029,145.303688,,,,,,,,,,29.46,,,,,,,,,
2023-07-24,,12806.53339,13041.68697,2349.635887,79.11338181,,,,,,,,,,29.46,,,,,,,,,
2023-07-24,,12655.69219,16196.61635,2147.466532,152.744627,,,,,,,,,,29.46,,,,,,,,,
2023-07-24,,13025.94343,13764.14318,2660.49344,128.7798922,,,,,,,,,,29.46,,,,,,,,,
2023-07-24,,12452.19613,17695.88724,2188.171427,119.7647633,,,,,,,,,,29.46,,,,,,,,,
2023-07-24,,13265.68914,20084.01603,2438.940895,128.9987839,,,,,,,,,,29.46,,,,,,,,,
2023-07-24,,14592.70926,16867.74699,2829.138694,93.40072585,,,,,,,,,,29.46,,,,,,,,,
2023-07-24,,15843.2393,18251.57262,3054.137768,104.6673079,,,,,,,,,,29.46,,,,,,,,,
2023-07-24,,16470.18471,19125.59159,3161.061314,115.3489625,,,,,,,,,,29.46,,,,,,,,,
2023-07-24,,16834.33361,19821.58322,3198.186732,123.8047568,,,,,,,,,,29.46,,,,,,,,,
2023-07-24,,13501.42958,15426.21257,2588.777191,82.86298616,,,,,,,,,,29.46,,,,,,,,,
2023-07-24,,15799.25179,20872.03663,3094.150869,132.4272208,,,,,,,,,,29.46,,,,,,,,,
2023-07-24,,14982.84958,20601.56264,2868.323868,133.5301039,,,,,,,,,,29.46,,,,,,,,,
2023-07-24,,14069.4971,20352.5459,2621.318589,130.845884,,,,,,,,,,29.46,,,,,,,,,
2023-07-24,,12752.37949,18982.26027,2277.241446,122.2273764,,,,,,,,,,29.46,,,,,,,,,
2023-07-24,,16713.90104,20583.79282,3209.497926,128.9939938,,,,,,,,,,29.46,,,,,,,,,
2023-07-25,,11987.32938,13271.13613,2369.872861,69.71464493,,,,,,,,,,29.46,,,,,,,,,
2023-07-25,,11725.57008,12662.58347,2373.178835,66.36334084,,,,,,,,,,29.46,,,,,,,,,
2023-07-25,,11745.12015,12482.50352,2274.376822,63.84118203,,,,,,,,,,29.46,,,,,,,,,
2023-07-25,,11313.433,12332.26847,2239.831003,62.17823358,,,,,,,,,,29.46,,,,,,,,,
2023-07-25,,12089.65444,12825.27744,2317.290561,65.54564784,,,,,,,,,,29.46,,,,,,,,,
2023-07-25,,12639.63623,13935.7413,2492.907592,119.7542869,,,,,,,,,,29.46,,,,,,,,,
2023-07-25,,13239.36266,15313.02621,2555.867328,127.9822053,,,,,,,,,,29.46,,,,,,,,,
2023-07-25,,12867.38256,15817.37546,2581.869231,135.9144932,,,,,,,,,,29.46,,,,,,,,,
2023-07-25,,12657.39726,14199.95747,2495.238605,74.97295212,,,,,,,,,,29.46,,,,,,,,,
2023-07-25,,11624.4681,12532.68043,2244.099998,62.42044375,,,,,,,,,,29.46,,,,,,,,,
2023-07-25,,12398.00293,17878.65058,2428.168779,136.5802119,,,,,,,,,,29.46,,,,,,,,,
2023-07-25,,12615.69094,16856.72144,2433.217792,140.7444405,,,,,,,,,,29.46,,,,,,,,,
2023-07-25,,15103.26646,21479.37998,2934.755235,131.5483686,,,,,,,,,,29.46,,,,,,,,,
2023-07-25,,12612.99862,18416.33479,2454.803416,121.1343426,,,,,,,,,,29.46,,,,,,,,,
2023-07-25,,14252.6508,20487.71668,2670.997466,126.2301307,,,,,,,,,,29.46,,,,,,,,,
2023-07-25,,16090.7839,21934.12433,3196.268611,138.9704399,,,,,,,,,,29.46,,,,,,,,,
2023-07-25,,17089.45231,21985.30545,3442.379351,134.566739,,,,,,,,,,29.46,,,,,,,,,
2023-07-25,,18044.31419,21519.3737,3540.657174,132.0756828,,,,,,,,,,29.46,,,,,,,,,
2023-07-25,,18089.35908,20848.54582,3448.341464,125.056565,,,,,,,,,,29.46,,,,,,,,,
2023-07-25,,17441.50247,20126.70727,3439.847939,116.4249608,,,,,,,,,,29.46,,,,,,,,,
2023-07-25,,16643.15204,19255.37827,3261.010335,104.1839982,,,,,,,,,,29.46,,,,,,,,,
2023-07-25,,15474.00879,17772.07208,2990.736918,94.60806786,,,,,,,,,,29.46,,,,,,,,,
2023-07-25,,13355.00949,19306.49865,2460.115158,121.7608614,,,,,,,,,,29.46,,,,,,,,,
2023-07-25,,14382.27748,16272.73255,2730.795992,84.25832107,,,,,,,,,,29.46,,,,,,,,,
2023-07-26,,11891.55194,12781.3057,2268.614189,65.39814264,,,,,,,,,,29.46,,,,,,,,,
2023-07-26,,13273.22159,15183.45817,2636.853935,79.27997042,,,,,,,,,,29.46,,,,,,,,,
2023-07-26,,12498.62113,14313.45513,2461.200652,73.147522,,,,,,,,,,29.46,,,,,,,,,
2023-07-26,,12192.77444,13458.58405,2362.689366,68.16874527,,,,,,,,,,29.46,,,,,,,,,
2023-07-26,,11918.52912,12788.39243,2273.197634,64.39432487,,,,,,,,,,29.46,,,,,,,,,
2023-07-26,,12543.35647,18803.05408,2610.73534,133.0423995,,,,,,,,,,29.46,,,,,,,,,
2023-07-26,,13080.24967,16331.93545,2840.000169,144.0714144,,,,,,,,,,29.46,,,,,,,,,
2023-07-26,,12395.56927,12841.52563,2337.103943,67.37352021,,,,,,,,,,29.46,,,,,,,,,
2023-07-26,,12753.02867,13919.81845,2740.805515,122.1940848,,,,,,,,,,29.46,,,,,,,,,
2023-07-26,,13161.28361,15473.65503,2816.660676,134.4814065,,,,,,,,,,29.46,,,,,,,,,
2023-07-26,,12264.29198,12898.5564,2292.231305,65.23167838,,,,,,,,,,29.46,,,,,,,,,
2023-07-26,,12475.48932,17444.26647,2617.555991,148.9825389,,,,,,,,,,29.46,,,,,,,,,
2023-07-26,,16749.21964,22366.48998,3599.579423,135.8991036,,,,,,,,,,29.46,,,,,,,,,
2023-07-26,,12622.95291,19358.63611,2657.594193,124.7457464,,,,,,,,,,29.46,,,,,,,,,
2023-07-26,,13229.67577,20162.45919,2749.180899,129.445909,,,,,,,,,,29.46,,,,,,,,,
2023-07-26,,14937.38413,17558.5389,3090.681687,93.27733804,,,,,,,,,,29.46,,,,,,,,,
2023-07-26,,16219.24087,18910.18517,3367.662995,104.7317365,,,,,,,,,,29.46,,,,,,,,,
2023-07-26,,16890.58273,19909.24889,3597.372976,116.3102377,,,,,,,,,,29.46,,,,,,,,,
2023-07-26,,13995.0673,15984.46143,2800.458078,83.30494708,,,,,,,,,,29.46,,,,,,,,,
2023-07-26,,17361.06759,21622.66251,3733.430502,131.5135358,,,,,,,,,,29.46,,,,,,,,,
2023-07-26,,15809.34217,22251.89132,3337.380528,134.2456648,,,,,,,,,,29.46,,,,,,,,,
2023-07-26,,15002.3608,21643.69576,3122.66913,133.9047654,,,,,,,,,,29.46,,,,,,,,,
2023-07-26,,14032.94569,21057.10856,2916.505363,131.6790242,,,,,,,,,,29.46,,,,,,,,,
2023-07-26,,17445.5914,20738.63272,3592.737578,124.7124019,,,,,,,,,,29.46,,,,,,,,,
2023-07-27,,12947.36794,15454.33804,2836.106012,110.0033573,,,,,,,,,,29.46,,,,,,,,,
2023-07-27,,12137.10798,16631.26411,2493.878136,137.2060296,,,,,,,,,,29.46,,,,,,,,,
2023-07-27,,12886.63684,14744.94273,2712.609504,77.16148802,,,,,,,,,,29.46,,,,,,,,,
2023-07-27,,12363.32219,13815.36224,2587.025742,71.12650779,,,,,,,,,,29.46,,,,,,,,,
2023-07-27,,11916.34629,13355.28495,2350.564532,67.98517819,,,,,,,,,,29.46,,,,,,,,,
2023-07-27,,11551.07992,12685.15226,2259.846743,65.28946606,,,,,,,,,,29.46,,,,,,,,,
2023-07-27,,11434.27134,12581.92656,2251.025035,64.76692818,,,,,,,,,,29.46,,,,,,,,,
2023-07-27,,11799.99491,12643.06465,2349.826045,66.39581099,,,,,,,,,,29.46,,,,,,,,,
2023-07-27,,12396.48384,13014.16639,2463.117904,70.37733632,,,,,,,,,,29.46,,,,,,,,,
2023-07-27,,12911.03578,14246.47543,2903.710787,120.1731386,,,,,,,,,,29.46,,,,,,,,,
2023-07-27,,12636.44194,16180.57557,2732.813493,130.8560755,,,,,,,,,,29.46,,,,,,,,,
2023-07-27,,12033.64307,17465.84183,2455.23968,129.3283219,,,,,,,,,,29.46,,,,,,,,,
2023-07-27,,12290.65892,19504.76662,2631.688675,122.4761582,,,,,,,,,,29.46,,,,,,,,,
2023-07-27,,16458.96127,20246.12752,3217.930942,128.4966354,,,,,,,,,,29.46,,,,,,,,,
2023-07-27,,13091.18439,20802.60685,2785.362514,134.7968473,,,,,,,,,,29.46,,,,,,,,,
2023-07-27,,14641.25312,21867.53986,3131.645083,143.2825072,,,,,,,,,,29.46,,,,,,,,,
2023-07-27,,13891.85989,21557.6947,2905.56719,139.1462782,,,,,,,,,,29.46,,,,,,,,,
2023-07-27,,11938.2327,18135.31184,2510.053462,126.273665,,,,,,,,,,29.46,,,,,,,,,
2023-07-27,,15548.40675,21763.80461,3318.749002,150.0559666,,,,,,,,,,29.46,,,,,,,,,
2023-07-27,,15535.49249,18492.83467,3079.856774,104.487639,,,,,,,,,,29.46,,,,,,,,,
2023-07-27,,14350.48187,17123.18592,2853.715409,92.88556232,,,,,,,,,,29.46,,,,,,,,,
2023-07-27,,13448.04783,15677.91725,2611.400643,82.06650631,,,,,,,,,,29.46,,,,,,,,,
2023-07-27,,16278.25451,21090.37454,3260.079446,135.2142413,,,,,,,,,,29.46,,,,,,,,,
2023-07-27,,16213.57049,19323.31625,3175.033244,117.0199822,,,,,,,,,,29.46,,,,,,,,,
2023-07-28,,11845.96867,12511.03262,2318.76167,61.97974147,,,,,,,,,,29.46,,,,,,,,,
2023-07-28,,12732.9352,15001.61736,2782.220368,121.7732452,,,,,,,,,,29.46,,,,,,,,,
2023-07-28,,12763.84215,13942.37558,2721.528654,111.6916555,,,,,,,,,,29.46,,,,,,,,,
2023-07-28,,12332.70585,12803.51262,2360.379301,63.26066255,,,,,,,,,,29.46,,,,,,,,,
2023-07-28,,11343.22665,12616.23184,2230.452095,61.76765696,,,,,,,,,,29.46,,,,,,,,,
2023-07-28,,12486.65467,15621.63382,2594.151574,131.8988305,,,,,,,,,,29.46,,,,,,,,,
2023-07-28,,11684.6835,13067.9178,2282.223572,65.36733511,,,,,,,,,,29.46,,,,,,,,,
2023-07-28,,12175.22412,13783.68896,2446.259635,69.21837404,,,,,,,,,,29.46,,,,,,,,,
2023-07-28,,12662.27275,14587.26169,2561.210768,74.56697564,,,,,,,,,,29.46,,,,,,,,,
2023-07-28,,12270.73868,16507.47921,2336.634933,128.8021956,,,,,,,,,,29.46,,,,,,,,,
2023-07-28,,11692.57206,12750.57417,2226.630592,62.80459766,,,,,,,,,,29.46,,,,,,,,,
2023-07-28,,12232.96559,17116.83455,2285.287333,118.4541549,,,,,,,,,,29.46,,,,,,,,,
2023-07-28,,12454.55133,18581.42359,2268.723215,124.8595134,,,,,,,,,,29.46,,,,,,,,,
2023-07-28,,16230.85348,19353.7843,3147.838722,140.6389859,,,,,,,,,,29.46,,,,,,,,,
2023-07-28,,12171.23336,17711.49188,2277.05843,119.7769995,,,,,,,,,,29.46,,,,,,,,,
2023-07-28,,15273.64235,17267.40406,3004.615884,104.1058983,,,,,,,,,,29.46,,,,,,,,,
2023-07-28,,15846.63687,17919.50827,3094.633399,116.5304418,,,,,,,,,,29.46,,,,,,,,,
2023-07-28,,16379.24983,18576.29843,3116.492757,125.9286909,,,,,,,,,,29.46,,,,,,,,,
2023-07-28,,14352.80221,16088.79311,2860.66678,92.22695007,,,,,,,,,,29.46,,,,,,,,,
2023-07-28,,15426.36308,19803.19301,2987.616681,142.5827344,,,,,,,,,,29.46,,,,,,,,,
2023-07-28,,14307.92171,19753.04053,2681.786975,137.0902766,,,,,,,,,,29.46,,,,,,,,,
2023-07-28,,13405.77631,19588.80048,2484.929548,138.0278912,,,,,,,,,,29.46,,,,,,,,,
2023-07-28,,13003.03548,19204.09696,2356.622863,139.336995,,,,,,,,,,29.46,,,,,,,,,
2023-07-28,,13186.16042,15058.95341,2655.522283,83.32943814,,,,,,,,,,29.46,,,,,,,,,
2023-07-29,,12149.11301,13409.9845,2391.921455,71.44907004,,,,,,,,,,29.46,,,,,,,,,
2023-07-29,,11729.8129,12777.09061,2295.807652,66.58032005,,,,,,,,,,29.46,,,,,,,,,
2023-07-29,,11373.95828,12392.65341,2201.084498,63.63987751,,,,,,,,,,29.46,,,,,,,,,
2023-07-29,,11244.98256,11908.84899,2153.119624,61.67135266,,,,,,,,,,29.46,,,,,,,,,
2023-07-29,,11163.45255,12081.29527,2147.854095,61.64983611,,,,,,,,,,29.46,,,,,,,,,
2023-07-29,,11473.1717,13731.24001,2369.496437,132.6828149,,,,,,,,,,29.46,,,,,,,,,
2023-07-29,,11324.86648,11644.34597,2153.769123,61.98214072,,,,,,,,,,29.46,,,,,,,,,
2023-07-29,,11563.82666,12331.14314,2370.130146,98.15003549,,,,,,,,,,29.46,,,,,,,,,
2023-07-29,,11960.52271,13308.14065,2474.891898,121.7925772,,,,,,,,,,29.46,,,,,,,,,
2023-07-29,,10956.65016,14590.04582,2200.369276,142.2947736,,,,,,,,,,29.46,,,,,,,,,
2023-07-29,,12659.46815,14239.46913,2538.401209,76.74407995,,,,,,,,,,29.46,,,,,,,,,
2023-07-29,,10644.09012,15611.883,2153.188965,129.4675897,,,,,,,,,,29.46,,,,,,,,,
2023-07-29,,15147.08719,17826.6893,3128.960671,117.1010757,,,,,,,,,,29.46,,,,,,,,,
2023-07-29,,15524.15923,18434.73547,3134.172611,126.182418,,,,,,,,,,29.46,,,,,,,,,
2023-07-29,,11185.34468,16911.73033,2335.576046,131.1937446,,,,,,,,,,29.46,,,,,,,,,
2023-07-29,,13630.1866,16003.00247,2860.115783,95.43262904,,,,,,,,,,29.46,,,,,,,,,
2023-07-29,,14644.17188,16972.83815,3047.61568,105.8910696,,,,,,,,,,29.46,,,,,,,,,
2023-07-29,,13022.39082,15003.27158,2657.927515,86.09808816,,,,,,,,,,29.46,,,,,,,,,
2023-07-29,,15468.425,19041.90375,3152.040983,135.3945273,,,,,,,,,,29.46,,,,,,,,,
2023-07-29,,14834.23941,19086.62285,3020.020766,137.2207995,,,,,,,,,,29.46,,,,,,,,,
2023-07-29,,13710.83503,18531.88796,2729.007194,135.4173823,,,,,,,,,,29.46,,,,,,,,,
2023-07-29,,12587.87853,17887.62873,2485.863228,149.9576941,,,,,,,,,,29.46,,,,,,,,,
2023-07-29,,11540.72059,17349.70709,2322.500649,136.9252061,,,,,,,,,,29.46,,,,,,,,,
2023-07-29,,10689.18923,16417.92864,2272.824858,135.973089,,,,,,,,,,29.46,,,,,,,,,
2023-07-30,,11431.34909,13236.42134,2454.149652,72.08103319,,,,,,,,,,29.46,,,,,,,,,
2023-07-30,,10910.23314,12637.30501,2322.747111,67.68556252,,,,,,,,,,29.46,,,,,,,,,
2023-07-30,,10623.21171,12301.55562,2234.756898,64.23683434,,,,,,,,,,29.46,,,,,,,,,
2023-07-30,,10493.70682,11820.61102,2188.063041,62.92837718,,,,,,,,,,29.46,,,,,,,,,
2023-07-30,,10480.32373,11674.61633,2190.350071,61.46953755,,,,,,,,,,29.46,,,,,,,,,
2023-07-30,,10622.79913,11732.86599,2414.257684,103.3102373,,,,,,,,,,29.46,,,,,,,,,
2023-07-30,,10548.83379,12384.10185,2457.836126,115.4252684,,,,,,,,,,29.46,,,,,,,,,
2023-07-30,,10166.22835,12945.21612,2333.780479,125.2304078,,,,,,,,,,29.46,,,,,,,,,
2023-07-30,,12123.77233,13937.07528,2592.039432,78.8707926,,,,,,,,,,29.46,,,,,,,,,
2023-07-30,,10343.07845,11174.11234,2157.722319,61.47762816,,,,,,,,,,29.46,,,,,,,,,
2023-07-30,,9998.348532,13719.20252,2095.088556,132.5194943,,,,,,,,,,29.46,,,,,,,,,
2023-07-30,,9618.571337,14262.94909,1942.236754,134.6852808,,,,,,,,,,29.46,,,,,,,,,
2023-07-30,,9543.532217,14847.58752,2040.037684,129.7037414,,,,,,,,,,29.46,,,,,,,,,
2023-07-30,,10911.70035,16794.13461,2640.148006,131.4920095,,,,,,,,,,29.46,,,,,,,,,
2023-07-30,,11938.07276,17569.00191,2639.011981,128.8583497,,,,,,,,,,29.46,,,,,,,,,
2023-07-30,,13190.41537,18383.29078,2774.665784,125.0247552,,,,,,,,,,29.46,,,,,,,,,
2023-07-30,,14498.06236,19015.6103,3080.214495,126.5013794,,,,,,,,,,29.46,,,,,,,,,
2023-07-30,,15530.20567,19102.26427,3264.018639,118.2558555,,,,,,,,,,29.46,,,,,,,,,
2023-07-30,,15700.45396,18571.41544,3299.967591,109.0789522,,,,,,,,,,29.46,,,,,,,,,
2023-07-30,,15372.00688,18098.74314,3287.5083,103.7372403,,,,,,,,,,29.46,,,,,,,,,
2023-07-30,,14804.40723,17376.14582,3178.5541,94.79867859,,,,,,,,,,29.46,,,,,,,,,
2023-07-30,,13679.18344,16278.66682,2944.910877,85.7620993,,,,,,,,,,29.46,,,,,,,,,
2023-07-30,,10222.82713,15688.8797,2464.607622,131.4590255,,,,,,,,,,29.46,,,,,,,,,
2023-07-30,,12530.894,15020.87314,2688.053866,79.56747608,,,,,,,,,,29.46,,,,,,,,,
2023-07-31,,12230.06644,13991.33844,2679.415984,74.63202527,,,,,,,,,,29.46,,,,,,,,,
2023-07-31,,11702.02937,13354.22318,2548.691863,71.64199505,,,,,,,,,,29.46,,,,,,,,,
2023-07-31,,11687.68577,12705.0352,2443.518081,70.24879331,,,,,,,,,,29.46,,,,,,,,,
2023-07-31,,11376.54307,12401.73618,2434.838419,68.15916034,,,,,,,,,,29.46,,,,,,,,,
2023-07-31,,11867.63952,15160.48331,2655.914521,83.69785434,,,,,,,,,,29.46,,,,,,,,,
2023-07-31,,11533.56245,17997.77564,3018.504995,101.4238878,,,,,,,,,,29.46,,,,,,,,,
2023-07-31,,11646.51733,13153.19049,2522.847196,69.19335091,,,,,,,,,,29.46,,,,,,,,,
2023-07-31,,11947.04978,14135.97835,2657.744301,82.74094983,,,,,,,,,,29.46,,,,,,,,,
2023-07-31,,11712.63221,16812.95313,2948.922609,117.4448696,,,,,,,,,,29.46,,,,,,,,,
2023-07-31,,11301.31979,12162.42991,2406.263204,66.93372942,,,,,,,,,,29.46,,,,,,,,,
2023-07-31,,13406.34926,15117.29684,2761.962156,73.70710967,,,,,,,,,,29.46,,,,,,,,,
2023-07-31,,16933.36657,18649.84199,3120.777763,107.3715753,,,,,,,,,,29.46,,,,,,,,,
2023-07-31,,13374.34361,19952.52544,3040.371184,99.82807615,,,,,,,,,,29.46,,,,,,,,,
2023-07-31,,14387.67707,19993.48854,2996.742498,107.1168989,,,,,,,,,,29.46,,,,,,,,,
2023-07-31,,15384.49865,19841.50252,2945.490454,139.454896,,,,,,,,,,29.46,,,,,,,,,
2023-07-31,,16208.04949,19351.70742,3121.902477,102.44773,,,,,,,,,,29.46,,,,,,,,,
2023-07-31,,17034.77599,17940.74945,3119.382922,100.5543399,,,,,,,,,,29.46,,,,,,,,,
2023-07-31,,16516.84987,17804.68116,3197.07448,95.41172751,,,,,,,,,,29.46,,,,,,,,,
2023-07-31,,15721.66156,17200.65816,3123.109787,87.25352921,,,,,,,,,,29.46,,,,,,,,,
2023-07-31,,14458.55404,16252.05851,2942.273225,79.9938662,,,,,,,,,,29.46,,,,,,,,,
2023-07-31,,12517.22649,19532.16007,2815.345777,95.57605949,,,,,,,,,,29.46,,,,,,,,,
2023-07-31,,11777.77105,16084.06344,2755.824349,87.73255579,,,,,,,,,,29.46,,,,,,,,,
2023-07-31,,11913.51084,18797.30126,3014.689715,97.05041227,,,,,,,,,,29.46,,,,,,,,,
2023-07-31,,11138.90591,12601.04333,2416.075401,67.99798687,,,,,,,,,,29.46,,,,,,,,,
