Date,HE,PGE,SCE,SDGE,VEA,CAISO Total,daily_mean_load_lag_1,daily_std_load_lag_1,daily_mean_load_lag_7,daily_std_load_lag_7,daily_mean_load_lag_15,daily_std_load_lag_15,daily_mean_load_lag_30,daily_std_load_lag_30
2022-02-01 00:00:00,15.0,9475.27,10626.6,2228.93,59.25,0.0,0.0,0.0,0.0,0.0,0.0,0.0,0.0,0.0
2022-02-01 01:00:00,14.833333333333334,9497.001666666667,10636.565416666666,2214.080833333333,60.678333333333335,0.0,0.0,0.0,0.0,0.0,0.0,0.0,0.0,0.0
2022-02-01 02:00:00,14.666666666666666,9518.733333333334,10646.530833333334,2199.2316666666666,62.10666666666667,0.0,0.0,0.0,0.0,0.0,0.0,0.0,0.0,0.0
2022-02-01 03:00:00,14.5,9540.465,10656.49625,2184.3824999999997,63.535,0.0,0.0,0.0,0.0,0.0,0.0,0.0,0.0,0.0
2022-02-01 04:00:00,14.333333333333334,9562.196666666667,10666.461666666666,2169.5333333333333,64.96333333333334,0.0,0.0,0.0,0.0,0.0,0.0,0.0,0.0,0.0
2022-02-01 05:00:00,14.166666666666666,9583.928333333333,10676.427083333334,2154.6841666666664,66.39166666666667,0.0,0.0,0.0,0.0,0.0,0.0,0.0,0.0,0.0
2022-02-01 06:00:00,14.0,9605.66,10686.3925,2139.835,67.82,0.0,0.0,0.0,0.0,0.0,0.0,0.0,0.0,0.0
2022-02-01 07:00:00,13.833333333333334,9627.391666666666,10696.357916666668,2124.985833333333,69.24833333333333,0.0,0.0,0.0,0.0,0.0,0.0,0.0,0.0,0.0
2022-02-01 08:00:00,13.666666666666666,9649.123333333333,10706.323333333334,2110.1366666666663,70.67666666666666,0.0,0.0,0.0,0.0,0.0,0.0,0.0,0.0,0.0
2022-02-01 09:00:00,13.5,9670.855,10716.28875,2095.2875,72.105,0.0,0.0,0.0,0.0,0.0,0.0,0.0,0.0,0.0
2022-02-01 10:00:00,13.333333333333334,9692.586666666666,10726.254166666668,2080.438333333333,73.53333333333333,0.0,0.0,0.0,0.0,0.0,0.0,0.0,0.0,0.0
2022-02-01 11:00:00,13.166666666666666,9714.318333333333,10736.219583333334,2065.5891666666666,74.96166666666667,0.0,0.0,0.0,0.0,0.0,0.0,0.0,0.0,0.0
2022-02-01 12:00:00,13.0,9736.05,10746.185000000001,2050.74,76.39,0.0,0.0,0.0,0.0,0.0,0.0,0.0,0.0,0.0
2022-02-01 13:00:00,12.833333333333334,9757.781666666668,10756.150416666667,2035.8908333333331,77.81833333333333,0.0,0.0,0.0,0.0,0.0,0.0,0.0,0.0,0.0
2022-02-01 14:00:00,12.666666666666668,9779.513333333334,10766.115833333333,2021.0416666666665,79.24666666666667,0.0,0.0,0.0,0.0,0.0,0.0,0.0,0.0,0.0
2022-02-01 15:00:00,12.5,9801.245,10776.081250000001,2006.1924999999999,80.675,0.0,0.0,0.0,0.0,0.0,0.0,0.0,0.0,0.0
2022-02-01 16:00:00,12.333333333333334,9822.976666666667,10786.046666666667,1991.3433333333332,82.10333333333334,0.0,0.0,0.0,0.0,0.0,0.0,0.0,0.0,0.0
2022-02-01 17:00:00,12.166666666666668,9844.708333333334,10796.012083333333,1976.4941666666666,83.53166666666667,0.0,0.0,0.0,0.0,0.0,0.0,0.0,0.0,0.0
2022-02-01 18:00:00,12.0,9866.44,10805.9775,1961.645,84.96000000000001,0.0,0.0,0.0,0.0,0.0,0.0,0.0,0.0,0.0
2022-02-01 19:00:00,11.833333333333334,9888.171666666667,10815.942916666667,1946.7958333333331,86.38833333333334,0.0,0.0,0.0,0.0,0.0,0.0,0.0,0.0,0.0
2022-02-01 20:00:00,11.666666666666668,9909.903333333334,10825.908333333333,1931.9466666666667,87.81666666666666,0.0,0.0,0.0,0.0,0.0,0.0,0.0,0.0,0.0
2022-02-01 21:00:00,11.5,9931.635,10835.87375,1917.0974999999999,89.245,0.0,0.0,0.0,0.0,0.0,0.0,0.0,0.0,0.0
2022-02-01 22:00:00,11.333333333333334,9953.366666666667,10845.839166666667,1902.2483333333332,90.67333333333333,0.0,0.0,0.0,0.0,0.0,0.0,0.0,0.0,0.0
2022-02-01 23:00:00,11.166666666666668,9975.098333333333,10855.804583333334,1887.3991666666666,92.10166666666666,0.0,0.0,0.0,0.0,0.0,0.0,0.0,0.0,0.0
2022-02-02 00:00:00,11.0,9996.83,10865.77,1872.55,93.53,0.0,0.0,0.0,0.0,0.0,0.0,0.0,0.0,0.0
2022-02-02 01:00:00,10.583333333333334,10010.053333333333,10828.723750000001,1880.84,93.42875000000001,0.0,0.0,0.0,0.0,0.0,0.0,0.0,0.0,0.0
2022-02-02 02:00:00,10.166666666666666,10023.276666666667,10791.6775,1889.1299999999999,93.3275,0.0,0.0,0.0,0.0,0.0,0.0,0.0,0.0,0.0
2022-02-02 03:00:00,9.75,10036.5,10754.63125,1897.42,93.22625,0.0,0.0,0.0,0.0,0.0,0.0,0.0,0.0,0.0
2022-02-02 04:00:00,9.333333333333334,10049.723333333333,10717.585000000001,1905.71,93.125,0.0,0.0,0.0,0.0,0.0,0.0,0.0,0.0,0.0
2022-02-02 05:00:00,8.916666666666666,10062.946666666667,10680.53875,1914.0,93.02375,0.0,0.0,0.0,0.0,0.0,0.0,0.0,0.0,0.0
2022-02-02 06:00:00,8.5,10076.17,10643.4925,1922.29,92.9225,0.0,0.0,0.0,0.0,0.0,0.0,0.0,0.0,0.0
2022-02-02 07:00:00,8.083333333333332,10089.393333333333,10606.44625,1930.58,92.82124999999999,0.0,0.0,0.0,0.0,0.0,0.0,0.0,0.0,0.0
2022-02-02 08:00:00,7.666666666666666,10102.616666666667,10569.4,1938.8700000000001,92.72,0.0,0.0,0.0,0.0,0.0,0.0,0.0,0.0,0.0
2022-02-02 09:00:00,7.25,10115.84,10532.35375,1947.16,92.61875,0.0,0.0,0.0,0.0,0.0,0.0,0.0,0.0,0.0
2022-02-02 10:00:00,6.833333333333333,10129.063333333334,10495.3075,1955.45,92.5175,0.0,0.0,0.0,0.0,0.0,0.0,0.0,0.0,0.0
2022-02-02 11:00:00,6.416666666666666,10142.286666666667,10458.26125,1963.74,92.41624999999999,0.0,0.0,0.0,0.0,0.0,0.0,0.0,0.0,0.0
2022-02-02 12:00:00,6.0,10155.51,10421.215,1972.0300000000002,92.315,0.0,0.0,0.0,0.0,0.0,0.0,0.0,0.0,0.0
2022-02-02 13:00:00,5.583333333333333,10168.733333333334,10384.16875,1980.3200000000002,92.21375,0.0,0.0,0.0,0.0,0.0,0.0,0.0,0.0,0.0
2022-02-02 14:00:00,5.166666666666666,10181.956666666667,10347.1225,1988.6100000000001,92.1125,0.0,0.0,0.0,0.0,0.0,0.0,0.0,0.0,0.0
2022-02-02 15:00:00,4.75,10195.18,10310.07625,1996.9,92.01124999999999,0.0,0.0,0.0,0.0,0.0,0.0,0.0,0.0,0.0
2022-02-02 16:00:00,4.333333333333333,10208.403333333334,10273.03,2005.19,91.91,0.0,0.0,0.0,0.0,0.0,0.0,0.0,0.0,0.0
2022-02-02 17:00:00,3.916666666666666,10221.626666666667,10235.98375,2013.4800000000002,91.80875,0.0,0.0,0.0,0.0,0.0,0.0,0.0,0.0,0.0
2022-02-02 18:00:00,3.5,10234.85,10198.9375,2021.7700000000002,91.7075,0.0,0.0,0.0,0.0,0.0,0.0,0.0,0.0,0.0
2022-02-02 19:00:00,3.083333333333333,10248.073333333334,10161.89125,2030.0600000000002,91.60624999999999,0.0,0.0,0.0,0.0,0.0,0.0,0.0,0.0,0.0
2022-02-02 20:00:00,2.666666666666666,10261.296666666667,10124.845,2038.3500000000001,91.505,0.0,0.0,0.0,0.0,0.0,0.0,0.0,0.0,0.0
2022-02-02 21:00:00,2.25,10274.52,10087.79875,2046.64,91.40375,0.0,0.0,0.0,0.0,0.0,0.0,0.0,0.0,0.0
2022-02-02 22:00:00,1.8333333333333321,10287.743333333334,10050.7525,2054.9300000000003,91.3025,0.0,0.0,0.0,0.0,0.0,0.0,0.0,0.0,0.0
2022-02-02 23:00:00,1.416666666666666,10300.966666666667,10013.70625,2063.2200000000003,91.20124999999999,0.0,0.0,0.0,0.0,0.0,0.0,0.0,0.0,0.0
2022-02-03 00:00:00,1.0,10314.19,9976.66,2071.51,91.1,0.0,0.0,0.0,0.0,0.0,0.0,0.0,0.0,0.0
2022-02-03 01:00:00,1.0416666666666667,10299.375833333334,9961.85,2070.890416666667,91.09916666666666,0.0,0.0,0.0,0.0,0.0,0.0,0.0,0.0,0.0
2022-02-03 02:00:00,1.0833333333333333,10284.561666666666,9947.039999999999,2070.2708333333335,91.09833333333333,0.0,0.0,0.0,0.0,0.0,0.0,0.0,0.0,0.0
2022-02-03 03:00:00,1.125,10269.747500000001,9932.23,2069.6512500000003,91.0975,0.0,0.0,0.0,0.0,0.0,0.0,0.0,0.0,0.0
2022-02-03 04:00:00,1.1666666666666667,10254.933333333334,9917.42,2069.0316666666668,91.09666666666666,0.0,0.0,0.0,0.0,0.0,0.0,0.0,0.0,0.0
2022-02-03 05:00:00,1.2083333333333333,10240.119166666667,9902.61,2068.4120833333336,91.09583333333333,0.0,0.0,0.0,0.0,0.0,0.0,0.0,0.0,0.0
2022-02-03 06:00:00,1.25,10225.305,9887.8,2067.7925,91.095,0.0,0.0,0.0,0.0,0.0,0.0,0.0,0.0,0.0
2022-02-03 07:00:00,1.2916666666666665,10210.490833333333,9872.99,2067.172916666667,91.09416666666667,0.0,0.0,0.0,0.0,0.0,0.0,0.0,0.0,0.0
2022-02-03 08:00:00,1.3333333333333333,10195.676666666666,9858.18,2066.5533333333333,91.09333333333333,0.0,0.0,0.0,0.0,0.0,0.0,0.0,0.0,0.0
2022-02-03 09:00:00,1.375,10180.8625,9843.369999999999,2065.93375,91.0925,0.0,0.0,0.0,0.0,0.0,0.0,0.0,0.0,0.0
2022-02-03 10:00:00,1.4166666666666665,10166.048333333334,9828.56,2065.3141666666666,91.09166666666667,0.0,0.0,0.0,0.0,0.0,0.0,0.0,0.0,0.0
2022-02-03 11:00:00,1.4583333333333333,10151.234166666667,9813.75,2064.6945833333334,91.09083333333334,0.0,0.0,0.0,0.0,0.0,0.0,0.0,0.0,0.0
2022-02-03 12:00:00,1.5,10136.42,9798.939999999999,2064.075,91.09,0.0,0.0,0.0,0.0,0.0,0.0,0.0,0.0,0.0
2022-02-03 13:00:00,1.5416666666666665,10121.605833333333,9784.13,2063.4554166666667,91.08916666666666,0.0,0.0,0.0,0.0,0.0,0.0,0.0,0.0,0.0
2022-02-03 14:00:00,1.5833333333333333,10106.791666666666,9769.32,2062.8358333333335,91.08833333333332,0.0,0.0,0.0,0.0,0.0,0.0,0.0,0.0,0.0
2022-02-03 15:00:00,1.625,10091.9775,9754.51,2062.21625,91.08749999999999,0.0,0.0,0.0,0.0,0.0,0.0,0.0,0.0,0.0
2022-02-03 16:00:00,1.6666666666666665,10077.163333333334,9739.699999999999,2061.596666666667,91.08666666666666,0.0,0.0,0.0,0.0,0.0,0.0,0.0,0.0,0.0
2022-02-03 17:00:00,1.7083333333333333,10062.349166666667,9724.89,2060.977083333333,91.08583333333333,0.0,0.0,0.0,0.0,0.0,0.0,0.0,0.0,0.0
2022-02-03 18:00:00,1.75,10047.535,9710.08,2060.3575,91.085,0.0,0.0,0.0,0.0,0.0,0.0,0.0,0.0,0.0
2022-02-03 19:00:00,1.7916666666666665,10032.720833333333,9695.269999999999,2059.7379166666665,91.08416666666666,0.0,0.0,0.0,0.0,0.0,0.0,0.0,0.0,0.0
2022-02-03 20:00:00,1.8333333333333333,10017.906666666666,9680.46,2059.1183333333333,91.08333333333333,0.0,0.0,0.0,0.0,0.0,0.0,0.0,0.0,0.0
2022-02-03 21:00:00,1.875,10003.092499999999,9665.65,2058.4987499999997,91.0825,0.0,0.0,0.0,0.0,0.0,0.0,0.0,0.0,0.0
2022-02-03 22:00:00,1.9166666666666665,9988.278333333334,9650.84,2057.8791666666666,91.08166666666666,0.0,0.0,0.0,0.0,0.0,0.0,0.0,0.0,0.0
2022-02-03 23:00:00,1.9583333333333333,9973.464166666667,9636.029999999999,2057.259583333333,91.08083333333333,0.0,0.0,0.0,0.0,0.0,0.0,0.0,0.0,0.0
2022-02-04 00:00:00,2.0,9958.65,9621.22,2056.64,91.08,0.0,0.0,0.0,0.0,0.0,0.0,0.0,0.0,0.0
2022-02-04 01:00:00,2.375,9939.869166666665,9615.345833333333,2040.065833333333,90.44958333333334,0.0,0.0,0.0,0.0,0.0,0.0,0.0,0.0,0.0
2022-02-04 02:00:00,2.75,9921.088333333333,9609.471666666666,2023.4916666666666,89.81916666666666,0.0,0.0,0.0,0.0,0.0,0.0,0.0,0.0,0.0
2022-02-04 03:00:00,3.125,9902.307499999999,9603.5975,2006.9174999999998,89.18875,0.0,0.0,0.0,0.0,0.0,0.0,0.0,0.0,0.0
2022-02-04 04:00:00,3.5,9883.526666666667,9597.723333333333,1990.3433333333332,88.55833333333334,0.0,0.0,0.0,0.0,0.0,0.0,0.0,0.0,0.0
2022-02-04 05:00:00,3.875,9864.745833333332,9591.849166666667,1973.7691666666665,87.92791666666666,0.0,0.0,0.0,0.0,0.0,0.0,0.0,0.0,0.0
2022-02-04 06:00:00,4.25,9845.965,9585.974999999999,1957.195,87.2975,0.0,0.0,0.0,0.0,0.0,0.0,0.0,0.0,0.0
2022-02-04 07:00:00,4.625,9827.184166666666,9580.100833333332,1940.6208333333332,86.66708333333334,0.0,0.0,0.0,0.0,0.0,0.0,0.0,0.0,0.0
2022-02-04 08:00:00,5.0,9808.403333333334,9574.226666666666,1924.0466666666666,86.03666666666666,0.0,0.0,0.0,0.0,0.0,0.0,0.0,0.0,0.0
2022-02-04 09:00:00,5.375,9789.6225,9568.352499999999,1907.4724999999999,85.40625,0.0,0.0,0.0,0.0,0.0,0.0,0.0,0.0,0.0
2022-02-04 10:00:00,5.75,9770.841666666667,9562.478333333333,1890.898333333333,84.77583333333334,0.0,0.0,0.0,0.0,0.0,0.0,0.0,0.0,0.0
2022-02-04 11:00:00,6.125,9752.060833333333,9556.604166666666,1874.3241666666665,84.14541666666666,0.0,0.0,0.0,0.0,0.0,0.0,0.0,0.0,0.0
2022-02-04 12:00:00,6.5,9733.279999999999,9550.73,1857.75,83.515,0.0,0.0,0.0,0.0,0.0,0.0,0.0,0.0,0.0
2022-02-04 13:00:00,6.875,9714.499166666666,9544.855833333333,1841.1758333333332,82.88458333333334,0.0,0.0,0.0,0.0,0.0,0.0,0.0,0.0,0.0
2022-02-04 14:00:00,7.25,9695.718333333332,9538.981666666667,1824.6016666666665,82.25416666666666,0.0,0.0,0.0,0.0,0.0,0.0,0.0,0.0,0.0
2022-02-04 15:00:00,7.625,9676.9375,9533.1075,1808.0275,81.62375,0.0,0.0,0.0,0.0,0.0,0.0,0.0,0.0,0.0
2022-02-04 16:00:00,8.0,9658.156666666666,9527.233333333334,1791.4533333333331,80.99333333333334,0.0,0.0,0.0,0.0,0.0,0.0,0.0,0.0,0.0
2022-02-04 17:00:00,8.375,9639.375833333334,9521.359166666667,1774.8791666666666,80.36291666666666,0.0,0.0,0.0,0.0,0.0,0.0,0.0,0.0,0.0
2022-02-04 18:00:00,8.75,9620.595,9515.485,1758.3049999999998,79.7325,0.0,0.0,0.0,0.0,0.0,0.0,0.0,0.0,0.0
2022-02-04 19:00:00,9.125,9601.814166666667,9509.610833333332,1741.730833333333,79.10208333333334,0.0,0.0,0.0,0.0,0.0,0.0,0.0,0.0,0.0
2022-02-04 20:00:00,9.5,9583.033333333333,9503.736666666666,1725.1566666666665,78.47166666666666,0.0,0.0,0.0,0.0,0.0,0.0,0.0,0.0,0.0
2022-02-04 21:00:00,9.875,9564.2525,9497.8625,1708.5825,77.84125,0.0,0.0,0.0,0.0,0.0,0.0,0.0,0.0,0.0
2022-02-04 22:00:00,10.25,9545.471666666666,9491.988333333333,1692.0083333333332,77.21083333333334,0.0,0.0,0.0,0.0,0.0,0.0,0.0,0.0,0.0
2022-02-04 23:00:00,10.625,9526.690833333334,9486.114166666666,1675.4341666666664,76.58041666666666,0.0,0.0,0.0,0.0,0.0,0.0,0.0,0.0,0.0
2022-02-05 00:00:00,11.0,9507.91,9480.24,1658.86,75.95,0.0,0.0,0.0,0.0,0.0,0.0,0.0,0.0,0.0
2022-02-05 01:00:00,11.0,9456.397916666667,9444.54625,1653.3799999999999,75.51083333333334,0.0,0.0,0.0,0.0,0.0,0.0,0.0,0.0,0.0
2022-02-05 02:00:00,11.0,9404.885833333334,9408.852499999999,1647.8999999999999,75.07166666666667,0.0,0.0,0.0,0.0,0.0,0.0,0.0,0.0,0.0
2022-02-05 03:00:00,11.0,9353.37375,9373.15875,1642.4199999999998,74.63250000000001,0.0,0.0,0.0,0.0,0.0,0.0,0.0,0.0,0.0
2022-02-05 04:00:00,11.0,9301.861666666668,9337.465,1636.9399999999998,74.19333333333333,0.0,0.0,0.0,0.0,0.0,0.0,0.0,0.0,0.0
2022-02-05 05:00:00,11.0,9250.349583333333,9301.77125,1631.4599999999998,73.75416666666666,0.0,0.0,0.0,0.0,0.0,0.0,0.0,0.0,0.0
2022-02-05 06:00:00,11.0,9198.8375,9266.0775,1625.98,73.315,0.0,0.0,0.0,0.0,0.0,0.0,0.0,0.0,0.0
2022-02-05 07:00:00,11.0,9147.325416666667,9230.383749999999,1620.5,72.87583333333333,0.0,0.0,0.0,0.0,0.0,0.0,0.0,0.0,0.0
2022-02-05 08:00:00,11.0,9095.813333333334,9194.69,1615.02,72.43666666666667,0.0,0.0,0.0,0.0,0.0,0.0,0.0,0.0,0.0
2022-02-05 09:00:00,11.0,9044.30125,9158.99625,1609.54,71.9975,0.0,0.0,0.0,0.0,0.0,0.0,0.0,0.0,0.0
2022-02-05 10:00:00,11.0,8992.789166666667,9123.3025,1604.06,71.55833333333334,0.0,0.0,0.0,0.0,0.0,0.0,0.0,0.0,0.0
2022-02-05 11:00:00,11.0,8941.277083333334,9087.60875,1598.58,71.11916666666667,0.0,0.0,0.0,0.0,0.0,0.0,0.0,0.0,0.0
2022-02-05 12:00:00,11.0,8889.765,9051.915,1593.1,70.68,0.0,0.0,0.0,0.0,0.0,0.0,0.0,0.0,0.0
2022-02-05 13:00:00,11.0,8838.252916666666,9016.22125,1587.62,70.24083333333333,0.0,0.0,0.0,0.0,0.0,0.0,0.0,0.0,0.0
2022-02-05 14:00:00,11.0,8786.740833333333,8980.5275,1582.1399999999999,69.80166666666666,0.0,0.0,0.0,0.0,0.0,0.0,0.0,0.0,0.0
2022-02-05 15:00:00,11.0,8735.22875,8944.83375,1576.6599999999999,69.3625,0.0,0.0,0.0,0.0,0.0,0.0,0.0,0.0,0.0
2022-02-05 16:00:00,11.0,8683.716666666667,8909.14,1571.1799999999998,68.92333333333333,0.0,0.0,0.0,0.0,0.0,0.0,0.0,0.0,0.0
2022-02-05 17:00:00,11.0,8632.204583333334,8873.44625,1565.6999999999998,68.48416666666667,0.0,0.0,0.0,0.0,0.0,0.0,0.0,0.0,0.0
2022-02-05 18:00:00,11.0,8580.692500000001,8837.7525,1560.2199999999998,68.045,0.0,0.0,0.0,0.0,0.0,0.0,0.0,0.0,0.0
2022-02-05 19:00:00,11.0,8529.180416666668,8802.05875,1554.74,67.60583333333334,0.0,0.0,0.0,0.0,0.0,0.0,0.0,0.0,0.0
2022-02-05 20:00:00,11.0,8477.668333333335,8766.365,1549.26,67.16666666666666,0.0,0.0,0.0,0.0,0.0,0.0,0.0,0.0,0.0
2022-02-05 21:00:00,11.0,8426.15625,8730.67125,1543.78,66.72749999999999,0.0,0.0,0.0,0.0,0.0,0.0,0.0,0.0,0.0
2022-02-05 22:00:00,11.0,8374.644166666667,8694.9775,1538.3,66.28833333333333,0.0,0.0,0.0,0.0,0.0,0.0,0.0,0.0,0.0
2022-02-05 23:00:00,11.0,8323.132083333334,8659.28375,1532.82,65.84916666666666,0.0,0.0,0.0,0.0,0.0,0.0,0.0,0.0,0.0
2022-02-06 00:00:00,11.0,8271.62,8623.59,1527.34,65.41,0.0,0.0,0.0,0.0,0.0,0.0,0.0,0.0,0.0
2022-02-06 01:00:00,10.625,8316.04875,8624.787083333333,1539.5141666666666,65.84041666666667,0.0,0.0,0.0,0.0,0.0,0.0,0.0,0.0,0.0
2022-02-06 02:00:00,10.25,8360.4775,8625.984166666667,1551.6883333333333,66.27083333333333,0.0,0.0,0.0,0.0,0.0,0.0,0.0,0.0,0.0
2022-02-06 03:00:00,9.875,8404.90625,8627.18125,1563.8625,66.70125,0.0,0.0,0.0,0.0,0.0,0.0,0.0,0.0,0.0
2022-02-06 04:00:00,9.5,8449.335000000001,8628.378333333334,1576.0366666666666,67.13166666666666,0.0,0.0,0.0,0.0,0.0,0.0,0.0,0.0,0.0
2022-02-06 05:00:00,9.125,8493.76375,8629.575416666667,1588.2108333333333,67.56208333333333,0.0,0.0,0.0,0.0,0.0,0.0,0.0,0.0,0.0
2022-02-06 06:00:00,8.75,8538.192500000001,8630.7725,1600.385,67.99249999999999,0.0,0.0,0.0,0.0,0.0,0.0,0.0,0.0,0.0
2022-02-06 07:00:00,8.375,8582.62125,8631.969583333334,1612.5591666666667,68.42291666666667,0.0,0.0,0.0,0.0,0.0,0.0,0.0,0.0,0.0
2022-02-06 08:00:00,8.0,8627.050000000001,8633.166666666666,1624.7333333333333,68.85333333333332,0.0,0.0,0.0,0.0,0.0,0.0,0.0,0.0,0.0
2022-02-06 09:00:00,7.625,8671.47875,8634.36375,1636.9075,69.28375,0.0,0.0,0.0,0.0,0.0,0.0,0.0,0.0,0.0
2022-02-06 10:00:00,7.25,8715.907500000001,8635.560833333333,1649.0816666666667,69.71416666666666,0.0,0.0,0.0,0.0,0.0,0.0,0.0,0.0,0.0
2022-02-06 11:00:00,6.875,8760.33625,8636.757916666667,1661.2558333333334,70.14458333333333,0.0,0.0,0.0,0.0,0.0,0.0,0.0,0.0,0.0
2022-02-06 12:00:00,6.5,8804.765,8637.955,1673.4299999999998,70.57499999999999,0.0,0.0,0.0,0.0,0.0,0.0,0.0,0.0,0.0
2022-02-06 13:00:00,6.125,8849.19375,8639.152083333332,1685.6041666666665,71.00541666666666,0.0,0.0,0.0,0.0,0.0,0.0,0.0,0.0,0.0
2022-02-06 14:00:00,5.75,8893.6225,8640.349166666667,1697.7783333333332,71.43583333333333,0.0,0.0,0.0,0.0,0.0,0.0,0.0,0.0,0.0
2022-02-06 15:00:00,5.375,8938.05125,8641.54625,1709.9524999999999,71.86625,0.0,0.0,0.0,0.0,0.0,0.0,0.0,0.0,0.0
2022-02-06 16:00:00,5.0,8982.48,8642.743333333334,1722.1266666666666,72.29666666666667,0.0,0.0,0.0,0.0,0.0,0.0,0.0,0.0,0.0
2022-02-06 17:00:00,4.625,9026.90875,8643.940416666666,1734.3008333333332,72.72708333333333,0.0,0.0,0.0,0.0,0.0,0.0,0.0,0.0,0.0
2022-02-06 18:00:00,4.25,9071.3375,8645.1375,1746.475,73.1575,0.0,0.0,0.0,0.0,0.0,0.0,0.0,0.0,0.0
2022-02-06 19:00:00,3.875,9115.76625,8646.334583333333,1758.6491666666666,73.58791666666666,0.0,0.0,0.0,0.0,0.0,0.0,0.0,0.0,0.0
2022-02-06 20:00:00,3.5,9160.195,8647.531666666666,1770.8233333333333,74.01833333333333,0.0,0.0,0.0,0.0,0.0,0.0,0.0,0.0,0.0
2022-02-06 21:00:00,3.125,9204.62375,8648.72875,1782.9975,74.44874999999999,0.0,0.0,0.0,0.0,0.0,0.0,0.0,0.0,0.0
2022-02-06 22:00:00,2.75,9249.0525,8649.925833333333,1795.1716666666666,74.87916666666666,0.0,0.0,0.0,0.0,0.0,0.0,0.0,0.0,0.0
2022-02-06 23:00:00,2.375,9293.48125,8651.122916666667,1807.3458333333333,75.30958333333334,0.0,0.0,0.0,0.0,0.0,0.0,0.0,0.0,0.0
2022-02-07 00:00:00,2.0,9337.91,8652.32,1819.52,75.74,0.0,0.0,0.0,0.0,0.0,0.0,0.0,0.0,0.0
2022-02-07 01:00:00,2.0,9346.588333333333,8673.934166666666,1821.2916666666667,75.84958333333333,0.0,0.0,0.0,0.0,0.0,0.0,0.0,0.0,0.0
2022-02-07 02:00:00,2.0,9355.266666666666,8695.548333333332,1823.0633333333333,75.95916666666666,0.0,0.0,0.0,0.0,0.0,0.0,0.0,0.0,0.0
2022-02-07 03:00:00,2.0,9363.945,8717.1625,1824.835,76.06875,0.0,0.0,0.0,0.0,0.0,0.0,0.0,0.0,0.0
2022-02-07 04:00:00,2.0,9372.623333333333,8738.776666666667,1826.6066666666666,76.17833333333333,0.0,0.0,0.0,0.0,0.0,0.0,0.0,0.0,0.0
2022-02-07 05:00:00,2.0,9381.301666666666,8760.390833333333,1828.3783333333333,76.28791666666666,0.0,0.0,0.0,0.0,0.0,0.0,0.0,0.0,0.0
2022-02-07 06:00:00,2.0,9389.98,8782.005,1830.15,76.3975,0.0,0.0,0.0,0.0,0.0,0.0,0.0,0.0,0.0
2022-02-07 07:00:00,2.0,9398.658333333333,8803.619166666665,1831.9216666666666,76.50708333333333,0.0,0.0,0.0,0.0,0.0,0.0,0.0,0.0,0.0
2022-02-07 08:00:00,2.0,9407.336666666666,8825.233333333334,1833.6933333333334,76.61666666666666,0.0,0.0,0.0,0.0,0.0,0.0,0.0,0.0,0.0
2022-02-07 09:00:00,2.0,9416.015,8846.8475,1835.465,76.72625,0.0,0.0,0.0,0.0,0.0,0.0,0.0,0.0,0.0
2022-02-07 10:00:00,2.0,9424.693333333333,8868.461666666666,1837.2366666666667,76.83583333333333,0.0,0.0,0.0,0.0,0.0,0.0,0.0,0.0,0.0
2022-02-07 11:00:00,2.0,9433.371666666666,8890.075833333332,1839.0083333333332,76.94541666666666,0.0,0.0,0.0,0.0,0.0,0.0,0.0,0.0,0.0
2022-02-07 12:00:00,2.0,9442.05,8911.689999999999,1840.78,77.055,0.0,0.0,0.0,0.0,0.0,0.0,0.0,0.0,0.0
2022-02-07 13:00:00,2.0,9450.728333333334,8933.304166666667,1842.5516666666667,77.16458333333334,0.0,0.0,0.0,0.0,0.0,0.0,0.0,0.0,0.0
2022-02-07 14:00:00,2.0,9459.406666666668,8954.918333333333,1844.3233333333333,77.27416666666667,0.0,0.0,0.0,0.0,0.0,0.0,0.0,0.0,0.0
2022-02-07 15:00:00,2.0,9468.085000000001,8976.5325,1846.095,77.38375,0.0,0.0,0.0,0.0,0.0,0.0,0.0,0.0,0.0
2022-02-07 16:00:00,2.0,9476.763333333334,8998.146666666666,1847.8666666666666,77.49333333333334,0.0,0.0,0.0,0.0,0.0,0.0,0.0,0.0,0.0
2022-02-07 17:00:00,2.0,9485.441666666668,9019.760833333334,1849.6383333333333,77.60291666666667,0.0,0.0,0.0,0.0,0.0,0.0,0.0,0.0,0.0
2022-02-07 18:00:00,2.0,9494.12,9041.375,1851.4099999999999,77.7125,0.0,0.0,0.0,0.0,0.0,0.0,0.0,0.0,0.0
2022-02-07 19:00:00,2.0,9502.798333333334,9062.989166666666,1853.1816666666666,77.82208333333334,0.0,0.0,0.0,0.0,0.0,0.0,0.0,0.0,0.0
2022-02-07 20:00:00,2.0,9511.476666666667,9084.603333333333,1854.9533333333334,77.93166666666667,0.0,0.0,0.0,0.0,0.0,0.0,0.0,0.0,0.0
2022-02-07 21:00:00,2.0,9520.155,9106.217499999999,1856.725,78.04125,0.0,0.0,0.0,0.0,0.0,0.0,0.0,0.0,0.0
2022-02-07 22:00:00,2.0,9528.833333333334,9127.831666666667,1858.4966666666667,78.15083333333334,0.0,0.0,0.0,0.0,0.0,0.0,0.0,0.0,0.0
2022-02-07 23:00:00,2.0,9537.511666666667,9149.445833333333,1860.2683333333332,78.26041666666667,0.0,0.0,0.0,0.0,0.0,0.0,0.0,0.0,0.0
2022-02-08 00:00:00,2.0,9546.19,9171.06,1862.04,78.37,0.0,0.0,0.0,0.0,0.0,0.0,0.0,0.0,0.0
2022-02-08 01:00:00,2.375,9582.560833333333,9246.594166666666,1861.8758333333333,77.70083333333334,0.0,0.0,0.0,0.0,0.0,0.0,0.0,0.0,0.0
2022-02-08 02:00:00,2.75,9618.931666666667,9322.128333333332,1861.7116666666666,77.03166666666667,0.0,0.0,0.0,0.0,0.0,0.0,0.0,0.0,0.0
2022-02-08 03:00:00,3.125,9655.3025,9397.662499999999,1861.5475,76.36250000000001,0.0,0.0,0.0,0.0,0.0,0.0,0.0,0.0,0.0
2022-02-08 04:00:00,3.5,9691.673333333334,9473.196666666667,1861.3833333333332,75.69333333333334,0.0,0.0,0.0,0.0,0.0,0.0,0.0,0.0,0.0
2022-02-08 05:00:00,3.875,9728.044166666667,9548.730833333333,1861.2191666666665,75.02416666666667,0.0,0.0,0.0,0.0,0.0,0.0,0.0,0.0,0.0
2022-02-08 06:00:00,4.25,9764.415,9624.265,1861.0549999999998,74.355,0.0,0.0,0.0,0.0,0.0,0.0,0.0,0.0,0.0
2022-02-08 07:00:00,4.625,9800.785833333333,9699.799166666666,1860.8908333333334,73.68583333333333,0.0,0.0,0.0,0.0,0.0,0.0,0.0,0.0,0.0
2022-02-08 08:00:00,5.0,9837.156666666668,9775.333333333332,1860.7266666666667,73.01666666666667,0.0,0.0,0.0,0.0,0.0,0.0,0.0,0.0,0.0
2022-02-08 09:00:00,5.375,9873.5275,9850.8675,1860.5625,72.3475,0.0,0.0,0.0,0.0,0.0,0.0,0.0,0.0,0.0
2022-02-08 10:00:00,5.75,9909.898333333334,9926.401666666667,1860.3983333333333,71.67833333333334,0.0,0.0,0.0,0.0,0.0,0.0,0.0,0.0,0.0
2022-02-08 11:00:00,6.125,9946.269166666667,10001.935833333333,1860.2341666666666,71.00916666666667,0.0,0.0,0.0,0.0,0.0,0.0,0.0,0.0,0.0
2022-02-08 12:00:00,6.5,9982.64,10077.47,1860.07,70.34,0.0,0.0,0.0,0.0,0.0,0.0,0.0,0.0,0.0
2022-02-08 13:00:00,6.875,10019.010833333334,10153.004166666666,1859.9058333333332,69.67083333333333,0.0,0.0,0.0,0.0,0.0,0.0,0.0,0.0,0.0
2022-02-08 14:00:00,7.25,10055.381666666666,10228.538333333332,1859.7416666666666,69.00166666666667,0.0,0.0,0.0,0.0,0.0,0.0,0.0,0.0,0.0
2022-02-08 15:00:00,7.625,10091.7525,10304.072499999998,1859.5774999999999,68.33250000000001,0.0,0.0,0.0,0.0,0.0,0.0,0.0,0.0,0.0
2022-02-08 16:00:00,8.0,10128.123333333333,10379.606666666667,1859.4133333333332,67.66333333333334,0.0,0.0,0.0,0.0,0.0,0.0,0.0,0.0,0.0
2022-02-08 17:00:00,8.375,10164.494166666667,10455.140833333333,1859.2491666666665,66.99416666666667,0.0,0.0,0.0,0.0,0.0,0.0,0.0,0.0,0.0
2022-02-08 18:00:00,8.75,10200.865,10530.675,1859.085,66.325,0.0,0.0,0.0,0.0,0.0,0.0,0.0,0.0,0.0
2022-02-08 19:00:00,9.125,10237.235833333334,10606.209166666666,1858.9208333333333,65.65583333333333,0.0,0.0,0.0,0.0,0.0,0.0,0.0,0.0,0.0
2022-02-08 20:00:00,9.5,10273.606666666667,10681.743333333332,1858.7566666666667,64.98666666666666,0.0,0.0,0.0,0.0,0.0,0.0,0.0,0.0,0.0
2022-02-08 21:00:00,9.875,10309.9775,10757.2775,1858.5925,64.3175,0.0,0.0,0.0,0.0,0.0,0.0,0.0,0.0,0.0
2022-02-08 22:00:00,10.25,10346.348333333333,10832.811666666666,1858.4283333333333,63.64833333333333,0.0,0.0,0.0,0.0,0.0,0.0,0.0,0.0,0.0
2022-02-08 23:00:00,10.625,10382.719166666666,10908.345833333333,1858.2641666666666,62.97916666666667,0.0,0.0,0.0,0.0,0.0,0.0,0.0,0.0,0.0
2022-02-09 00:00:00,11.0,10419.09,10983.88,1858.1,62.31,0.0,0.0,0.0,0.0,0.0,0.0,0.0,0.0,0.0
2022-02-09 01:00:00,10.625,10379.384166666667,10914.389166666666,1855.3991666666666,61.89541666666667,0.0,0.0,0.0,0.0,0.0,0.0,0.0,0.0,0.0
2022-02-09 02:00:00,10.25,10339.678333333333,10844.898333333333,1852.6983333333333,61.48083333333334,0.0,0.0,0.0,0.0,0.0,0.0,0.0,0.0,0.0
2022-02-09 03:00:00,9.875,10299.9725,10775.4075,1849.9975,61.066250000000004,0.0,0.0,0.0,0.0,0.0,0.0,0.0,0.0,0.0
2022-02-09 04:00:00,9.5,10260.266666666666,10705.916666666666,1847.2966666666666,60.65166666666667,0.0,0.0,0.0,0.0,0.0,0.0,0.0,0.0,0.0
2022-02-09 05:00:00,9.125,10220.560833333333,10636.425833333333,1844.5958333333333,60.23708333333334,0.0,0.0,0.0,0.0,0.0,0.0,0.0,0.0,0.0
2022-02-09 06:00:00,8.75,10180.855,10566.935,1841.895,59.822500000000005,0.0,0.0,0.0,0.0,0.0,0.0,0.0,0.0,0.0
2022-02-09 07:00:00,8.375,10141.149166666666,10497.444166666666,1839.1941666666667,59.407916666666665,0.0,0.0,0.0,0.0,0.0,0.0,0.0,0.0,0.0
2022-02-09 08:00:00,8.0,10101.443333333333,10427.953333333333,1836.4933333333333,58.99333333333333,0.0,0.0,0.0,0.0,0.0,0.0,0.0,0.0,0.0
2022-02-09 09:00:00,7.625,10061.7375,10358.4625,1833.7925,58.57875,0.0,0.0,0.0,0.0,0.0,0.0,0.0,0.0,0.0
2022-02-09 10:00:00,7.25,10022.031666666666,10288.971666666666,1831.0916666666667,58.16416666666667,0.0,0.0,0.0,0.0,0.0,0.0,0.0,0.0,0.0
2022-02-09 11:00:00,6.875,9982.325833333332,10219.480833333333,1828.3908333333334,57.749583333333334,0.0,0.0,0.0,0.0,0.0,0.0,0.0,0.0,0.0
2022-02-09 12:00:00,6.5,9942.619999999999,10149.99,1825.69,57.335,0.0,0.0,0.0,0.0,0.0,0.0,0.0,0.0,0.0
2022-02-09 13:00:00,6.125,9902.914166666667,10080.499166666666,1822.9891666666665,56.92041666666667,0.0,0.0,0.0,0.0,0.0,0.0,0.0,0.0,0.0
2022-02-09 14:00:00,5.75,9863.208333333334,10011.008333333333,1820.2883333333332,56.505833333333335,0.0,0.0,0.0,0.0,0.0,0.0,0.0,0.0,0.0
2022-02-09 15:00:00,5.375,9823.5025,9941.5175,1817.5874999999999,56.09125,0.0,0.0,0.0,0.0,0.0,0.0,0.0,0.0,0.0
2022-02-09 16:00:00,5.0,9783.796666666667,9872.026666666667,1814.8866666666665,55.67666666666667,0.0,0.0,0.0,0.0,0.0,0.0,0.0,0.0,0.0
2022-02-09 17:00:00,4.625,9744.090833333334,9802.535833333333,1812.1858333333332,55.26208333333334,0.0,0.0,0.0,0.0,0.0,0.0,0.0,0.0,0.0
2022-02-09 18:00:00,4.25,9704.385,9733.045,1809.485,54.8475,0.0,0.0,0.0,0.0,0.0,0.0,0.0,0.0,0.0
2022-02-09 19:00:00,3.875,9664.679166666667,9663.554166666667,1806.7841666666666,54.432916666666664,0.0,0.0,0.0,0.0,0.0,0.0,0.0,0.0,0.0
2022-02-09 20:00:00,3.5,9624.973333333333,9594.063333333334,1804.0833333333333,54.01833333333333,0.0,0.0,0.0,0.0,0.0,0.0,0.0,0.0,0.0
2022-02-09 21:00:00,3.125,9585.2675,9524.5725,1801.3825,53.60375,0.0,0.0,0.0,0.0,0.0,0.0,0.0,0.0,0.0
2022-02-09 22:00:00,2.75,9545.561666666666,9455.081666666667,1798.6816666666666,53.189166666666665,0.0,0.0,0.0,0.0,0.0,0.0,0.0,0.0,0.0
2022-02-09 23:00:00,2.375,9505.855833333333,9385.590833333334,1795.9808333333333,52.77458333333333,0.0,0.0,0.0,0.0,0.0,0.0,0.0,0.0,0.0
2022-02-10 00:00:00,2.0,9466.15,9316.1,1793.28,52.36,0.0,0.0,0.0,0.0,0.0,0.0,0.0,0.0,0.0
2022-02-10 01:00:00,2.2083333333333335,9527.401666666667,9354.98125,1805.5616666666667,53.635416666666664,0.0,0.0,0.0,0.0,0.0,0.0,0.0,0.0,0.0
2022-02-10 02:00:00,2.4166666666666665,9588.653333333334,9393.862500000001,1817.8433333333332,54.91083333333333,0.0,0.0,0.0,0.0,0.0,0.0,0.0,0.0,0.0
2022-02-10 03:00:00,2.625,9649.904999999999,9432.74375,1830.125,56.18625,0.0,0.0,0.0,0.0,0.0,0.0,0.0,0.0,0.0
2022-02-10 04:00:00,2.8333333333333335,9711.156666666666,9471.625,1842.4066666666668,57.461666666666666,0.0,0.0,0.0,0.0,0.0,0.0,0.0,0.0,0.0
2022-02-10 05:00:00,3.041666666666667,9772.408333333333,9510.50625,1854.6883333333333,58.73708333333333,0.0,0.0,0.0,0.0,0.0,0.0,0.0,0.0,0.0
2022-02-10 06:00:00,3.25,9833.66,9549.3875,1866.97,60.0125,0.0,0.0,0.0,0.0,0.0,0.0,0.0,0.0,0.0
2022-02-10 07:00:00,3.4583333333333335,9894.911666666667,9588.268750000001,1879.2516666666666,61.28791666666667,0.0,0.0,0.0,0.0,0.0,0.0,0.0,0.0,0.0
2022-02-10 08:00:00,3.666666666666667,9956.163333333334,9627.15,1891.5333333333333,62.56333333333333,0.0,0.0,0.0,0.0,0.0,0.0,0.0,0.0,0.0
2022-02-10 09:00:00,3.875,10017.415,9666.03125,1903.815,63.83875,0.0,0.0,0.0,0.0,0.0,0.0,0.0,0.0,0.0
2022-02-10 10:00:00,4.083333333333334,10078.666666666666,9704.9125,1916.0966666666666,65.11416666666666,0.0,0.0,0.0,0.0,0.0,0.0,0.0,0.0,0.0
2022-02-10 11:00:00,4.291666666666667,10139.918333333333,9743.79375,1928.3783333333333,66.38958333333333,0.0,0.0,0.0,0.0,0.0,0.0,0.0,0.0,0.0
2022-02-10 12:00:00,4.5,10201.17,9782.675,1940.6599999999999,67.66499999999999,0.0,0.0,0.0,0.0,0.0,0.0,0.0,0.0,0.0
2022-02-10 13:00:00,4.708333333333334,10262.421666666667,9821.55625,1952.9416666666666,68.94041666666666,0.0,0.0,0.0,0.0,0.0,0.0,0.0,0.0,0.0
2022-02-10 14:00:00,4.916666666666667,10323.673333333334,9860.4375,1965.2233333333334,70.21583333333334,0.0,0.0,0.0,0.0,0.0,0.0,0.0,0.0,0.0
2022-02-10 15:00:00,5.125,10384.925,9899.31875,1977.5049999999999,71.49125000000001,0.0,0.0,0.0,0.0,0.0,0.0,0.0,0.0,0.0
2022-02-10 16:00:00,5.333333333333334,10446.176666666666,9938.2,1989.7866666666666,72.76666666666667,0.0,0.0,0.0,0.0,0.0,0.0,0.0,0.0,0.0
2022-02-10 17:00:00,5.541666666666667,10507.428333333333,9977.08125,2002.0683333333334,74.04208333333332,0.0,0.0,0.0,0.0,0.0,0.0,0.0,0.0,0.0
2022-02-10 18:00:00,5.75,10568.68,10015.9625,2014.35,75.3175,0.0,0.0,0.0,0.0,0.0,0.0,0.0,0.0,0.0
2022-02-10 19:00:00,5.958333333333334,10629.931666666667,10054.84375,2026.6316666666667,76.59291666666667,0.0,0.0,0.0,0.0,0.0,0.0,0.0,0.0,0.0
2022-02-10 20:00:00,6.166666666666667,10691.183333333334,10093.725,2038.9133333333334,77.86833333333334,0.0,0.0,0.0,0.0,0.0,0.0,0.0,0.0,0.0
2022-02-10 21:00:00,6.375,10752.435000000001,10132.60625,2051.1949999999997,79.14375,0.0,0.0,0.0,0.0,0.0,0.0,0.0,0.0,0.0
2022-02-10 22:00:00,6.583333333333334,10813.686666666666,10171.4875,2063.4766666666665,80.41916666666667,0.0,0.0,0.0,0.0,0.0,0.0,0.0,0.0,0.0
2022-02-10 23:00:00,6.791666666666667,10874.938333333334,10210.36875,2075.758333333333,81.69458333333333,0.0,0.0,0.0,0.0,0.0,0.0,0.0,0.0,0.0
2022-02-11 00:00:00,7.0,10936.19,10249.25,2088.04,82.97,0.0,0.0,0.0,0.0,0.0,0.0,0.0,0.0,0.0
2022-02-11 01:00:00,7.166666666666667,10834.76125,10217.875416666666,2071.4579166666667,81.59875,0.0,0.0,0.0,0.0,0.0,0.0,0.0,0.0,0.0
2022-02-11 02:00:00,7.333333333333333,10733.3325,10186.500833333334,2054.8758333333335,80.22749999999999,0.0,0.0,0.0,0.0,0.0,0.0,0.0,0.0,0.0
2022-02-11 03:00:00,7.5,10631.903750000001,10155.12625,2038.29375,78.85625,0.0,0.0,0.0,0.0,0.0,0.0,0.0,0.0,0.0
2022-02-11 04:00:00,7.666666666666667,10530.475,10123.751666666667,2021.7116666666666,77.485,0.0,0.0,0.0,0.0,0.0,0.0,0.0,0.0,0.0
2022-02-11 05:00:00,7.833333333333333,10429.04625,10092.377083333333,2005.1295833333334,76.11375,0.0,0.0,0.0,0.0,0.0,0.0,0.0,0.0,0.0
2022-02-11 06:00:00,8.0,10327.6175,10061.0025,1988.5475,74.7425,0.0,0.0,0.0,0.0,0.0,0.0,0.0,0.0,0.0
2022-02-11 07:00:00,8.166666666666666,10226.188750000001,10029.627916666666,1971.9654166666667,73.37125,0.0,0.0,0.0,0.0,0.0,0.0,0.0,0.0,0.0
2022-02-11 08:00:00,8.333333333333334,10124.76,9998.253333333334,1955.3833333333332,72.0,0.0,0.0,0.0,0.0,0.0,0.0,0.0,0.0,0.0
2022-02-11 09:00:00,8.5,10023.33125,9966.87875,1938.80125,70.62875,0.0,0.0,0.0,0.0,0.0,0.0,0.0,0.0,0.0
2022-02-11 10:00:00,8.666666666666666,9921.9025,9935.504166666668,1922.2191666666668,69.2575,0.0,0.0,0.0,0.0,0.0,0.0,0.0,0.0,0.0
2022-02-11 11:00:00,8.833333333333334,9820.473750000001,9904.129583333333,1905.6370833333333,67.88625,0.0,0.0,0.0,0.0,0.0,0.0,0.0,0.0,0.0
2022-02-11 12:00:00,9.0,9719.045,9872.755000000001,1889.0549999999998,66.515,0.0,0.0,0.0,0.0,0.0,0.0,0.0,0.0,0.0
2022-02-11 13:00:00,9.166666666666666,9617.61625,9841.380416666667,1872.4729166666666,65.14375,0.0,0.0,0.0,0.0,0.0,0.0,0.0,0.0,0.0
2022-02-11 14:00:00,9.333333333333332,9516.1875,9810.005833333333,1855.8908333333334,63.7725,0.0,0.0,0.0,0.0,0.0,0.0,0.0,0.0,0.0
2022-02-11 15:00:00,9.5,9414.75875,9778.63125,1839.30875,62.401250000000005,0.0,0.0,0.0,0.0,0.0,0.0,0.0,0.0,0.0
2022-02-11 16:00:00,9.666666666666666,9313.33,9747.256666666666,1822.7266666666667,61.03,0.0,0.0,0.0,0.0,0.0,0.0,0.0,0.0,0.0
2022-02-11 17:00:00,9.833333333333332,9211.901249999999,9715.882083333334,1806.1445833333332,59.65875,0.0,0.0,0.0,0.0,0.0,0.0,0.0,0.0,0.0
2022-02-11 18:00:00,10.0,9110.4725,9684.5075,1789.5625,58.2875,0.0,0.0,0.0,0.0,0.0,0.0,0.0,0.0,0.0
2022-02-11 19:00:00,10.166666666666666,9009.04375,9653.132916666667,1772.9804166666668,56.916250000000005,0.0,0.0,0.0,0.0,0.0,0.0,0.0,0.0,0.0
2022-02-11 20:00:00,10.333333333333332,8907.615,9621.758333333333,1756.3983333333333,55.545,0.0,0.0,0.0,0.0,0.0,0.0,0.0,0.0,0.0
2022-02-11 21:00:00,10.5,8806.186249999999,9590.38375,1739.8162499999999,54.17375,0.0,0.0,0.0,0.0,0.0,0.0,0.0,0.0,0.0
2022-02-11 22:00:00,10.666666666666666,8704.7575,9559.009166666667,1723.2341666666666,52.8025,0.0,0.0,0.0,0.0,0.0,0.0,0.0,0.0,0.0
2022-02-11 23:00:00,10.833333333333332,8603.32875,9527.634583333334,1706.6520833333334,51.431250000000006,0.0,0.0,0.0,0.0,0.0,0.0,0.0,0.0,0.0
2022-02-12 00:00:00,11.0,8501.9,9496.26,1690.07,50.06,0.0,0.0,0.0,0.0,0.0,0.0,0.0,0.0,0.0
2022-02-12 01:00:00,11.0,8479.962083333334,9468.280416666666,1685.45625,50.329166666666666,0.0,0.0,0.0,0.0,0.0,0.0,0.0,0.0,0.0
2022-02-12 02:00:00,11.0,8458.024166666666,9440.300833333333,1680.8425,50.598333333333336,0.0,0.0,0.0,0.0,0.0,0.0,0.0,0.0,0.0
2022-02-12 03:00:00,11.0,8436.08625,9412.32125,1676.22875,50.8675,0.0,0.0,0.0,0.0,0.0,0.0,0.0,0.0,0.0
2022-02-12 04:00:00,11.0,8414.148333333333,9384.341666666667,1671.615,51.13666666666667,0.0,0.0,0.0,0.0,0.0,0.0,0.0,0.0,0.0
2022-02-12 05:00:00,11.0,8392.210416666667,9356.362083333333,1667.00125,51.405833333333334,0.0,0.0,0.0,0.0,0.0,0.0,0.0,0.0,0.0
2022-02-12 06:00:00,11.0,8370.2725,9328.3825,1662.3874999999998,51.675000000000004,0.0,0.0,0.0,0.0,0.0,0.0,0.0,0.0,0.0
2022-02-12 07:00:00,11.0,8348.334583333333,9300.402916666666,1657.7737499999998,51.94416666666667,0.0,0.0,0.0,0.0,0.0,0.0,0.0,0.0,0.0
2022-02-12 08:00:00,11.0,8326.396666666667,9272.423333333334,1653.1599999999999,52.21333333333334,0.0,0.0,0.0,0.0,0.0,0.0,0.0,0.0,0.0
2022-02-12 09:00:00,11.0,8304.45875,9244.44375,1648.5462499999999,52.4825,0.0,0.0,0.0,0.0,0.0,0.0,0.0,0.0,0.0
2022-02-12 10:00:00,11.0,8282.520833333334,9216.464166666667,1643.9325,52.75166666666667,0.0,0.0,0.0,0.0,0.0,0.0,0.0,0.0,0.0
2022-02-12 11:00:00,11.0,8260.582916666666,9188.484583333333,1639.31875,53.020833333333336,0.0,0.0,0.0,0.0,0.0,0.0,0.0,0.0,0.0
2022-02-12 12:00:00,11.0,8238.645,9160.505000000001,1634.705,53.290000000000006,0.0,0.0,0.0,0.0,0.0,0.0,0.0,0.0,0.0
2022-02-12 13:00:00,11.0,8216.707083333333,9132.525416666667,1630.09125,53.55916666666667,0.0,0.0,0.0,0.0,0.0,0.0,0.0,0.0,0.0
2022-02-12 14:00:00,11.0,8194.769166666667,9104.545833333334,1625.4775,53.82833333333333,0.0,0.0,0.0,0.0,0.0,0.0,0.0,0.0,0.0
2022-02-12 15:00:00,11.0,8172.83125,9076.56625,1620.86375,54.097500000000004,0.0,0.0,0.0,0.0,0.0,0.0,0.0,0.0,0.0
2022-02-12 16:00:00,11.0,8150.893333333333,9048.586666666666,1616.25,54.36666666666667,0.0,0.0,0.0,0.0,0.0,0.0,0.0,0.0,0.0
2022-02-12 17:00:00,11.0,8128.955416666667,9020.607083333334,1611.63625,54.63583333333334,0.0,0.0,0.0,0.0,0.0,0.0,0.0,0.0,0.0
2022-02-12 18:00:00,11.0,8107.0175,8992.6275,1607.0225,54.905,0.0,0.0,0.0,0.0,0.0,0.0,0.0,0.0,0.0
2022-02-12 19:00:00,11.0,8085.079583333333,8964.647916666667,1602.4087499999998,55.17416666666667,0.0,0.0,0.0,0.0,0.0,0.0,0.0,0.0,0.0
2022-02-12 20:00:00,11.0,8063.141666666666,8936.668333333333,1597.7949999999998,55.443333333333335,0.0,0.0,0.0,0.0,0.0,0.0,0.0,0.0,0.0
2022-02-12 21:00:00,11.0,8041.203750000001,8908.68875,1593.1812499999999,55.712500000000006,0.0,0.0,0.0,0.0,0.0,0.0,0.0,0.0,0.0
2022-02-12 22:00:00,11.0,8019.265833333334,8880.709166666667,1588.5674999999999,55.98166666666667,0.0,0.0,0.0,0.0,0.0,0.0,0.0,0.0,0.0
2022-02-12 23:00:00,11.0,7997.327916666667,8852.729583333334,1583.95375,56.25083333333334,0.0,0.0,0.0,0.0,0.0,0.0,0.0,0.0,0.0
2022-02-13 00:00:00,11.0,7975.39,8824.75,1579.34,56.52,0.0,0.0,0.0,0.0,0.0,0.0,0.0,0.0,0.0
2022-02-13 01:00:00,10.625,8008.552500000001,8804.914583333333,1587.9191666666666,56.816250000000004,0.0,0.0,0.0,0.0,0.0,0.0,0.0,0.0,0.0
2022-02-13 02:00:00,10.25,8041.715,8785.079166666666,1596.4983333333332,57.112500000000004,0.0,0.0,0.0,0.0,0.0,0.0,0.0,0.0,0.0
2022-02-13 03:00:00,9.875,8074.8775000000005,8765.24375,1605.0774999999999,57.408750000000005,0.0,0.0,0.0,0.0,0.0,0.0,0.0,0.0,0.0
2022-02-13 04:00:00,9.5,8108.040000000001,8745.408333333333,1613.6566666666665,57.705000000000005,0.0,0.0,0.0,0.0,0.0,0.0,0.0,0.0,0.0
2022-02-13 05:00:00,9.125,8141.2025,8725.572916666666,1622.2358333333332,58.001250000000006,0.0,0.0,0.0,0.0,0.0,0.0,0.0,0.0,0.0
2022-02-13 06:00:00,8.75,8174.365000000001,8705.7375,1630.815,58.2975,0.0,0.0,0.0,0.0,0.0,0.0,0.0,0.0,0.0
2022-02-13 07:00:00,8.375,8207.5275,8685.902083333334,1639.3941666666667,58.59375,0.0,0.0,0.0,0.0,0.0,0.0,0.0,0.0,0.0
2022-02-13 08:00:00,8.0,8240.69,8666.066666666668,1647.9733333333334,58.89,0.0,0.0,0.0,0.0,0.0,0.0,0.0,0.0,0.0
2022-02-13 09:00:00,7.625,8273.8525,8646.23125,1656.5525,59.18625,0.0,0.0,0.0,0.0,0.0,0.0,0.0,0.0,0.0
2022-02-13 10:00:00,7.25,8307.015000000001,8626.395833333334,1665.1316666666667,59.4825,0.0,0.0,0.0,0.0,0.0,0.0,0.0,0.0,0.0
2022-02-13 11:00:00,6.875,8340.1775,8606.560416666667,1673.7108333333333,59.77875,0.0,0.0,0.0,0.0,0.0,0.0,0.0,0.0,0.0
2022-02-13 12:00:00,6.5,8373.34,8586.725,1682.29,60.075,0.0,0.0,0.0,0.0,0.0,0.0,0.0,0.0,0.0
2022-02-13 13:00:00,6.125,8406.5025,8566.889583333334,1690.8691666666666,60.37125,0.0,0.0,0.0,0.0,0.0,0.0,0.0,0.0,0.0
2022-02-13 14:00:00,5.75,8439.665,8547.054166666667,1699.4483333333333,60.667500000000004,0.0,0.0,0.0,0.0,0.0,0.0,0.0,0.0,0.0
2022-02-13 15:00:00,5.375,8472.827500000001,8527.21875,1708.0275,60.963750000000005,0.0,0.0,0.0,0.0,0.0,0.0,0.0,0.0,0.0
2022-02-13 16:00:00,5.0,8505.990000000002,8507.383333333333,1716.6066666666666,61.260000000000005,0.0,0.0,0.0,0.0,0.0,0.0,0.0,0.0,0.0
2022-02-13 17:00:00,4.625,8539.1525,8487.547916666666,1725.1858333333334,61.556250000000006,0.0,0.0,0.0,0.0,0.0,0.0,0.0,0.0,0.0
2022-02-13 18:00:00,4.25,8572.315,8467.712500000001,1733.7649999999999,61.852500000000006,0.0,0.0,0.0,0.0,0.0,0.0,0.0,0.0,0.0
2022-02-13 19:00:00,3.875,8605.4775,8447.877083333335,1742.3441666666668,62.14875,0.0,0.0,0.0,0.0,0.0,0.0,0.0,0.0,0.0
2022-02-13 20:00:00,3.5,8638.640000000001,8428.041666666668,1750.9233333333334,62.445,0.0,0.0,0.0,0.0,0.0,0.0,0.0,0.0,0.0
2022-02-13 21:00:00,3.125,8671.802500000002,8408.206250000001,1759.5025,62.74125,0.0,0.0,0.0,0.0,0.0,0.0,0.0,0.0,0.0
2022-02-13 22:00:00,2.75,8704.965,8388.370833333334,1768.0816666666667,63.0375,0.0,0.0,0.0,0.0,0.0,0.0,0.0,0.0,0.0
2022-02-13 23:00:00,2.375,8738.1275,8368.535416666668,1776.6608333333334,63.33375,0.0,0.0,0.0,0.0,0.0,0.0,0.0,0.0,0.0
2022-02-14 00:00:00,2.0,8771.29,8348.7,1785.24,63.63,0.0,0.0,0.0,0.0,0.0,0.0,0.0,0.0,0.0
2022-02-14 01:00:00,2.3333333333333335,8850.795833333334,8462.127916666668,1811.8904166666666,63.45333333333333,0.0,0.0,0.0,0.0,0.0,0.0,0.0,0.0,0.0
2022-02-14 02:00:00,2.6666666666666665,8930.301666666668,8575.555833333334,1838.5408333333332,63.27666666666667,0.0,0.0,0.0,0.0,0.0,0.0,0.0,0.0,0.0
2022-02-14 03:00:00,3.0,9009.8075,8688.983750000001,1865.19125,63.1,0.0,0.0,0.0,0.0,0.0,0.0,0.0,0.0,0.0
2022-02-14 04:00:00,3.333333333333333,9089.313333333334,8802.411666666667,1891.8416666666667,62.92333333333333,0.0,0.0,0.0,0.0,0.0,0.0,0.0,0.0,0.0
2022-02-14 05:00:00,3.6666666666666665,9168.819166666668,8915.839583333334,1918.4920833333333,62.74666666666667,0.0,0.0,0.0,0.0,0.0,0.0,0.0,0.0,0.0
2022-02-14 06:00:00,4.0,9248.325,9029.2675,1945.1425,62.57,0.0,0.0,0.0,0.0,0.0,0.0,0.0,0.0,0.0
2022-02-14 07:00:00,4.333333333333333,9327.830833333333,9142.695416666667,1971.7929166666665,62.39333333333334,0.0,0.0,0.0,0.0,0.0,0.0,0.0,0.0,0.0
2022-02-14 08:00:00,4.666666666666666,9407.336666666668,9256.123333333333,1998.4433333333334,62.21666666666667,0.0,0.0,0.0,0.0,0.0,0.0,0.0,0.0,0.0
2022-02-14 09:00:00,5.0,9486.8425,9369.55125,2025.09375,62.04,0.0,0.0,0.0,0.0,0.0,0.0,0.0,0.0,0.0
2022-02-14 10:00:00,5.333333333333333,9566.348333333333,9482.979166666666,2051.7441666666664,61.86333333333334,0.0,0.0,0.0,0.0,0.0,0.0,0.0,0.0,0.0
2022-02-14 11:00:00,5.666666666666666,9645.854166666668,9596.407083333334,2078.3945833333332,61.68666666666667,0.0,0.0,0.0,0.0,0.0,0.0,0.0,0.0,0.0
2022-02-14 12:00:00,6.0,9725.36,9709.835,2105.045,61.510000000000005,0.0,0.0,0.0,0.0,0.0,0.0,0.0,0.0,0.0
2022-02-14 13:00:00,6.333333333333333,9804.865833333333,9823.262916666667,2131.6954166666665,61.333333333333336,0.0,0.0,0.0,0.0,0.0,0.0,0.0,0.0,0.0
2022-02-14 14:00:00,6.666666666666666,9884.371666666668,9936.690833333334,2158.3458333333333,61.156666666666666,0.0,0.0,0.0,0.0,0.0,0.0,0.0,0.0,0.0
2022-02-14 15:00:00,7.0,9963.8775,10050.11875,2184.99625,60.980000000000004,0.0,0.0,0.0,0.0,0.0,0.0,0.0,0.0,0.0
2022-02-14 16:00:00,7.333333333333333,10043.383333333333,10163.546666666667,2211.6466666666665,60.803333333333335,0.0,0.0,0.0,0.0,0.0,0.0,0.0,0.0,0.0
2022-02-14 17:00:00,7.666666666666666,10122.889166666668,10276.974583333333,2238.2970833333334,60.626666666666665,0.0,0.0,0.0,0.0,0.0,0.0,0.0,0.0,0.0
2022-02-14 18:00:00,8.0,10202.395,10390.4025,2264.9474999999998,60.45,0.0,0.0,0.0,0.0,0.0,0.0,0.0,0.0,0.0
2022-02-14 19:00:00,8.333333333333332,10281.900833333333,10503.830416666666,2291.5979166666666,60.27333333333333,0.0,0.0,0.0,0.0,0.0,0.0,0.0,0.0,0.0
2022-02-14 20:00:00,8.666666666666666,10361.406666666668,10617.258333333333,2318.248333333333,60.096666666666664,0.0,0.0,0.0,0.0,0.0,0.0,0.0,0.0,0.0
2022-02-14 21:00:00,9.0,10440.9125,10730.686249999999,2344.89875,59.92,0.0,0.0,0.0,0.0,0.0,0.0,0.0,0.0,0.0
2022-02-14 22:00:00,9.333333333333332,10520.418333333333,10844.114166666666,2371.5491666666667,59.74333333333333,0.0,0.0,0.0,0.0,0.0,0.0,0.0,0.0,0.0
2022-02-14 23:00:00,9.666666666666666,10599.924166666668,10957.542083333334,2398.199583333333,59.56666666666667,0.0,0.0,0.0,0.0,0.0,0.0,0.0,0.0,0.0
2022-02-15 00:00:00,10.0,10679.43,11070.97,2424.85,59.39,0.0,0.0,0.0,0.0,0.0,0.0,0.0,0.0,0.0
2022-02-15 01:00:00,9.625,10647.316666666668,11006.757916666666,2408.0295833333334,59.6925,0.0,0.0,0.0,0.0,0.0,0.0,0.0,0.0,0.0
2022-02-15 02:00:00,9.25,10615.203333333333,10942.545833333334,2391.2091666666665,59.995000000000005,0.0,0.0,0.0,0.0,0.0,0.0,0.0,0.0,0.0
2022-02-15 03:00:00,8.875,10583.09,10878.33375,2374.38875,60.2975,0.0,0.0,0.0,0.0,0.0,0.0,0.0,0.0,0.0
2022-02-15 04:00:00,8.5,10550.976666666667,10814.121666666666,2357.568333333333,60.6,0.0,0.0,0.0,0.0,0.0,0.0,0.0,0.0,0.0
2022-02-15 05:00:00,8.125,10518.863333333333,10749.909583333332,2340.7479166666667,60.9025,0.0,0.0,0.0,0.0,0.0,0.0,0.0,0.0,0.0
2022-02-15 06:00:00,7.75,10486.75,10685.697499999998,2323.9275,61.205,0.0,0.0,0.0,0.0,0.0,0.0,0.0,0.0,0.0
2022-02-15 07:00:00,7.375,10454.636666666667,10621.485416666666,2307.1070833333333,61.5075,0.0,0.0,0.0,0.0,0.0,0.0,0.0,0.0,0.0
2022-02-15 08:00:00,7.0,10422.523333333333,10557.273333333333,2290.286666666667,61.81,0.0,0.0,0.0,0.0,0.0,0.0,0.0,0.0,0.0
2022-02-15 09:00:00,6.625,10390.41,10493.061249999999,2273.46625,62.112500000000004,0.0,0.0,0.0,0.0,0.0,0.0,0.0,0.0,0.0
2022-02-15 10:00:00,6.25,10358.296666666667,10428.849166666667,2256.6458333333335,62.415000000000006,0.0,0.0,0.0,0.0,0.0,0.0,0.0,0.0,0.0
2022-02-15 11:00:00,5.875,10326.183333333332,10364.637083333333,2239.8254166666666,62.7175,0.0,0.0,0.0,0.0,0.0,0.0,0.0,0.0,0.0
2022-02-15 12:00:00,5.5,10294.07,10300.425,2223.005,63.02,0.0,0.0,0.0,0.0,0.0,0.0,0.0,0.0,0.0
2022-02-15 13:00:00,5.125,10261.956666666667,10236.212916666665,2206.184583333333,63.322500000000005,0.0,0.0,0.0,0.0,0.0,0.0,0.0,0.0,0.0
2022-02-15 14:00:00,4.75,10229.843333333332,10172.000833333332,2189.3641666666667,63.625,0.0,0.0,0.0,0.0,0.0,0.0,0.0,0.0,0.0
2022-02-15 15:00:00,4.375,10197.73,10107.78875,2172.54375,63.9275,0.0,0.0,0.0,0.0,0.0,0.0,0.0,0.0,0.0
2022-02-15 16:00:00,4.0,10165.616666666667,10043.576666666666,2155.7233333333334,64.23,0.0,0.0,0.0,0.0,0.0,0.0,0.0,0.0,0.0
2022-02-15 17:00:00,3.625,10133.503333333332,9979.364583333332,2138.902916666667,64.5325,0.0,0.0,0.0,0.0,0.0,0.0,0.0,0.0,0.0
2022-02-15 18:00:00,3.25,10101.39,9915.1525,2122.0825,64.83500000000001,0.0,0.0,0.0,0.0,0.0,0.0,0.0,0.0,0.0
2022-02-15 19:00:00,2.875,10069.276666666667,9850.940416666666,2105.2620833333335,65.1375,0.0,0.0,0.0,0.0,0.0,0.0,0.0,0.0,0.0
2022-02-15 20:00:00,2.5,10037.163333333332,9786.728333333333,2088.4416666666666,65.44,0.0,0.0,0.0,0.0,0.0,0.0,0.0,0.0,0.0
2022-02-15 21:00:00,2.125,10005.05,9722.516249999999,2071.62125,65.7425,0.0,0.0,0.0,0.0,0.0,0.0,0.0,0.0,0.0
2022-02-15 22:00:00,1.75,9972.936666666666,9658.304166666665,2054.8008333333332,66.045,0.0,0.0,0.0,0.0,0.0,0.0,0.0,0.0,0.0
2022-02-15 23:00:00,1.375,9940.823333333332,9594.092083333333,2037.9804166666668,66.34750000000001,0.0,0.0,0.0,0.0,0.0,0.0,0.0,0.0,0.0
2022-02-16 00:00:00,1.0,9908.71,9529.88,2021.16,66.65,0.0,0.0,0.0,0.0,0.0,0.0,0.0,0.0,0.0
2022-02-16 01:00:00,1.0416666666666667,9891.839999999998,9518.916249999998,2015.6554166666667,66.85333333333334,0.0,0.0,0.0,0.0,0.0,0.0,0.0,0.0,0.0
2022-02-16 02:00:00,1.0833333333333333,9874.97,9507.9525,2010.1508333333334,67.05666666666667,0.0,0.0,0.0,0.0,0.0,0.0,0.0,0.0,0.0
2022-02-16 03:00:00,1.125,9858.099999999999,9496.988749999999,2004.64625,67.26,0.0,0.0,0.0,0.0,0.0,0.0,0.0,0.0,0.0
2022-02-16 04:00:00,1.1666666666666667,9841.23,9486.025,1999.1416666666667,67.46333333333334,0.0,0.0,0.0,0.0,0.0,0.0,0.0,0.0,0.0
2022-02-16 05:00:00,1.2083333333333333,9824.359999999999,9475.061249999999,1993.6370833333333,67.66666666666667,0.0,0.0,0.0,0.0,0.0,0.0,0.0,0.0,0.0
2022-02-16 06:00:00,1.25,9807.49,9464.0975,1988.1325000000002,67.87,0.0,0.0,0.0,0.0,0.0,0.0,0.0,0.0,0.0
2022-02-16 07:00:00,1.2916666666666665,9790.619999999999,9453.133749999999,1982.6279166666668,68.07333333333334,0.0,0.0,0.0,0.0,0.0,0.0,0.0,0.0,0.0
2022-02-16 08:00:00,1.3333333333333333,9773.75,9442.17,1977.1233333333334,68.27666666666667,0.0,0.0,0.0,0.0,0.0,0.0,0.0,0.0,0.0
2022-02-16 09:00:00,1.375,9756.88,9431.20625,1971.61875,68.48,0.0,0.0,0.0,0.0,0.0,0.0,0.0,0.0,0.0
2022-02-16 10:00:00,1.4166666666666665,9740.01,9420.2425,1966.1141666666667,68.68333333333334,0.0,0.0,0.0,0.0,0.0,0.0,0.0,0.0,0.0
2022-02-16 11:00:00,1.4583333333333333,9723.14,9409.27875,1960.6095833333334,68.88666666666667,0.0,0.0,0.0,0.0,0.0,0.0,0.0,0.0,0.0
2022-02-16 12:00:00,1.5,9706.27,9398.314999999999,1955.105,69.09,0.0,0.0,0.0,0.0,0.0,0.0,0.0,0.0,0.0
2022-02-16 13:00:00,1.5416666666666665,9689.4,9387.35125,1949.6004166666667,69.29333333333334,0.0,0.0,0.0,0.0,0.0,0.0,0.0,0.0,0.0
2022-02-16 14:00:00,1.5833333333333333,9672.529999999999,9376.387499999999,1944.0958333333333,69.49666666666667,0.0,0.0,0.0,0.0,0.0,0.0,0.0,0.0,0.0
2022-02-16 15:00:00,1.625,9655.66,9365.42375,1938.59125,69.7,0.0,0.0,0.0,0.0,0.0,0.0,0.0,0.0,0.0
2022-02-16 16:00:00,1.6666666666666665,9638.789999999999,9354.46,1933.0866666666666,69.90333333333334,0.0,0.0,0.0,0.0,0.0,0.0,0.0,0.0,0.0
2022-02-16 17:00:00,1.7083333333333333,9621.92,9343.49625,1927.5820833333332,70.10666666666667,0.0,0.0,0.0,0.0,0.0,0.0,0.0,0.0,0.0
2022-02-16 18:00:00,1.75,9605.05,9332.5325,1922.0774999999999,70.31,0.0,0.0,0.0,0.0,0.0,0.0,0.0,0.0,0.0
2022-02-16 19:00:00,1.7916666666666665,9588.18,9321.56875,1916.5729166666667,70.51333333333334,0.0,0.0,0.0,0.0,0.0,0.0,0.0,0.0,0.0
2022-02-16 20:00:00,1.8333333333333333,9571.31,9310.605,1911.0683333333334,70.71666666666667,0.0,0.0,0.0,0.0,0.0,0.0,0.0,0.0,0.0
2022-02-16 21:00:00,1.875,9554.44,9299.64125,1905.56375,70.92,0.0,0.0,0.0,0.0,0.0,0.0,0.0,0.0,0.0
2022-02-16 22:00:00,1.9166666666666665,9537.57,9288.6775,1900.0591666666667,71.12333333333333,0.0,0.0,0.0,0.0,0.0,0.0,0.0,0.0,0.0
2022-02-16 23:00:00,1.9583333333333333,9520.7,9277.71375,1894.5545833333333,71.32666666666667,0.0,0.0,0.0,0.0,0.0,0.0,0.0,0.0,0.0
2022-02-17 00:00:00,2.0,9503.83,9266.75,1889.05,71.53,0.0,0.0,0.0,0.0,0.0,0.0,0.0,0.0,0.0
2022-02-17 01:00:00,2.125,9508.767916666666,9273.37125,1890.3379166666666,72.4775,0.0,0.0,0.0,0.0,0.0,0.0,0.0,0.0,0.0
2022-02-17 02:00:00,2.25,9513.705833333333,9279.9925,1891.6258333333333,73.425,0.0,0.0,0.0,0.0,0.0,0.0,0.0,0.0,0.0
2022-02-17 03:00:00,2.375,9518.64375,9286.61375,1892.91375,74.3725,0.0,0.0,0.0,0.0,0.0,0.0,0.0,0.0,0.0
2022-02-17 04:00:00,2.5,9523.581666666667,9293.235,1894.2016666666666,75.32,0.0,0.0,0.0,0.0,0.0,0.0,0.0,0.0,0.0
2022-02-17 05:00:00,2.625,9528.519583333333,9299.85625,1895.4895833333333,76.2675,0.0,0.0,0.0,0.0,0.0,0.0,0.0,0.0,0.0
2022-02-17 06:00:00,2.75,9533.4575,9306.4775,1896.7775,77.215,0.0,0.0,0.0,0.0,0.0,0.0,0.0,0.0,0.0
2022-02-17 07:00:00,2.875,9538.395416666666,9313.09875,1898.0654166666666,78.1625,0.0,0.0,0.0,0.0,0.0,0.0,0.0,0.0,0.0
2022-02-17 08:00:00,3.0,9543.333333333334,9319.72,1899.3533333333332,79.11,0.0,0.0,0.0,0.0,0.0,0.0,0.0,0.0,0.0
2022-02-17 09:00:00,3.125,9548.27125,9326.34125,1900.64125,80.0575,0.0,0.0,0.0,0.0,0.0,0.0,0.0,0.0,0.0
2022-02-17 10:00:00,3.25,9553.209166666667,9332.9625,1901.9291666666666,81.005,0.0,0.0,0.0,0.0,0.0,0.0,0.0,0.0,0.0
2022-02-17 11:00:00,3.375,9558.147083333333,9339.58375,1903.2170833333332,81.9525,0.0,0.0,0.0,0.0,0.0,0.0,0.0,0.0,0.0
2022-02-17 12:00:00,3.5,9563.085,9346.205,1904.505,82.9,0.0,0.0,0.0,0.0,0.0,0.0,0.0,0.0,0.0
2022-02-17 13:00:00,3.625,9568.022916666667,9352.82625,1905.7929166666668,83.8475,0.0,0.0,0.0,0.0,0.0,0.0,0.0,0.0,0.0
2022-02-17 14:00:00,3.75,9572.960833333333,9359.4475,1907.0808333333334,84.795,0.0,0.0,0.0,0.0,0.0,0.0,0.0,0.0,0.0
2022-02-17 15:00:00,3.875,9577.89875,9366.06875,1908.36875,85.74249999999999,0.0,0.0,0.0,0.0,0.0,0.0,0.0,0.0,0.0
2022-02-17 16:00:00,4.0,9582.836666666666,9372.69,1909.6566666666668,86.69,0.0,0.0,0.0,0.0,0.0,0.0,0.0,0.0,0.0
2022-02-17 17:00:00,4.125,9587.774583333334,9379.31125,1910.9445833333334,87.63749999999999,0.0,0.0,0.0,0.0,0.0,0.0,0.0,0.0,0.0
2022-02-17 18:00:00,4.25,9592.7125,9385.932499999999,1912.2325,88.585,0.0,0.0,0.0,0.0,0.0,0.0,0.0,0.0,0.0
2022-02-17 19:00:00,4.375,9597.650416666667,9392.55375,1913.5204166666667,89.5325,0.0,0.0,0.0,0.0,0.0,0.0,0.0,0.0,0.0
2022-02-17 20:00:00,4.5,9602.588333333333,9399.175,1914.8083333333334,90.47999999999999,0.0,0.0,0.0,0.0,0.0,0.0,0.0,0.0,0.0
2022-02-17 21:00:00,4.625,9607.52625,9405.79625,1916.09625,91.4275,0.0,0.0,0.0,0.0,0.0,0.0,0.0,0.0,0.0
2022-02-17 22:00:00,4.75,9612.464166666667,9412.4175,1917.3841666666667,92.375,0.0,0.0,0.0,0.0,0.0,0.0,0.0,0.0,0.0
2022-02-17 23:00:00,4.875,9617.402083333334,9419.03875,1918.6720833333334,93.32249999999999,0.0,0.0,0.0,0.0,0.0,0.0,0.0,0.0,0.0
2022-02-18 00:00:00,5.0,9622.34,9425.66,1919.96,94.27,0.0,0.0,0.0,0.0,0.0,0.0,0.0,0.0,0.0
2022-02-18 01:00:00,5.208333333333333,9595.529166666667,9417.520416666666,1910.69,93.17875,0.0,0.0,0.0,0.0,0.0,0.0,0.0,0.0,0.0
2022-02-18 02:00:00,5.416666666666667,9568.718333333334,9409.380833333333,1901.42,92.08749999999999,0.0,0.0,0.0,0.0,0.0,0.0,0.0,0.0,0.0
2022-02-18 03:00:00,5.625,9541.9075,9401.24125,1892.15,90.99625,0.0,0.0,0.0,0.0,0.0,0.0,0.0,0.0,0.0
2022-02-18 04:00:00,5.833333333333333,9515.096666666666,9393.101666666666,1882.88,89.905,0.0,0.0,0.0,0.0,0.0,0.0,0.0,0.0,0.0
2022-02-18 05:00:00,6.041666666666667,9488.285833333333,9384.962083333334,1873.6100000000001,88.81375,0.0,0.0,0.0,0.0,0.0,0.0,0.0,0.0,0.0
2022-02-18 06:00:00,6.25,9461.475,9376.8225,1864.3400000000001,87.7225,0.0,0.0,0.0,0.0,0.0,0.0,0.0,0.0,0.0
2022-02-18 07:00:00,6.458333333333334,9434.664166666667,9368.682916666667,1855.07,86.63125,0.0,0.0,0.0,0.0,0.0,0.0,0.0,0.0,0.0
2022-02-18 08:00:00,6.666666666666667,9407.853333333333,9360.543333333333,1845.8,85.53999999999999,0.0,0.0,0.0,0.0,0.0,0.0,0.0,0.0,0.0
2022-02-18 09:00:00,6.875,9381.0425,9352.40375,1836.53,84.44874999999999,0.0,0.0,0.0,0.0,0.0,0.0,0.0,0.0,0.0
2022-02-18 10:00:00,7.083333333333334,9354.231666666667,9344.264166666666,1827.26,83.3575,0.0,0.0,0.0,0.0,0.0,0.0,0.0,0.0,0.0
2022-02-18 11:00:00,7.291666666666667,9327.420833333334,9336.124583333332,1817.99,82.26625,0.0,0.0,0.0,0.0,0.0,0.0,0.0,0.0,0.0
2022-02-18 12:00:00,7.5,9300.61,9327.985,1808.72,81.175,0.0,0.0,0.0,0.0,0.0,0.0,0.0,0.0,0.0
2022-02-18 13:00:00,7.708333333333334,9273.799166666666,9319.845416666667,1799.45,80.08375,0.0,0.0,0.0,0.0,0.0,0.0,0.0,0.0,0.0
2022-02-18 14:00:00,7.916666666666667,9246.988333333333,9311.705833333333,1790.18,78.99249999999999,0.0,0.0,0.0,0.0,0.0,0.0,0.0,0.0,0.0
2022-02-18 15:00:00,8.125,9220.1775,9303.56625,1780.91,77.90125,0.0,0.0,0.0,0.0,0.0,0.0,0.0,0.0,0.0
2022-02-18 16:00:00,8.333333333333334,9193.366666666667,9295.426666666666,1771.64,76.81,0.0,0.0,0.0,0.0,0.0,0.0,0.0,0.0,0.0
2022-02-18 17:00:00,8.541666666666668,9166.555833333332,9287.287083333333,1762.37,75.71875,0.0,0.0,0.0,0.0,0.0,0.0,0.0,0.0,0.0
2022-02-18 18:00:00,8.75,9139.744999999999,9279.1475,1753.1,74.6275,0.0,0.0,0.0,0.0,0.0,0.0,0.0,0.0,0.0
2022-02-18 19:00:00,8.958333333333334,9112.934166666666,9271.007916666666,1743.83,73.53625,0.0,0.0,0.0,0.0,0.0,0.0,0.0,0.0,0.0
2022-02-18 20:00:00,9.166666666666668,9086.123333333333,9262.868333333332,1734.56,72.445,0.0,0.0,0.0,0.0,0.0,0.0,0.0,0.0,0.0
2022-02-18 21:00:00,9.375,9059.3125,9254.72875,1725.29,71.35374999999999,0.0,0.0,0.0,0.0,0.0,0.0,0.0,0.0,0.0
2022-02-18 22:00:00,9.583333333333334,9032.501666666665,9246.589166666667,1716.02,70.2625,0.0,0.0,0.0,0.0,0.0,0.0,0.0,0.0,0.0
2022-02-18 23:00:00,9.791666666666668,9005.690833333332,9238.449583333333,1706.75,69.17125,0.0,0.0,0.0,0.0,0.0,0.0,0.0,0.0,0.0
2022-02-19 00:00:00,10.0,8978.88,9230.31,1697.48,68.08,0.0,0.0,0.0,0.0,0.0,0.0,0.0,0.0,0.0
2022-02-19 01:00:00,9.625,8996.31375,9217.639583333334,1705.4691666666668,67.94833333333334,0.0,0.0,0.0,0.0,0.0,0.0,0.0,0.0,0.0
2022-02-19 02:00:00,9.25,9013.7475,9204.969166666666,1713.4583333333333,67.81666666666666,0.0,0.0,0.0,0.0,0.0,0.0,0.0,0.0,0.0
2022-02-19 03:00:00,8.875,9031.18125,9192.29875,1721.4475,67.685,0.0,0.0,0.0,0.0,0.0,0.0,0.0,0.0,0.0
2022-02-19 04:00:00,8.5,9048.615,9179.628333333332,1729.4366666666667,67.55333333333333,0.0,0.0,0.0,0.0,0.0,0.0,0.0,0.0,0.0
2022-02-19 05:00:00,8.125,9066.04875,9166.957916666666,1737.4258333333335,67.42166666666667,0.0,0.0,0.0,0.0,0.0,0.0,0.0,0.0,0.0
2022-02-19 06:00:00,7.75,9083.4825,9154.287499999999,1745.415,67.28999999999999,0.0,0.0,0.0,0.0,0.0,0.0,0.0,0.0,0.0
2022-02-19 07:00:00,7.375,9100.91625,9141.617083333333,1753.4041666666667,67.15833333333333,0.0,0.0,0.0,0.0,0.0,0.0,0.0,0.0,0.0
2022-02-19 08:00:00,7.0,9118.35,9128.946666666667,1761.3933333333334,67.02666666666667,0.0,0.0,0.0,0.0,0.0,0.0,0.0,0.0,0.0
2022-02-19 09:00:00,6.625,9135.78375,9116.276249999999,1769.3825,66.895,0.0,0.0,0.0,0.0,0.0,0.0,0.0,0.0,0.0
2022-02-19 10:00:00,6.25,9153.2175,9103.605833333333,1777.3716666666667,66.76333333333334,0.0,0.0,0.0,0.0,0.0,0.0,0.0,0.0,0.0
2022-02-19 11:00:00,5.875,9170.65125,9090.935416666665,1785.3608333333334,66.63166666666666,0.0,0.0,0.0,0.0,0.0,0.0,0.0,0.0,0.0
2022-02-19 12:00:00,5.5,9188.085,9078.265,1793.35,66.5,0.0,0.0,0.0,0.0,0.0,0.0,0.0,0.0,0.0
2022-02-19 13:00:00,5.125,9205.51875,9065.594583333334,1801.3391666666666,66.36833333333334,0.0,0.0,0.0,0.0,0.0,0.0,0.0,0.0,0.0
2022-02-19 14:00:00,4.75,9222.9525,9052.924166666666,1809.3283333333334,66.23666666666666,0.0,0.0,0.0,0.0,0.0,0.0,0.0,0.0,0.0
2022-02-19 15:00:00,4.375,9240.38625,9040.25375,1817.3175,66.105,0.0,0.0,0.0,0.0,0.0,0.0,0.0,0.0,0.0
2022-02-19 16:00:00,4.0,9257.82,9027.583333333332,1825.3066666666666,65.97333333333333,0.0,0.0,0.0,0.0,0.0,0.0,0.0,0.0,0.0
2022-02-19 17:00:00,3.625,9275.25375,9014.912916666666,1833.2958333333333,65.84166666666667,0.0,0.0,0.0,0.0,0.0,0.0,0.0,0.0,0.0
2022-02-19 18:00:00,3.25,9292.6875,9002.2425,1841.285,65.71000000000001,0.0,0.0,0.0,0.0,0.0,0.0,0.0,0.0,0.0
2022-02-19 19:00:00,2.875,9310.12125,8989.572083333333,1849.2741666666666,65.57833333333333,0.0,0.0,0.0,0.0,0.0,0.0,0.0,0.0,0.0
2022-02-19 20:00:00,2.5,9327.555,8976.901666666667,1857.2633333333333,65.44666666666667,0.0,0.0,0.0,0.0,0.0,0.0,0.0,0.0,0.0
2022-02-19 21:00:00,2.125,9344.98875,8964.231249999999,1865.2525,65.315,0.0,0.0,0.0,0.0,0.0,0.0,0.0,0.0,0.0
2022-02-19 22:00:00,1.75,9362.4225,8951.560833333333,1873.2416666666668,65.18333333333334,0.0,0.0,0.0,0.0,0.0,0.0,0.0,0.0,0.0
2022-02-19 23:00:00,1.375,9379.85625,8938.890416666665,1881.2308333333333,65.05166666666666,0.0,0.0,0.0,0.0,0.0,0.0,0.0,0.0,0.0
2022-02-20 00:00:00,1.0,9397.29,8926.22,1889.22,64.92,0.0,0.0,0.0,0.0,0.0,0.0,0.0,0.0,0.0
2022-02-20 01:00:00,1.0416666666666667,9386.340416666668,8905.381249999999,1888.5083333333334,64.31833333333333,0.0,0.0,0.0,0.0,0.0,0.0,0.0,0.0,0.0
2022-02-20 02:00:00,1.0833333333333333,9375.390833333335,8884.5425,1887.7966666666666,63.71666666666667,0.0,0.0,0.0,0.0,0.0,0.0,0.0,0.0,0.0
2022-02-20 03:00:00,1.125,9364.44125,8863.703749999999,1887.085,63.115,0.0,0.0,0.0,0.0,0.0,0.0,0.0,0.0,0.0
2022-02-20 04:00:00,1.1666666666666667,9353.491666666667,8842.865,1886.3733333333334,62.513333333333335,0.0,0.0,0.0,0.0,0.0,0.0,0.0,0.0,0.0
2022-02-20 05:00:00,1.2083333333333333,9342.542083333334,8822.026249999999,1885.6616666666666,61.91166666666667,0.0,0.0,0.0,0.0,0.0,0.0,0.0,0.0,0.0
2022-02-20 06:00:00,1.25,9331.5925,8801.1875,1884.95,61.31,0.0,0.0,0.0,0.0,0.0,0.0,0.0,0.0,0.0
2022-02-20 07:00:00,1.2916666666666665,9320.642916666668,8780.34875,1884.2383333333335,60.708333333333336,0.0,0.0,0.0,0.0,0.0,0.0,0.0,0.0,0.0
2022-02-20 08:00:00,1.3333333333333333,9309.693333333335,8759.51,1883.5266666666666,60.10666666666667,0.0,0.0,0.0,0.0,0.0,0.0,0.0,0.0,0.0
2022-02-20 09:00:00,1.375,9298.743750000001,8738.67125,1882.815,59.505,0.0,0.0,0.0,0.0,0.0,0.0,0.0,0.0,0.0
2022-02-20 10:00:00,1.4166666666666665,9287.794166666667,8717.8325,1882.1033333333335,58.903333333333336,0.0,0.0,0.0,0.0,0.0,0.0,0.0,0.0,0.0
2022-02-20 11:00:00,1.4583333333333333,9276.844583333334,8696.99375,1881.3916666666667,58.30166666666666,0.0,0.0,0.0,0.0,0.0,0.0,0.0,0.0,0.0
2022-02-20 12:00:00,1.5,9265.895,8676.154999999999,1880.68,57.7,0.0,0.0,0.0,0.0,0.0,0.0,0.0,0.0,0.0
2022-02-20 13:00:00,1.5416666666666665,9254.945416666667,8655.31625,1879.9683333333335,57.09833333333333,0.0,0.0,0.0,0.0,0.0,0.0,0.0,0.0,0.0
2022-02-20 14:00:00,1.5833333333333333,9243.995833333334,8634.477499999999,1879.2566666666667,56.49666666666666,0.0,0.0,0.0,0.0,0.0,0.0,0.0,0.0,0.0
2022-02-20 15:00:00,1.625,9233.04625,8613.63875,1878.545,55.894999999999996,0.0,0.0,0.0,0.0,0.0,0.0,0.0,0.0,0.0
2022-02-20 16:00:00,1.6666666666666665,9222.096666666666,8592.8,1877.8333333333335,55.29333333333333,0.0,0.0,0.0,0.0,0.0,0.0,0.0,0.0,0.0
2022-02-20 17:00:00,1.7083333333333333,9211.147083333333,8571.96125,1877.1216666666667,54.69166666666666,0.0,0.0,0.0,0.0,0.0,0.0,0.0,0.0,0.0
2022-02-20 18:00:00,1.75,9200.1975,8551.1225,1876.41,54.089999999999996,0.0,0.0,0.0,0.0,0.0,0.0,0.0,0.0,0.0
2022-02-20 19:00:00,1.7916666666666665,9189.247916666667,8530.28375,1875.6983333333335,53.48833333333333,0.0,0.0,0.0,0.0,0.0,0.0,0.0,0.0,0.0
2022-02-20 20:00:00,1.8333333333333333,9178.298333333334,8509.445,1874.9866666666667,52.88666666666666,0.0,0.0,0.0,0.0,0.0,0.0,0.0,0.0,0.0
2022-02-20 21:00:00,1.875,9167.348750000001,8488.60625,1874.275,52.285,0.0,0.0,0.0,0.0,0.0,0.0,0.0,0.0,0.0
2022-02-20 22:00:00,1.9166666666666665,9156.399166666666,8467.7675,1873.5633333333335,51.68333333333333,0.0,0.0,0.0,0.0,0.0,0.0,0.0,0.0,0.0
2022-02-20 23:00:00,1.9583333333333333,9145.449583333333,8446.928750000001,1872.8516666666667,51.08166666666666,0.0,0.0,0.0,0.0,0.0,0.0,0.0,0.0,0.0
2022-02-21 00:00:00,2.0,9134.5,8426.09,1872.14,50.48,0.0,0.0,0.0,0.0,0.0,0.0,0.0,0.0,0.0
2022-02-21 01:00:00,2.2916666666666665,9247.700416666667,8533.507916666667,1892.8570833333333,51.91083333333333,0.0,0.0,0.0,0.0,0.0,0.0,0.0,0.0,0.0
2022-02-21 02:00:00,2.5833333333333335,9360.900833333333,8640.925833333333,1913.5741666666668,53.34166666666666,0.0,0.0,0.0,0.0,0.0,0.0,0.0,0.0,0.0
2022-02-21 03:00:00,2.875,9474.10125,8748.34375,1934.29125,54.772499999999994,0.0,0.0,0.0,0.0,0.0,0.0,0.0,0.0,0.0
2022-02-21 04:00:00,3.166666666666667,9587.301666666666,8855.761666666667,1955.0083333333334,56.20333333333333,0.0,0.0,0.0,0.0,0.0,0.0,0.0,0.0,0.0
2022-02-21 05:00:00,3.4583333333333335,9700.502083333333,8963.179583333334,1975.7254166666667,57.634166666666665,0.0,0.0,0.0,0.0,0.0,0.0,0.0,0.0,0.0
2022-02-21 06:00:00,3.75,9813.7025,9070.5975,1996.4425,59.065,0.0,0.0,0.0,0.0,0.0,0.0,0.0,0.0,0.0
2022-02-21 07:00:00,4.041666666666667,9926.902916666666,9178.015416666667,2017.1595833333333,60.49583333333333,0.0,0.0,0.0,0.0,0.0,0.0,0.0,0.0,0.0
2022-02-21 08:00:00,4.333333333333334,10040.103333333333,9285.433333333334,2037.8766666666668,61.92666666666666,0.0,0.0,0.0,0.0,0.0,0.0,0.0,0.0,0.0
2022-02-21 09:00:00,4.625,10153.30375,9392.85125,2058.59375,63.357499999999995,0.0,0.0,0.0,0.0,0.0,0.0,0.0,0.0,0.0
2022-02-21 10:00:00,4.916666666666667,10266.504166666666,9500.269166666667,2079.3108333333334,64.78833333333333,0.0,0.0,0.0,0.0,0.0,0.0,0.0,0.0,0.0
2022-02-21 11:00:00,5.208333333333334,10379.704583333332,9607.687083333334,2100.027916666667,66.21916666666667,0.0,0.0,0.0,0.0,0.0,0.0,0.0,0.0,0.0
2022-02-21 12:00:00,5.5,10492.904999999999,9715.105,2120.745,67.64999999999999,0.0,0.0,0.0,0.0,0.0,0.0,0.0,0.0,0.0
2022-02-21 13:00:00,5.791666666666667,10606.105416666665,9822.522916666667,2141.4620833333333,69.08083333333333,0.0,0.0,0.0,0.0,0.0,0.0,0.0,0.0,0.0
2022-02-21 14:00:00,6.083333333333334,10719.305833333332,9929.940833333334,2162.179166666667,70.51166666666666,0.0,0.0,0.0,0.0,0.0,0.0,0.0,0.0,0.0
2022-02-21 15:00:00,6.375,10832.50625,10037.358750000001,2182.89625,71.9425,0.0,0.0,0.0,0.0,0.0,0.0,0.0,0.0,0.0
2022-02-21 16:00:00,6.666666666666667,10945.706666666667,10144.776666666667,2203.6133333333332,73.37333333333333,0.0,0.0,0.0,0.0,0.0,0.0,0.0,0.0,0.0
2022-02-21 17:00:00,6.958333333333334,11058.907083333334,10252.194583333334,2224.3304166666667,74.80416666666666,0.0,0.0,0.0,0.0,0.0,0.0,0.0,0.0,0.0
2022-02-21 18:00:00,7.25,11172.1075,10359.612500000001,2245.0475,76.23499999999999,0.0,0.0,0.0,0.0,0.0,0.0,0.0,0.0,0.0
2022-02-21 19:00:00,7.541666666666667,11285.307916666667,10467.030416666668,2265.764583333333,77.66583333333332,0.0,0.0,0.0,0.0,0.0,0.0,0.0,0.0,0.0
2022-02-21 20:00:00,7.833333333333334,11398.508333333333,10574.448333333334,2286.4816666666666,79.09666666666666,0.0,0.0,0.0,0.0,0.0,0.0,0.0,0.0,0.0
2022-02-21 21:00:00,8.125,11511.70875,10681.866250000001,2307.19875,80.52749999999999,0.0,0.0,0.0,0.0,0.0,0.0,0.0,0.0,0.0
2022-02-21 22:00:00,8.416666666666668,11624.909166666666,10789.284166666668,2327.9158333333335,81.95833333333333,0.0,0.0,0.0,0.0,0.0,0.0,0.0,0.0,0.0
2022-02-21 23:00:00,8.708333333333334,11738.109583333333,10896.702083333334,2348.6329166666665,83.38916666666665,0.0,0.0,0.0,0.0,0.0,0.0,0.0,0.0,0.0
2022-02-22 00:00:00,9.0,11851.31,11004.12,2369.35,84.82,0.0,0.0,0.0,0.0,0.0,0.0,0.0,0.0,0.0
2022-02-22 01:00:00,8.708333333333334,11798.122083333334,10945.126666666667,2351.2229166666666,84.505,0.0,0.0,0.0,0.0,0.0,0.0,0.0,0.0,0.0
2022-02-22 02:00:00,8.416666666666666,11744.934166666666,10886.133333333335,2333.0958333333333,84.19,0.0,0.0,0.0,0.0,0.0,0.0,0.0,0.0,0.0
2022-02-22 03:00:00,8.125,11691.74625,10827.140000000001,2314.96875,83.875,0.0,0.0,0.0,0.0,0.0,0.0,0.0,0.0,0.0
2022-02-22 04:00:00,7.833333333333333,11638.558333333332,10768.146666666667,2296.8416666666667,83.56,0.0,0.0,0.0,0.0,0.0,0.0,0.0,0.0,0.0
2022-02-22 05:00:00,7.541666666666666,11585.370416666667,10709.153333333334,2278.7145833333334,83.24499999999999,0.0,0.0,0.0,0.0,0.0,0.0,0.0,0.0,0.0
2022-02-22 06:00:00,7.25,11532.182499999999,10650.16,2260.5875,82.92999999999999,0.0,0.0,0.0,0.0,0.0,0.0,0.0,0.0,0.0
2022-02-22 07:00:00,6.958333333333333,11478.994583333333,10591.166666666668,2242.460416666667,82.615,0.0,0.0,0.0,0.0,0.0,0.0,0.0,0.0,0.0
2022-02-22 08:00:00,6.666666666666666,11425.806666666665,10532.173333333334,2224.333333333333,82.3,0.0,0.0,0.0,0.0,0.0,0.0,0.0,0.0,0.0
2022-02-22 09:00:00,6.375,11372.61875,10473.18,2206.2062499999997,81.985,0.0,0.0,0.0,0.0,0.0,0.0,0.0,0.0,0.0
2022-02-22 10:00:00,6.083333333333333,11319.430833333332,10414.186666666668,2188.0791666666664,81.67,0.0,0.0,0.0,0.0,0.0,0.0,0.0,0.0,0.0
2022-02-22 11:00:00,5.791666666666666,11266.242916666666,10355.193333333335,2169.952083333333,81.355,0.0,0.0,0.0,0.0,0.0,0.0,0.0,0.0,0.0
2022-02-22 12:00:00,5.5,11213.055,10296.2,2151.825,81.03999999999999,0.0,0.0,0.0,0.0,0.0,0.0,0.0,0.0,0.0
2022-02-22 13:00:00,5.208333333333333,11159.867083333333,10237.206666666667,2133.6979166666665,80.725,0.0,0.0,0.0,0.0,0.0,0.0,0.0,0.0,0.0
2022-02-22 14:00:00,4.916666666666666,11106.679166666667,10178.213333333333,2115.570833333333,80.41,0.0,0.0,0.0,0.0,0.0,0.0,0.0,0.0,0.0
2022-02-22 15:00:00,4.625,11053.49125,10119.220000000001,2097.44375,80.095,0.0,0.0,0.0,0.0,0.0,0.0,0.0,0.0,0.0
2022-02-22 16:00:00,4.333333333333333,11000.303333333333,10060.226666666667,2079.3166666666666,79.78,0.0,0.0,0.0,0.0,0.0,0.0,0.0,0.0,0.0
2022-02-22 17:00:00,4.041666666666666,10947.115416666666,10001.233333333334,2061.1895833333333,79.465,0.0,0.0,0.0,0.0,0.0,0.0,0.0,0.0,0.0
2022-02-22 18:00:00,3.75,10893.9275,9942.240000000002,2043.0625,79.15,0.0,0.0,0.0,0.0,0.0,0.0,0.0,0.0,0.0
2022-02-22 19:00:00,3.458333333333333,10840.739583333332,9883.246666666668,2024.9354166666667,78.83500000000001,0.0,0.0,0.0,0.0,0.0,0.0,0.0,0.0,0.0
2022-02-22 20:00:00,3.166666666666666,10787.551666666666,9824.253333333334,2006.8083333333334,78.52000000000001,0.0,0.0,0.0,0.0,0.0,0.0,0.0,0.0,0.0
2022-02-22 21:00:00,2.875,10734.363749999999,9765.26,1988.68125,78.205,0.0,0.0,0.0,0.0,0.0,0.0,0.0,0.0,0.0
2022-02-22 22:00:00,2.583333333333333,10681.175833333333,9706.266666666666,1970.5541666666666,77.89,0.0,0.0,0.0,0.0,0.0,0.0,0.0,0.0,0.0
2022-02-22 23:00:00,2.291666666666666,10627.987916666665,9647.273333333334,1952.4270833333333,77.575,0.0,0.0,0.0,0.0,0.0,0.0,0.0,0.0,0.0
2022-02-23 00:00:00,2.0,10574.8,9588.28,1934.3,77.26,0.0,0.0,0.0,0.0,0.0,0.0,0.0,0.0,0.0
2022-02-23 01:00:00,2.0,10593.127083333333,9611.2775,1933.2345833333334,78.11666666666667,0.0,0.0,0.0,0.0,0.0,0.0,0.0,0.0,0.0
2022-02-23 02:00:00,2.0,10611.454166666666,9634.275000000001,1932.1691666666666,78.97333333333334,0.0,0.0,0.0,0.0,0.0,0.0,0.0,0.0,0.0
2022-02-23 03:00:00,2.0,10629.78125,9657.272500000001,1931.10375,79.83,0.0,0.0,0.0,0.0,0.0,0.0,0.0,0.0,0.0
2022-02-23 04:00:00,2.0,10648.108333333334,9680.27,1930.0383333333334,80.68666666666667,0.0,0.0,0.0,0.0,0.0,0.0,0.0,0.0,0.0
2022-02-23 05:00:00,2.0,10666.435416666665,9703.2675,1928.9729166666666,81.54333333333334,0.0,0.0,0.0,0.0,0.0,0.0,0.0,0.0,0.0
2022-02-23 06:00:00,2.0,10684.762499999999,9726.265,1927.9075,82.4,0.0,0.0,0.0,0.0,0.0,0.0,0.0,0.0,0.0
2022-02-23 07:00:00,2.0,10703.089583333332,9749.2625,1926.8420833333332,83.25666666666666,0.0,0.0,0.0,0.0,0.0,0.0,0.0,0.0,0.0
2022-02-23 08:00:00,2.0,10721.416666666666,9772.26,1925.7766666666666,84.11333333333333,0.0,0.0,0.0,0.0,0.0,0.0,0.0,0.0,0.0
2022-02-23 09:00:00,2.0,10739.74375,9795.2575,1924.71125,84.97,0.0,0.0,0.0,0.0,0.0,0.0,0.0,0.0,0.0
2022-02-23 10:00:00,2.0,10758.070833333333,9818.255000000001,1923.6458333333333,85.82666666666667,0.0,0.0,0.0,0.0,0.0,0.0,0.0,0.0,0.0
2022-02-23 11:00:00,2.0,10776.397916666667,9841.2525,1922.5804166666667,86.68333333333334,0.0,0.0,0.0,0.0,0.0,0.0,0.0,0.0,0.0
2022-02-23 12:00:00,2.0,10794.724999999999,9864.25,1921.5149999999999,87.53999999999999,0.0,0.0,0.0,0.0,0.0,0.0,0.0,0.0,0.0
2022-02-23 13:00:00,2.0,10813.052083333332,9887.2475,1920.4495833333333,88.39666666666666,0.0,0.0,0.0,0.0,0.0,0.0,0.0,0.0,0.0
2022-02-23 14:00:00,2.0,10831.379166666666,9910.244999999999,1919.3841666666667,89.25333333333333,0.0,0.0,0.0,0.0,0.0,0.0,0.0,0.0,0.0
2022-02-23 15:00:00,2.0,10849.70625,9933.2425,1918.31875,90.11,0.0,0.0,0.0,0.0,0.0,0.0,0.0,0.0,0.0
2022-02-23 16:00:00,2.0,10868.033333333333,9956.24,1917.2533333333333,90.96666666666667,0.0,0.0,0.0,0.0,0.0,0.0,0.0,0.0,0.0
2022-02-23 17:00:00,2.0,10886.360416666666,9979.2375,1916.1879166666668,91.82333333333332,0.0,0.0,0.0,0.0,0.0,0.0,0.0,0.0,0.0
2022-02-23 18:00:00,2.0,10904.6875,10002.235,1915.1225,92.67999999999999,0.0,0.0,0.0,0.0,0.0,0.0,0.0,0.0,0.0
2022-02-23 19:00:00,2.0,10923.014583333334,10025.2325,1914.0570833333334,93.53666666666666,0.0,0.0,0.0,0.0,0.0,0.0,0.0,0.0,0.0
2022-02-23 20:00:00,2.0,10941.341666666667,10048.23,1912.9916666666668,94.39333333333333,0.0,0.0,0.0,0.0,0.0,0.0,0.0,0.0,0.0
2022-02-23 21:00:00,2.0,10959.668749999999,10071.227499999999,1911.92625,95.25,0.0,0.0,0.0,0.0,0.0,0.0,0.0,0.0,0.0
2022-02-23 22:00:00,2.0,10977.995833333332,10094.224999999999,1910.8608333333334,96.10666666666665,0.0,0.0,0.0,0.0,0.0,0.0,0.0,0.0,0.0
2022-02-23 23:00:00,2.0,10996.322916666666,10117.2225,1909.7954166666666,96.96333333333332,0.0,0.0,0.0,0.0,0.0,0.0,0.0,0.0,0.0
2022-02-24 00:00:00,2.0,11014.65,10140.22,1908.73,97.82,0.0,0.0,0.0,0.0,0.0,0.0,0.0,0.0,0.0
2022-02-24 01:00:00,2.0833333333333335,11007.371666666666,10133.74625,1907.2075,98.12541666666667,0.0,0.0,0.0,0.0,0.0,0.0,0.0,0.0,0.0
2022-02-24 02:00:00,2.1666666666666665,11000.093333333332,10127.2725,1905.685,98.43083333333333,0.0,0.0,0.0,0.0,0.0,0.0,0.0,0.0,0.0
2022-02-24 03:00:00,2.25,10992.814999999999,10120.79875,1904.1625,98.73625,0.0,0.0,0.0,0.0,0.0,0.0,0.0,0.0,0.0
2022-02-24 04:00:00,2.3333333333333335,10985.536666666667,10114.324999999999,1902.64,99.04166666666666,0.0,0.0,0.0,0.0,0.0,0.0,0.0,0.0,0.0
2022-02-24 05:00:00,2.4166666666666665,10978.258333333333,10107.85125,1901.1175,99.34708333333333,0.0,0.0,0.0,0.0,0.0,0.0,0.0,0.0,0.0
2022-02-24 06:00:00,2.5,10970.98,10101.377499999999,1899.595,99.6525,0.0,0.0,0.0,0.0,0.0,0.0,0.0,0.0,0.0
2022-02-24 07:00:00,2.583333333333333,10963.701666666666,10094.90375,1898.0725,99.95791666666666,0.0,0.0,0.0,0.0,0.0,0.0,0.0,0.0,0.0
2022-02-24 08:00:00,2.6666666666666665,10956.423333333332,10088.43,1896.55,100.26333333333334,0.0,0.0,0.0,0.0,0.0,0.0,0.0,0.0,0.0
2022-02-24 09:00:00,2.75,10949.145,10081.95625,1895.0275000000001,100.56875,0.0,0.0,0.0,0.0,0.0,0.0,0.0,0.0,0.0
2022-02-24 10:00:00,2.833333333333333,10941.866666666667,10075.4825,1893.505,100.87416666666667,0.0,0.0,0.0,0.0,0.0,0.0,0.0,0.0,0.0
2022-02-24 11:00:00,2.9166666666666665,10934.588333333333,10069.008749999999,1891.9825,101.17958333333333,0.0,0.0,0.0,0.0,0.0,0.0,0.0,0.0,0.0
2022-02-24 12:00:00,3.0,10927.31,10062.535,1890.46,101.485,0.0,0.0,0.0,0.0,0.0,0.0,0.0,0.0,0.0
2022-02-24 13:00:00,3.083333333333333,10920.031666666666,10056.06125,1888.9375,101.79041666666667,0.0,0.0,0.0,0.0,0.0,0.0,0.0,0.0,0.0
2022-02-24 14:00:00,3.1666666666666665,10912.753333333332,10049.5875,1887.415,102.09583333333333,0.0,0.0,0.0,0.0,0.0,0.0,0.0,0.0,0.0
2022-02-24 15:00:00,3.25,10905.474999999999,10043.11375,1885.8925,102.40125,0.0,0.0,0.0,0.0,0.0,0.0,0.0,0.0,0.0
2022-02-24 16:00:00,3.333333333333333,10898.196666666667,10036.64,1884.3700000000001,102.70666666666666,0.0,0.0,0.0,0.0,0.0,0.0,0.0,0.0,0.0
2022-02-24 17:00:00,3.4166666666666665,10890.918333333333,10030.16625,1882.8475,103.01208333333334,0.0,0.0,0.0,0.0,0.0,0.0,0.0,0.0,0.0
2022-02-24 18:00:00,3.5,10883.64,10023.692500000001,1881.325,103.3175,0.0,0.0,0.0,0.0,0.0,0.0,0.0,0.0,0.0
2022-02-24 19:00:00,3.583333333333333,10876.361666666666,10017.21875,1879.8025,103.62291666666667,0.0,0.0,0.0,0.0,0.0,0.0,0.0,0.0,0.0
2022-02-24 20:00:00,3.6666666666666665,10869.083333333332,10010.745,1878.28,103.92833333333334,0.0,0.0,0.0,0.0,0.0,0.0,0.0,0.0,0.0
2022-02-24 21:00:00,3.75,10861.805,10004.27125,1876.7575000000002,104.23375,0.0,0.0,0.0,0.0,0.0,0.0,0.0,0.0,0.0
2022-02-24 22:00:00,3.833333333333333,10854.526666666667,9997.7975,1875.2350000000001,104.53916666666667,0.0,0.0,0.0,0.0,0.0,0.0,0.0,0.0,0.0
2022-02-24 23:00:00,3.9166666666666665,10847.248333333333,9991.32375,1873.7125,104.84458333333333,0.0,0.0,0.0,0.0,0.0,0.0,0.0,0.0,0.0
2022-02-25 00:00:00,4.0,10839.97,9984.85,1872.19,105.15,0.0,0.0,0.0,0.0,0.0,0.0,0.0,0.0,0.0
2022-02-25 01:00:00,3.875,10840.6675,9989.665833333334,1875.1670833333335,104.44875,0.0,0.0,0.0,0.0,0.0,0.0,0.0,0.0,0.0
2022-02-25 02:00:00,3.75,10841.365,9994.481666666667,1878.1441666666667,103.7475,0.0,0.0,0.0,0.0,0.0,0.0,0.0,0.0,0.0
2022-02-25 03:00:00,3.625,10842.0625,9999.2975,1881.1212500000001,103.04625,0.0,0.0,0.0,0.0,0.0,0.0,0.0,0.0,0.0
2022-02-25 04:00:00,3.5,10842.759999999998,10004.113333333335,1884.0983333333334,102.345,0.0,0.0,0.0,0.0,0.0,0.0,0.0,0.0,0.0
2022-02-25 05:00:00,3.375,10843.457499999999,10008.929166666667,1887.0754166666668,101.64375,0.0,0.0,0.0,0.0,0.0,0.0,0.0,0.0,0.0
2022-02-25 06:00:00,3.25,10844.154999999999,10013.745,1890.0525,100.9425,0.0,0.0,0.0,0.0,0.0,0.0,0.0,0.0,0.0
2022-02-25 07:00:00,3.125,10844.852499999999,10018.560833333333,1893.0295833333334,100.24125000000001,0.0,0.0,0.0,0.0,0.0,0.0,0.0,0.0,0.0
2022-02-25 08:00:00,3.0,10845.55,10023.376666666667,1896.0066666666667,99.54,0.0,0.0,0.0,0.0,0.0,0.0,0.0,0.0,0.0
2022-02-25 09:00:00,2.875,10846.2475,10028.192500000001,1898.98375,98.83875,0.0,0.0,0.0,0.0,0.0,0.0,0.0,0.0,0.0
2022-02-25 10:00:00,2.75,10846.945,10033.008333333333,1901.9608333333333,98.1375,0.0,0.0,0.0,0.0,0.0,0.0,0.0,0.0,0.0
2022-02-25 11:00:00,2.625,10847.6425,10037.824166666667,1904.9379166666668,97.43625,0.0,0.0,0.0,0.0,0.0,0.0,0.0,0.0,0.0
2022-02-25 12:00:00,2.5,10848.34,10042.64,1907.915,96.735,0.0,0.0,0.0,0.0,0.0,0.0,0.0,0.0,0.0
2022-02-25 13:00:00,2.375,10849.037499999999,10047.455833333333,1910.8920833333334,96.03375,0.0,0.0,0.0,0.0,0.0,0.0,0.0,0.0,0.0
2022-02-25 14:00:00,2.25,10849.734999999999,10052.271666666667,1913.8691666666668,95.3325,0.0,0.0,0.0,0.0,0.0,0.0,0.0,0.0,0.0
2022-02-25 15:00:00,2.125,10850.432499999999,10057.0875,1916.84625,94.63125,0.0,0.0,0.0,0.0,0.0,0.0,0.0,0.0,0.0
2022-02-25 16:00:00,2.0,10851.13,10061.903333333334,1919.8233333333335,93.92999999999999,0.0,0.0,0.0,0.0,0.0,0.0,0.0,0.0,0.0
2022-02-25 17:00:00,1.875,10851.8275,10066.719166666668,1922.8004166666667,93.22874999999999,0.0,0.0,0.0,0.0,0.0,0.0,0.0,0.0,0.0
2022-02-25 18:00:00,1.75,10852.525,10071.535,1925.7775000000001,92.5275,0.0,0.0,0.0,0.0,0.0,0.0,0.0,0.0,0.0
2022-02-25 19:00:00,1.625,10853.2225,10076.350833333334,1928.7545833333334,91.82625,0.0,0.0,0.0,0.0,0.0,0.0,0.0,0.0,0.0
2022-02-25 20:00:00,1.5,10853.919999999998,10081.166666666668,1931.7316666666668,91.125,0.0,0.0,0.0,0.0,0.0,0.0,0.0,0.0,0.0
2022-02-25 21:00:00,1.375,10854.617499999998,10085.9825,1934.70875,90.42375,0.0,0.0,0.0,0.0,0.0,0.0,0.0,0.0,0.0
2022-02-25 22:00:00,1.25,10855.314999999999,10090.798333333334,1937.6858333333334,89.7225,0.0,0.0,0.0,0.0,0.0,0.0,0.0,0.0,0.0
2022-02-25 23:00:00,1.125,10856.012499999999,10095.614166666666,1940.6629166666667,89.02125,0.0,0.0,0.0,0.0,0.0,0.0,0.0,0.0,0.0
2022-02-26 00:00:00,1.0,10856.71,10100.43,1943.64,88.32,0.0,0.0,0.0,0.0,0.0,0.0,0.0,0.0,0.0
2022-02-26 01:00:00,1.2083333333333333,10793.819583333332,10056.408333333333,1941.7579166666667,89.24333333333333,0.0,0.0,0.0,0.0,0.0,0.0,0.0,0.0,0.0
2022-02-26 02:00:00,1.4166666666666667,10730.929166666665,10012.386666666667,1939.8758333333335,90.16666666666666,0.0,0.0,0.0,0.0,0.0,0.0,0.0,0.0,0.0
2022-02-26 03:00:00,1.625,10668.03875,9968.365,1937.99375,91.08999999999999,0.0,0.0,0.0,0.0,0.0,0.0,0.0,0.0,0.0
2022-02-26 04:00:00,1.8333333333333335,10605.148333333333,9924.343333333334,1936.1116666666667,92.01333333333332,0.0,0.0,0.0,0.0,0.0,0.0,0.0,0.0,0.0
2022-02-26 05:00:00,2.041666666666667,10542.257916666666,9880.321666666667,1934.2295833333335,92.93666666666667,0.0,0.0,0.0,0.0,0.0,0.0,0.0,0.0,0.0
2022-02-26 06:00:00,2.25,10479.3675,9836.3,1932.3475,93.86,0.0,0.0,0.0,0.0,0.0,0.0,0.0,0.0,0.0
2022-02-26 07:00:00,2.4583333333333335,10416.477083333333,9792.278333333334,1930.4654166666667,94.78333333333333,0.0,0.0,0.0,0.0,0.0,0.0,0.0,0.0,0.0
2022-02-26 08:00:00,2.666666666666667,10353.586666666666,9748.256666666666,1928.5833333333335,95.70666666666666,0.0,0.0,0.0,0.0,0.0,0.0,0.0,0.0,0.0
2022-02-26 09:00:00,2.875,10290.696249999999,9704.235,1926.70125,96.63,0.0,0.0,0.0,0.0,0.0,0.0,0.0,0.0,0.0
2022-02-26 10:00:00,3.0833333333333335,10227.805833333332,9660.213333333333,1924.8191666666667,97.55333333333333,0.0,0.0,0.0,0.0,0.0,0.0,0.0,0.0,0.0
2022-02-26 11:00:00,3.291666666666667,10164.915416666667,9616.191666666668,1922.9370833333335,98.47666666666666,0.0,0.0,0.0,0.0,0.0,0.0,0.0,0.0,0.0
2022-02-26 12:00:00,3.5,10102.025,9572.17,1921.055,99.4,0.0,0.0,0.0,0.0,0.0,0.0,0.0,0.0,0.0
2022-02-26 13:00:00,3.7083333333333335,10039.134583333333,9528.148333333333,1919.1729166666667,100.32333333333334,0.0,0.0,0.0,0.0,0.0,0.0,0.0,0.0,0.0
2022-02-26 14:00:00,3.916666666666667,9976.244166666667,9484.126666666667,1917.2908333333335,101.24666666666667,0.0,0.0,0.0,0.0,0.0,0.0,0.0,0.0,0.0
2022-02-26 15:00:00,4.125,9913.35375,9440.105,1915.40875,102.17,0.0,0.0,0.0,0.0,0.0,0.0,0.0,0.0,0.0
2022-02-26 16:00:00,4.333333333333334,9850.463333333333,9396.083333333334,1913.5266666666666,103.09333333333333,0.0,0.0,0.0,0.0,0.0,0.0,0.0,0.0,0.0
2022-02-26 17:00:00,4.541666666666667,9787.572916666666,9352.061666666666,1911.6445833333335,104.01666666666667,0.0,0.0,0.0,0.0,0.0,0.0,0.0,0.0,0.0
2022-02-26 18:00:00,4.75,9724.682499999999,9308.04,1909.7625,104.94,0.0,0.0,0.0,0.0,0.0,0.0,0.0,0.0,0.0
2022-02-26 19:00:00,4.958333333333334,9661.792083333334,9264.018333333333,1907.8804166666666,105.86333333333334,0.0,0.0,0.0,0.0,0.0,0.0,0.0,0.0,0.0
2022-02-26 20:00:00,5.166666666666667,9598.901666666667,9219.996666666666,1905.9983333333334,106.78666666666666,0.0,0.0,0.0,0.0,0.0,0.0,0.0,0.0,0.0
2022-02-26 21:00:00,5.375,9536.01125,9175.975,1904.11625,107.71000000000001,0.0,0.0,0.0,0.0,0.0,0.0,0.0,0.0,0.0
2022-02-26 22:00:00,5.583333333333334,9473.120833333334,9131.953333333333,1902.2341666666666,108.63333333333334,0.0,0.0,0.0,0.0,0.0,0.0,0.0,0.0,0.0
2022-02-26 23:00:00,5.791666666666667,9410.230416666667,9087.931666666667,1900.3520833333334,109.55666666666667,0.0,0.0,0.0,0.0,0.0,0.0,0.0,0.0,0.0
2022-02-27 00:00:00,6.0,9347.34,9043.91,1898.47,110.48,0.0,0.0,0.0,0.0,0.0,0.0,0.0,0.0,0.0
2022-02-27 01:00:00,5.791666666666667,9348.07,9046.580416666666,1898.3358333333333,108.96708333333333,0.0,0.0,0.0,0.0,0.0,0.0,0.0,0.0,0.0
2022-02-27 02:00:00,5.583333333333333,9348.8,9049.250833333334,1898.2016666666666,107.45416666666667,0.0,0.0,0.0,0.0,0.0,0.0,0.0,0.0,0.0
2022-02-27 03:00:00,5.375,9349.53,9051.92125,1898.0675,105.94125,0.0,0.0,0.0,0.0,0.0,0.0,0.0,0.0,0.0
2022-02-27 04:00:00,5.166666666666667,9350.26,9054.591666666667,1897.9333333333334,104.42833333333334,0.0,0.0,0.0,0.0,0.0,0.0,0.0,0.0,0.0
2022-02-27 05:00:00,4.958333333333333,9350.99,9057.262083333333,1897.7991666666667,102.91541666666667,0.0,0.0,0.0,0.0,0.0,0.0,0.0,0.0,0.0
2022-02-27 06:00:00,4.75,9351.720000000001,9059.932499999999,1897.665,101.4025,0.0,0.0,0.0,0.0,0.0,0.0,0.0,0.0,0.0
2022-02-27 07:00:00,4.541666666666666,9352.45,9062.602916666667,1897.5308333333332,99.88958333333333,0.0,0.0,0.0,0.0,0.0,0.0,0.0,0.0,0.0
2022-02-27 08:00:00,4.333333333333333,9353.18,9065.273333333333,1897.3966666666668,98.37666666666667,0.0,0.0,0.0,0.0,0.0,0.0,0.0,0.0,0.0
2022-02-27 09:00:00,4.125,9353.91,9067.94375,1897.2625,96.86375000000001,0.0,0.0,0.0,0.0,0.0,0.0,0.0,0.0,0.0
2022-02-27 10:00:00,3.9166666666666665,9354.64,9070.614166666666,1897.1283333333333,95.35083333333334,0.0,0.0,0.0,0.0,0.0,0.0,0.0,0.0,0.0
2022-02-27 11:00:00,3.708333333333333,9355.37,9073.284583333334,1896.9941666666666,93.83791666666667,0.0,0.0,0.0,0.0,0.0,0.0,0.0,0.0,0.0
2022-02-27 12:00:00,3.5,9356.1,9075.955,1896.8600000000001,92.325,0.0,0.0,0.0,0.0,0.0,0.0,0.0,0.0,0.0
2022-02-27 13:00:00,3.2916666666666665,9356.83,9078.625416666666,1896.7258333333334,90.81208333333333,0.0,0.0,0.0,0.0,0.0,0.0,0.0,0.0,0.0
2022-02-27 14:00:00,3.083333333333333,9357.560000000001,9081.295833333334,1896.5916666666667,89.29916666666668,0.0,0.0,0.0,0.0,0.0,0.0,0.0,0.0,0.0
2022-02-27 15:00:00,2.875,9358.29,9083.96625,1896.4575,87.78625,0.0,0.0,0.0,0.0,0.0,0.0,0.0,0.0,0.0
2022-02-27 16:00:00,2.6666666666666665,9359.02,9086.636666666667,1896.3233333333333,86.27333333333334,0.0,0.0,0.0,0.0,0.0,0.0,0.0,0.0,0.0
2022-02-27 17:00:00,2.458333333333333,9359.75,9089.307083333333,1896.1891666666668,84.76041666666667,0.0,0.0,0.0,0.0,0.0,0.0,0.0,0.0,0.0
2022-02-27 18:00:00,2.25,9360.48,9091.9775,1896.055,83.2475,0.0,0.0,0.0,0.0,0.0,0.0,0.0,0.0,0.0
2022-02-27 19:00:00,2.0416666666666665,9361.210000000001,9094.647916666667,1895.9208333333333,81.73458333333333,0.0,0.0,0.0,0.0,0.0,0.0,0.0,0.0,0.0
2022-02-27 20:00:00,1.833333333333333,9361.94,9097.318333333333,1895.7866666666666,80.22166666666666,0.0,0.0,0.0,0.0,0.0,0.0,0.0,0.0,0.0
2022-02-27 21:00:00,1.625,9362.67,9099.98875,1895.6525,78.70875000000001,0.0,0.0,0.0,0.0,0.0,0.0,0.0,0.0,0.0
2022-02-27 22:00:00,1.416666666666666,9363.400000000001,9102.659166666666,1895.5183333333334,77.19583333333334,0.0,0.0,0.0,0.0,0.0,0.0,0.0,0.0,0.0
2022-02-27 23:00:00,1.208333333333333,9364.130000000001,9105.329583333334,1895.3841666666667,75.68291666666667,0.0,0.0,0.0,0.0,0.0,0.0,0.0,0.0,0.0
2022-02-28 00:00:00,1.0,9364.86,9108.0,1895.25,74.17,0.0,0.0,0.0,0.0,0.0,0.0,0.0,0.0,0.0
2022-02-28 01:00:00,1.0,9364.86,9108.0,1895.25,74.17,0.0,0.0,0.0,0.0,0.0,0.0,0.0,0.0,0.0
2022-02-28 02:00:00,1.0,9364.86,9108.0,1895.25,74.17,0.0,0.0,0.0,0.0,0.0,0.0,0.0,0.0,0.0
2022-02-28 03:00:00,1.0,9364.86,9108.0,1895.25,74.17,0.0,0.0,0.0,0.0,0.0,0.0,0.0,0.0,0.0
2022-02-28 04:00:00,1.0,9364.86,9108.0,1895.25,74.17,0.0,0.0,0.0,0.0,0.0,0.0,0.0,0.0,0.0
2022-02-28 05:00:00,1.0,9364.86,9108.0,1895.25,74.17,0.0,0.0,0.0,0.0,0.0,0.0,0.0,0.0,0.0
2022-02-28 06:00:00,1.0,9364.86,9108.0,1895.25,74.17,0.0,0.0,0.0,0.0,0.0,0.0,0.0,0.0,0.0
2022-02-28 07:00:00,1.0,9364.86,9108.0,1895.25,74.17,0.0,0.0,0.0,0.0,0.0,0.0,0.0,0.0,0.0
2022-02-28 08:00:00,1.0,9364.86,9108.0,1895.25,74.17,0.0,0.0,0.0,0.0,0.0,0.0,0.0,0.0,0.0
2022-02-28 09:00:00,1.0,9364.86,9108.0,1895.25,74.17,0.0,0.0,0.0,0.0,0.0,0.0,0.0,0.0,0.0
2022-02-28 10:00:00,1.0,9364.86,9108.0,1895.25,74.17,0.0,0.0,0.0,0.0,0.0,0.0,0.0,0.0,0.0
2022-02-28 11:00:00,1.0,9364.86,9108.0,1895.25,74.17,0.0,0.0,0.0,0.0,0.0,0.0,0.0,0.0,0.0
2022-02-28 12:00:00,1.0,9364.86,9108.0,1895.25,74.17,0.0,0.0,0.0,0.0,0.0,0.0,0.0,0.0,0.0
2022-02-28 13:00:00,1.0,9364.86,9108.0,1895.25,74.17,0.0,0.0,0.0,0.0,0.0,0.0,0.0,0.0,0.0
2022-02-28 14:00:00,1.0,9364.86,9108.0,1895.25,74.17,0.0,0.0,0.0,0.0,0.0,0.0,0.0,0.0,0.0
2022-02-28 15:00:00,1.0,9364.86,9108.0,1895.25,74.17,0.0,0.0,0.0,0.0,0.0,0.0,0.0,0.0,0.0
2022-02-28 16:00:00,1.0,9364.86,9108.0,1895.25,74.17,0.0,0.0,0.0,0.0,0.0,0.0,0.0,0.0,0.0
2022-02-28 17:00:00,1.0,9364.86,9108.0,1895.25,74.17,0.0,0.0,0.0,0.0,0.0,0.0,0.0,0.0,0.0
2022-02-28 18:00:00,1.0,9364.86,9108.0,1895.25,74.17,0.0,0.0,0.0,0.0,0.0,0.0,0.0,0.0,0.0
2022-02-28 19:00:00,1.0,9364.86,9108.0,1895.25,74.17,0.0,0.0,0.0,0.0,0.0,0.0,0.0,0.0,0.0
2022-02-28 20:00:00,1.0,9364.86,9108.0,1895.25,74.17,0.0,0.0,0.0,0.0,0.0,0.0,0.0,0.0,0.0
2022-02-28 21:00:00,1.0,9364.86,9108.0,1895.25,74.17,0.0,0.0,0.0,0.0,0.0,0.0,0.0,0.0,0.0
2022-02-28 22:00:00,1.0,9364.86,9108.0,1895.25,74.17,0.0,0.0,0.0,0.0,0.0,0.0,0.0,0.0,0.0
2022-02-28 23:00:00,1.0,9364.86,9108.0,1895.25,74.17,0.0,0.0,0.0,0.0,0.0,0.0,0.0,0.0,0.0
