Date,HR,PGE,SCE,SDGE,VEA,CAISO
2021-10-01,1,10583.32,10382.86,2065.13,43.76,23075.08
2021-10-01,2,10206.78,9933.73,1957.38,42.0,22139.89
2021-10-01,3,9945.52,9617.61,1883.16,41.34,21487.63
2021-10-01,4,9767.31,9456.5,1841.24,41.77,21106.83
2021-10-01,5,9900.2,9567.52,1849.42,43.43,21360.57
2021-10-01,6,10329.54,10058.05,1929.94,46.85,22364.37
2021-10-01,7,11211.62,10724.57,2081.12,51.19,24068.5
2021-10-01,8,11854.79,10981.11,2123.69,50.31,25009.9
2021-10-01,9,11712.74,11506.95,2214.09,48.72,25482.5
2021-10-01,10,11713.9,11757.72,2179.83,46.82,25698.27
2021-10-01,11,11501.54,12197.68,2030.36,46.19,25775.77
2021-10-01,12,11746.78,12693.12,2015.81,46.12,26501.83
2021-10-01,13,11715.64,13082.64,2007.58,47.47,26853.33
2021-10-01,14,11840.08,13790.01,2125.07,51.0,27806.16
2021-10-01,15,12218.76,14319.18,2321.12,56.18,28915.24
2021-10-01,16,13114.41,15075.15,2574.04,61.63,30825.22
2021-10-01,17,13921.64,15561.87,2817.31,66.12,32366.94
2021-10-01,18,14610.39,15444.74,2979.65,67.44,33102.21
2021-10-01,19,14593.83,14867.68,2980.52,66.18,32508.21
2021-10-01,20,14302.0,14505.53,2905.47,62.53,31775.53
2021-10-01,21,13661.38,13762.68,2757.95,57.45,30239.45
2021-10-01,22,13001.81,13062.03,2615.29,53.16,28732.3
2021-10-01,23,12222.77,12218.01,2420.23,48.42,26909.43
2021-10-01,24,11400.67,11349.2,2221.25,44.93,25016.04
2021-10-02,1,10791.85,10686.1,2107.25,42.73,23627.92
2021-10-02,2,10299.82,10138.46,1984.5,41.07,22463.85
2021-10-02,3,9912.44,9732.52,1886.96,39.68,21571.6
2021-10-02,4,9682.21,9394.54,1826.62,39.54,20942.92
2021-10-02,5,9653.96,9319.1,1806.35,40.46,20819.87
2021-10-02,6,9796.93,9483.89,1847.5,43.14,21171.45
2021-10-02,7,10149.99,9729.36,1892.86,46.39,21818.59
2021-10-02,8,10416.07,9701.76,1944.26,46.69,22108.79
2021-10-02,9,10417.04,10203.62,2117.69,45.67,22784.01
2021-10-02,10,10628.68,10361.33,1970.3,44.37,23004.68
2021-10-02,11,10972.46,10735.81,1841.98,45.13,23595.38
2021-10-02,12,10911.87,11177.3,1919.44,46.15,24054.76
2021-10-02,13,10788.62,11771.39,1999.32,50.24,24609.57
2021-10-02,14,11054.88,12597.26,2096.36,55.59,25804.09
2021-10-02,15,11183.47,13609.78,2321.0,61.44,27175.69
2021-10-02,16,12164.55,14470.97,2561.62,67.71,29264.85
2021-10-02,17,13195.53,15140.51,2836.94,71.53,31244.5
2021-10-02,18,14020.84,15297.55,2963.21,72.31,32353.9
2021-10-02,19,14187.45,14828.11,3003.55,69.58,32088.69
2021-10-02,20,13933.89,14327.25,2974.14,65.09,31300.36
2021-10-02,21,13231.04,13540.48,2844.07,59.5,29675.09
2021-10-02,22,12582.23,12814.45,2700.69,54.59,28151.96
2021-10-02,23,11816.06,11985.89,2503.43,50.13,26355.51
2021-10-02,24,11044.16,11160.36,2310.01,46.05,24560.58
2021-10-03,1,10471.91,10406.33,2160.71,43.4,23082.34
2021-10-03,2,9972.29,9923.83,2027.74,41.44,21965.3
2021-10-03,3,9649.08,9540.81,1897.74,40.43,21128.07
2021-10-03,4,9514.78,9236.02,1865.53,40.31,20656.63
2021-10-03,5,9355.01,9109.81,1848.42,41.1,20354.34
2021-10-03,6,9394.71,9124.37,1861.95,43.06,20424.1
2021-10-03,7,9603.0,9254.04,1910.06,45.63,20812.73
2021-10-03,8,9738.02,9158.1,1956.47,45.24,20897.82
2021-10-03,9,9738.09,9760.73,2035.09,46.66,21580.56
2021-10-03,10,9513.54,9986.79,2004.29,46.99,21551.61
2021-10-03,11,9357.84,10509.52,2147.09,47.22,22061.68
2021-10-03,12,9259.33,11201.46,2163.83,49.1,22673.72
2021-10-03,13,9549.6,12049.05,2017.01,54.52,23670.18
2021-10-03,14,9926.48,13131.36,2195.21,61.77,25314.81
2021-10-03,15,10722.99,14192.01,2399.02,69.11,27383.13
2021-10-03,16,11615.08,15069.32,2633.8,75.31,29393.51
2021-10-03,17,12691.82,15721.1,2890.46,78.88,31382.27
2021-10-03,18,13582.31,15745.22,3090.18,79.93,32497.65
2021-10-03,19,13909.83,15252.41,3156.54,76.25,32395.03
2021-10-03,20,13844.2,14773.0,3092.02,71.5,31780.71
2021-10-03,21,13226.95,13943.27,2920.74,65.03,30155.99
2021-10-03,22,12495.8,13183.0,2744.05,58.19,28481.03
2021-10-03,23,11556.43,12153.4,2512.75,52.08,26274.67
2021-10-03,24,10671.44,11138.29,2283.62,47.0,24140.35
2021-10-04,1,10096.94,10486.68,2182.87,43.68,22810.16
2021-10-04,2,9707.61,9981.84,2087.91,41.51,21818.87
2021-10-04,3,9560.54,9723.09,2048.35,40.15,21372.12
2021-10-04,4,9541.28,9527.77,1999.47,40.25,21108.76
2021-10-04,5,9669.85,9696.19,1967.94,42.04,21376.02
2021-10-04,6,10054.41,10230.18,2063.86,46.21,22394.66
2021-10-04,7,10962.2,11062.64,2250.29,50.84,24325.98
2021-10-04,8,11711.91,11566.71,2313.88,51.23,25643.73
2021-10-04,9,11814.51,12138.11,2320.69,50.68,26323.99
2021-10-04,10,11729.86,12580.27,2358.89,50.27,26719.29
2021-10-04,11,11535.6,13089.24,2556.59,53.97,27235.41
2021-10-04,12,11381.52,13527.25,2751.48,57.17,27717.42
2021-10-04,13,11756.64,14228.57,2694.14,58.96,28738.31
2021-10-04,14,12289.86,14935.61,2683.26,63.81,29972.54
2021-10-04,15,12897.89,15506.39,2615.89,67.81,31087.99
2021-10-04,16,13609.2,16029.94,2843.67,72.16,32554.98
2021-10-04,17,14379.27,15546.11,2744.23,74.21,32743.83
2021-10-04,18,14897.38,14784.1,2848.93,75.18,32605.59
2021-10-04,19,14892.11,14294.81,2988.49,73.88,32249.3
2021-10-04,20,14598.27,14237.46,2982.41,70.11,31888.25
2021-10-04,21,13830.94,13733.62,2793.58,63.61,30421.76
2021-10-04,22,13034.95,13047.7,2670.45,57.78,28810.88
2021-10-04,23,11989.65,12243.7,2438.73,52.24,26724.32
2021-10-04,24,11189.13,11403.95,2265.5,47.79,24906.37
2021-10-05,1,10719.26,10887.96,2155.28,44.65,23807.15
2021-10-05,2,10249.39,10427.19,2068.66,43.13,22788.37
2021-10-05,3,9883.96,10119.87,1994.98,42.03,22040.85
2021-10-05,4,9797.13,9936.62,1949.8,42.64,21726.19
2021-10-05,5,9897.13,10001.96,1966.09,44.27,21909.45
2021-10-05,6,10352.88,10477.59,2050.41,48.04,22928.93
2021-10-05,7,11228.32,11300.5,2239.28,52.69,24820.78
2021-10-05,8,11901.07,11621.28,2333.59,55.45,25911.39
2021-10-05,9,11776.24,11944.73,2341.18,55.96,26118.1
2021-10-05,10,11382.3,12286.69,2331.19,55.52,26055.7
2021-10-05,11,11059.02,12690.11,2321.7,53.36,26124.18
2021-10-05,12,10888.64,13019.67,2323.46,48.52,26280.28
2021-10-05,13,11002.85,13336.32,2231.35,49.16,26619.68
2021-10-05,14,11263.27,13957.01,2273.15,53.22,27546.65
2021-10-05,15,11747.67,14629.44,2317.39,57.84,28752.35
2021-10-05,16,12145.02,15044.39,2417.84,62.91,29670.16
2021-10-05,17,12708.31,15157.62,2613.31,66.95,30546.19
2021-10-05,18,13351.75,15010.73,2781.83,67.69,31212.0
2021-10-05,19,13575.58,14673.82,2898.14,67.22,31214.78
2021-10-05,20,13572.49,14485.71,2904.3,64.97,31027.47
2021-10-05,21,13078.46,13975.52,2794.91,60.29,29909.2
2021-10-05,22,12538.47,13335.14,2655.26,55.93,28584.81
2021-10-05,23,11695.47,12380.24,2463.11,50.92,26589.74
2021-10-05,24,10859.75,11492.58,2226.33,46.84,24625.51
2021-10-06,1,10514.72,10793.03,2243.52,44.05,23595.33
2021-10-06,2,10235.01,10293.8,2053.58,41.84,22624.23
2021-10-06,3,9937.72,9939.22,1998.13,41.06,21916.12
2021-10-06,4,9829.95,9762.1,1967.44,41.54,21601.03
2021-10-06,5,9966.11,9911.49,1994.91,43.22,21915.73
2021-10-06,6,10413.67,10203.26,2093.28,46.7,22756.91
2021-10-06,7,11180.13,10994.87,2301.97,51.15,24528.12
2021-10-06,8,11723.02,11434.95,2439.76,51.24,25648.97
2021-10-06,9,11699.56,12027.2,2630.91,49.93,26407.61
2021-10-06,10,11476.88,12361.61,2793.18,49.82,26681.48
2021-10-06,11,11130.78,12527.65,2722.29,50.79,26431.52
2021-10-06,12,10968.56,12621.87,2510.46,53.95,26154.83
2021-10-06,13,10803.08,12472.35,2349.56,58.28,25683.27
2021-10-06,14,10828.2,12502.77,2279.05,63.03,25673.05
2021-10-06,15,11201.26,12652.44,2404.02,62.87,26320.6
2021-10-06,16,11389.09,13090.84,2546.92,64.43,27091.28
2021-10-06,17,12054.6,13233.28,2529.92,66.61,27884.41
2021-10-06,18,12742.28,13216.67,2611.79,68.47,28639.21
2021-10-06,19,13061.85,13424.89,2726.08,68.41,29281.23
2021-10-06,20,13215.26,13492.19,2724.85,66.54,29498.84
2021-10-06,21,12766.25,13011.89,2641.55,61.29,28480.97
2021-10-06,22,12290.52,12602.87,2527.21,57.11,27477.7
2021-10-06,23,11509.09,12154.88,2347.0,52.31,26063.28
2021-10-06,24,10713.96,11227.67,2176.52,47.32,24165.46
2021-10-07,1,10256.84,10424.0,2095.92,44.64,22821.39
2021-10-07,2,9940.42,10047.01,2013.27,42.46,22043.16
2021-10-07,3,9750.44,9765.72,1990.73,41.66,21548.55
2021-10-07,4,9596.33,9663.29,1922.17,41.9,21223.67
2021-10-07,5,9746.12,9742.94,1943.76,43.45,21476.26
2021-10-07,6,10223.18,10228.29,2041.78,47.25,22540.49
2021-10-07,7,11174.57,11167.42,2228.76,52.61,24623.36
2021-10-07,8,11929.63,11715.37,2351.43,53.45,26049.88
2021-10-07,9,11922.56,12075.38,2368.53,53.3,26419.77
2021-10-07,10,11599.74,12413.09,2447.32,52.89,26513.04
2021-10-07,11,11024.64,12622.45,2580.83,54.52,26282.44
2021-10-07,12,10575.17,12757.28,2739.36,52.86,26124.67
2021-10-07,13,10386.58,12646.65,2597.64,56.72,25687.6
2021-10-07,14,10356.71,12707.72,2481.49,57.45,25603.38
2021-10-07,15,10507.27,12748.56,2401.94,60.89,25718.67
2021-10-07,16,11031.22,12568.51,2430.24,63.2,26093.17
2021-10-07,17,11641.04,12227.19,2476.65,63.86,26408.74
2021-10-07,18,12286.8,12245.32,2569.83,65.19,27167.14
2021-10-07,19,12753.87,12552.65,2679.74,65.58,28051.84
2021-10-07,20,12876.43,12717.66,2673.9,64.27,28332.26
2021-10-07,21,12465.75,12435.91,2592.04,60.73,27554.42
2021-10-07,22,12003.89,12032.39,2472.14,56.9,26565.33
2021-10-07,23,11278.13,11316.95,2293.88,52.64,24941.6
2021-10-07,24,10580.5,10671.31,2146.0,48.76,23446.58
2021-10-08,1,10133.58,10121.75,2087.96,45.99,22389.28
2021-10-08,2,9757.56,9780.05,1977.79,43.62,21559.01
2021-10-08,3,9521.27,9605.71,1941.29,42.71,21110.98
2021-10-08,4,9485.63,9533.61,1943.43,42.3,21004.95
2021-10-08,5,9660.73,9573.88,1942.51,43.49,21220.61
2021-10-08,6,10179.17,10134.88,2006.53,47.08,22367.65
2021-10-08,7,11050.23,10974.95,2190.05,51.08,24266.31
2021-10-08,8,11702.01,11497.76,2340.38,53.26,25593.42
2021-10-08,9,11690.67,11853.45,2406.27,53.94,26004.33
2021-10-08,10,11193.07,12071.48,2441.89,54.11,25760.54
2021-10-08,11,10514.97,12028.74,2408.86,52.26,25004.83
2021-10-08,12,10024.89,11852.5,2439.47,47.11,24363.96
2021-10-08,13,9847.72,11675.06,2313.16,45.87,23881.8
2021-10-08,14,10054.24,11574.08,2289.25,47.82,23965.38
2021-10-08,15,10061.13,11340.92,2254.44,49.07,23705.56
2021-10-08,16,10344.5,11538.37,2225.45,49.65,24157.97
2021-10-08,17,10602.73,11428.61,2186.95,52.74,24271.02
2021-10-08,18,11145.99,11593.93,2398.47,54.85,25193.24
2021-10-08,19,11913.81,11907.25,2522.9,57.19,26401.15
2021-10-08,20,12226.77,12072.5,2542.4,56.62,26898.32
2021-10-08,21,11898.35,11701.33,2461.54,53.46,26114.68
2021-10-08,22,11519.21,11362.96,2364.98,50.68,25297.84
2021-10-08,23,10992.9,10851.81,2222.78,47.12,24114.61
2021-10-08,24,10424.48,10410.16,2076.38,44.26,22955.28
2021-10-09,1,9965.24,9677.07,1985.43,42.04,21669.78
2021-10-09,2,9662.79,9331.41,1896.81,40.51,20931.52
2021-10-09,3,9380.96,9080.21,1830.55,39.91,20331.63
2021-10-09,4,9257.14,8910.79,1791.89,40.11,19999.93
2021-10-09,5,9320.96,8925.6,1782.09,41.18,20069.82
2021-10-09,6,9525.23,9125.46,1836.6,43.1,20530.4
2021-10-09,7,9947.1,9457.32,1893.13,46.97,21344.53
2021-10-09,8,10265.71,9444.64,1924.51,47.14,21682.0
2021-10-09,9,10609.24,9721.64,1883.06,45.79,22259.73
2021-10-09,10,10073.43,9833.6,1837.59,43.48,21788.1
2021-10-09,11,9459.54,9724.62,1746.93,44.65,20975.74
2021-10-09,12,8931.0,9517.33,1498.91,43.55,19990.79
2021-10-09,13,8625.75,9342.58,1448.86,43.46,19460.65
2021-10-09,14,8571.09,9485.08,1389.69,43.82,19489.67
2021-10-09,15,8757.97,9552.39,1516.64,44.68,19871.67
2021-10-09,16,9282.26,9789.88,1712.61,48.08,20832.83
2021-10-09,17,10154.61,10295.68,1969.37,51.11,22470.77
2021-10-09,18,11070.45,10844.05,2199.72,53.04,24167.26
2021-10-09,19,11465.46,11257.13,2409.16,55.38,25187.12
2021-10-09,20,11643.05,11451.34,2451.14,55.34,25600.87
2021-10-09,21,11402.86,11078.35,2382.46,52.63,24916.31
2021-10-09,22,11051.42,10773.57,2285.32,50.18,24160.49
2021-10-09,23,10530.42,10234.55,2143.98,47.53,22956.49
2021-10-09,24,9929.72,9824.32,1995.85,44.63,21794.51
2021-10-10,1,9551.99,9483.61,1920.87,42.43,20998.9
2021-10-10,2,9206.12,9165.93,1841.04,40.97,20254.05
2021-10-10,3,8991.3,8865.06,1773.38,40.52,19670.26
2021-10-10,4,8900.91,8661.26,1730.67,40.34,19333.19
2021-10-10,5,8904.65,8628.23,1736.78,41.33,19310.99
2021-10-10,6,9027.32,8685.87,1744.55,43.73,19501.47
2021-10-10,7,9366.79,8882.89,1797.21,46.43,20093.32
2021-10-10,8,9827.82,8830.52,1852.17,45.92,20556.43
2021-10-10,9,9507.36,9122.65,1852.73,45.69,20528.43
2021-10-10,10,8919.52,9116.61,1699.47,44.31,19779.91
2021-10-10,11,8444.24,8985.63,1560.33,42.49,19032.69
2021-10-10,12,8256.31,8991.61,1446.84,43.18,18737.94
2021-10-10,13,8066.3,9175.52,1451.92,44.44,18738.19
2021-10-10,14,8229.96,9398.85,1425.56,46.21,19100.57
2021-10-10,15,8451.92,9660.79,1549.73,49.16,19711.6
2021-10-10,16,9101.33,10230.6,1823.08,52.8,21207.81
2021-10-10,17,10075.92,10820.1,2067.59,56.42,23020.03
2021-10-10,18,11134.35,11441.86,2387.73,58.16,25022.09
2021-10-10,19,11638.31,11714.04,2548.48,58.64,25959.46
2021-10-10,20,11836.52,11809.83,2565.71,57.23,26269.3
2021-10-10,21,11599.87,11426.26,2473.46,53.39,25552.98
2021-10-10,22,11064.33,10992.73,2355.47,49.39,24461.91
2021-10-10,23,10333.48,10423.74,2177.72,45.81,22980.75
2021-10-10,24,9733.8,9815.86,2016.75,43.01,21609.42
2021-10-11,1,9465.92,9359.48,1976.28,40.49,20842.16
2021-10-11,2,9231.02,9131.46,1854.37,39.45,20256.3
2021-10-11,3,8994.4,8954.26,1848.63,39.41,19836.7
2021-10-11,4,8971.32,8842.16,1789.4,40.99,19643.87
2021-10-11,5,9120.23,8956.99,1796.94,43.11,19917.27
2021-10-11,6,9649.14,9413.54,1886.08,46.69,20995.44
2021-10-11,7,10532.27,10254.03,2070.05,52.08,22908.43
2021-10-11,8,11113.56,10564.52,2191.58,52.26,23921.92
2021-10-11,9,10864.29,10893.19,2325.61,50.7,24133.79
2021-10-11,10,10163.46,10988.38,2351.24,49.08,23552.16
2021-10-11,11,9771.72,11089.68,2171.21,47.11,23079.72
2021-10-11,12,9305.54,11210.5,2021.32,46.01,22583.38
2021-10-11,13,9005.54,11055.29,1951.59,48.16,22060.58
2021-10-11,14,9093.2,11092.01,1968.75,49.44,22203.4
2021-10-11,15,9256.54,11137.81,2061.18,47.59,22503.13
2021-10-11,16,9657.53,11462.3,2147.53,51.76,23319.11
2021-10-11,17,10356.27,11504.03,2243.69,55.2,24159.18
2021-10-11,18,11298.75,11557.58,2372.53,59.79,25288.65
2021-10-11,19,12023.85,11965.99,2558.53,64.03,26612.39
2021-10-11,20,12242.67,12060.51,2580.6,64.42,26948.19
2021-10-11,21,11870.25,11700.87,2484.39,62.86,26118.38
2021-10-11,22,11423.66,11299.14,2338.04,60.28,25121.12
2021-10-11,23,10715.8,10580.9,2150.87,56.76,23504.32
2021-10-11,24,10030.43,9950.66,1987.45,53.94,22022.47
2021-10-12,1,9707.24,9534.6,1923.62,51.94,21217.4
2021-10-12,2,9364.95,9279.21,1840.62,50.84,20535.61
2021-10-12,3,9189.93,9076.36,1781.98,51.04,20099.31
2021-10-12,4,9124.06,9030.13,1758.78,52.31,19965.27
2021-10-12,5,9361.47,9092.22,1788.13,55.42,20297.25
2021-10-12,6,9897.84,9552.32,2056.52,60.82,21567.5
2021-10-12,7,10854.05,10423.93,2101.55,68.04,23447.57
2021-10-12,8,11646.01,10725.29,2174.66,70.43,24616.4
2021-10-12,9,11383.83,10699.57,2066.33,65.74,24215.47
2021-10-12,10,10942.08,10766.35,1924.46,61.56,23694.44
2021-10-12,11,10250.57,10622.95,1721.99,57.21,22652.71
2021-10-12,12,9749.58,10507.08,1620.56,52.06,21929.29
2021-10-12,13,9463.33,10344.31,1573.75,48.99,21430.39
2021-10-12,14,9405.39,10277.07,1596.81,47.58,21326.86
2021-10-12,15,9609.56,10378.54,1627.52,46.72,21662.33
2021-10-12,16,10011.07,10619.62,1815.99,48.3,22494.99
2021-10-12,17,10795.46,10947.11,2044.45,50.75,23837.77
2021-10-12,18,11643.27,11389.6,2403.09,53.65,25489.6
2021-10-12,19,12428.04,11823.42,2517.64,60.11,26829.2
2021-10-12,20,12551.34,12016.13,2538.33,61.37,27167.16
2021-10-12,21,12217.72,11696.48,2439.7,59.67,26413.58
2021-10-12,22,11679.05,11351.21,2309.07,56.83,25396.17
2021-10-12,23,10943.86,10661.03,2117.2,54.07,23776.16
2021-10-12,24,10296.2,10012.39,1961.28,51.34,22321.2
2021-10-13,1,9845.66,9513.69,1907.56,50.41,21317.33
2021-10-13,2,9546.0,9191.58,1833.56,50.13,20621.26
2021-10-13,3,9354.3,9043.37,1779.57,50.32,20227.56
2021-10-13,4,9339.41,8923.04,1760.52,52.24,20075.21
2021-10-13,5,9568.5,9122.64,1790.92,55.92,20537.99
2021-10-13,6,10147.06,9733.74,1916.63,62.46,21859.89
2021-10-13,7,11158.43,10661.32,2111.36,70.53,24001.64
2021-10-13,8,11985.35,11006.1,2203.59,71.25,25266.29
2021-10-13,9,11907.73,10937.21,2111.31,76.04,25032.28
2021-10-13,10,11763.51,10815.44,1999.49,58.47,24636.91
2021-10-13,11,11271.0,10812.33,1803.69,52.02,23939.05
2021-10-13,12,10727.46,10708.74,1651.16,48.5,23135.85
2021-10-13,13,10462.27,10508.39,1598.44,46.08,22615.19
2021-10-13,14,10474.64,10743.87,1593.67,45.18,22857.36
2021-10-13,15,10502.26,10776.65,1712.39,45.94,23037.24
2021-10-13,16,10899.84,11032.03,1884.64,47.3,23863.8
2021-10-13,17,11185.21,11298.26,2057.42,49.73,24590.62
2021-10-13,18,11717.11,11588.41,2321.32,52.01,25678.86
2021-10-13,19,12428.49,12152.45,2529.84,58.06,27168.84
2021-10-13,20,12628.13,12209.78,2546.87,59.21,27443.98
2021-10-13,21,12271.01,11751.32,2459.02,57.22,26538.57
2021-10-13,22,11802.63,11350.19,2325.21,55.06,25533.09
2021-10-13,23,11117.07,10663.65,2141.52,52.16,23974.4
2021-10-13,24,10486.44,10041.79,1964.31,49.75,22542.29
2021-10-14,1,10056.54,9669.22,1910.88,49.17,21685.8
2021-10-14,2,9732.01,9326.22,1833.27,48.76,20940.26
2021-10-14,3,9537.46,9119.95,1800.63,50.27,20508.31
2021-10-14,4,9440.01,9016.93,1760.77,53.08,20270.81
2021-10-14,5,9570.85,9100.01,1784.12,57.08,20512.06
2021-10-14,6,10226.64,9565.9,1892.33,63.63,21748.5
2021-10-14,7,11297.48,10496.97,2113.29,71.87,23979.61
2021-10-14,8,12007.38,10831.6,2222.03,72.87,25133.89
2021-10-14,9,11506.49,10845.22,2223.56,66.57,24641.83
2021-10-14,10,10936.99,10817.3,1992.28,59.38,23805.95
2021-10-14,11,10810.93,10868.36,1806.12,53.15,23538.56
2021-10-14,12,10537.35,10845.54,1723.48,48.2,23154.58
2021-10-14,13,10244.99,10889.03,1671.0,46.53,22851.56
2021-10-14,14,10420.84,10861.96,1642.57,46.21,22971.58
2021-10-14,15,10610.51,10959.25,1769.53,46.94,23386.22
2021-10-14,16,11027.96,11271.94,1954.29,48.32,24302.5
2021-10-14,17,11138.04,11666.59,2141.12,49.95,24995.7
2021-10-14,18,12053.46,11927.61,2388.15,52.73,26421.94
2021-10-14,19,12715.26,12293.39,2576.88,57.46,27643.0
2021-10-14,20,12757.29,12429.3,2597.9,57.67,27842.14
2021-10-14,21,12369.31,12067.57,2495.33,55.15,26987.35
2021-10-14,22,11832.58,11547.81,2367.2,52.17,25799.77
2021-10-14,23,11148.57,10874.04,2175.68,49.68,24247.97
2021-10-14,24,10444.4,10178.89,2005.75,47.41,22676.44
2021-10-15,1,9991.11,9632.02,1939.24,46.06,21608.43
2021-10-15,2,9740.47,9363.61,1860.58,45.73,21010.39
2021-10-15,3,9609.56,9169.81,1799.07,46.7,20625.15
2021-10-15,4,9616.14,9080.62,1777.95,48.72,20523.43
2021-10-15,5,9662.41,9251.74,1799.3,51.88,20765.34
2021-10-15,6,10205.09,9751.52,1923.22,57.64,21937.47
2021-10-15,7,11185.63,10501.49,2106.74,65.32,23859.18
2021-10-15,8,11909.05,10891.49,2269.29,67.01,25136.83
2021-10-15,9,11695.15,11050.08,2229.34,61.01,25035.58
2021-10-15,10,11632.41,11296.78,1994.39,54.62,24978.2
2021-10-15,11,11081.33,11337.1,1851.23,49.47,24319.12
2021-10-15,12,10643.41,11414.69,1803.13,45.48,23906.74
2021-10-15,13,10490.05,11583.13,1804.91,44.55,23922.65
2021-10-15,14,10594.59,11850.64,1938.41,45.11,24428.75
2021-10-15,15,10861.99,12051.34,2087.06,46.21,25046.6
2021-10-15,16,10740.71,12543.58,2395.65,48.48,25728.43
2021-10-15,17,11396.52,12907.81,2513.17,50.29,26867.79
2021-10-15,18,12272.2,13052.46,2613.53,52.65,27990.83
2021-10-15,19,12644.98,13005.55,2693.07,56.91,28400.51
2021-10-15,20,12534.17,12789.03,2638.07,56.5,28017.76
2021-10-15,21,12089.8,12304.33,2544.22,54.73,26993.08
2021-10-15,22,11660.1,11840.14,2416.36,52.59,25969.19
2021-10-15,23,11022.78,11080.67,2255.87,50.48,24409.8
2021-10-15,24,10356.45,10476.91,2082.91,48.23,22964.49
2021-10-16,1,9942.36,9879.94,1997.39,46.84,21866.53
2021-10-16,2,9541.44,9434.1,1903.61,46.6,20925.75
2021-10-16,3,9294.96,9214.69,1827.31,47.28,20384.23
2021-10-16,4,9154.64,8988.57,1802.05,48.78,19994.05
2021-10-16,5,9164.91,8970.9,1779.02,51.4,19966.23
2021-10-16,6,9357.05,9142.72,1824.59,55.36,20379.72
2021-10-16,7,9776.26,9486.42,1919.19,60.81,21242.68
2021-10-16,8,10135.54,9538.19,1935.74,61.46,21670.92
2021-10-16,9,10206.43,9758.0,1946.28,57.24,21967.95
2021-10-16,10,10028.12,10050.71,1842.5,52.48,21973.81
2021-10-16,11,9650.0,10184.44,1703.64,47.16,21585.25
2021-10-16,12,9264.9,10390.06,1626.62,44.24,21325.82
2021-10-16,13,9139.73,10635.27,1694.11,42.93,21512.04
2021-10-16,14,9392.42,10912.95,1686.71,43.45,22035.53
2021-10-16,15,9720.55,11260.75,1806.28,44.98,22832.55
2021-10-16,16,10117.42,11809.11,2061.45,47.9,24035.89
2021-10-16,17,10574.25,12337.88,2311.87,50.99,25274.99
2021-10-16,18,11517.67,12571.13,2481.47,53.55,26623.82
2021-10-16,19,11979.49,12531.32,2598.82,56.02,27165.65
2021-10-16,20,11939.88,12261.4,2557.94,55.01,26814.23
2021-10-16,21,11523.95,11812.79,2468.76,53.09,25858.59
2021-10-16,22,11103.97,11362.88,2348.63,50.96,24866.45
2021-10-16,23,10536.49,10715.23,2190.95,48.43,23491.1
2021-10-16,24,9972.08,10043.3,2029.92,46.61,22091.91
2021-10-17,1,9534.11,9530.15,1949.78,45.6,21059.64
2021-10-17,2,9168.56,9174.64,1859.39,45.04,20247.64
2021-10-17,3,8896.7,8894.63,1791.37,45.48,19628.19
2021-10-17,4,8789.59,8706.0,1751.67,46.99,19294.25
2021-10-17,5,9113.77,8628.73,1743.05,49.17,19534.72
2021-10-17,6,9068.07,8728.53,1779.82,52.63,19629.04
2021-10-17,7,9465.27,8847.38,1853.27,58.42,20224.35
2021-10-17,8,9675.64,8744.47,1850.45,59.93,20330.49
2021-10-17,9,10001.56,8819.73,1773.57,55.8,20650.66
2021-10-17,10,9740.4,8757.43,1709.19,50.27,20257.29
2021-10-17,11,9352.02,9066.56,1635.16,45.68,20099.42
2021-10-17,12,9161.35,9123.64,1479.92,43.78,19808.7
2021-10-17,13,9020.83,9255.92,1452.61,43.71,19773.07
2021-10-17,14,8748.09,9590.16,1454.43,44.95,19837.62
2021-10-17,15,8843.29,9943.64,1552.46,45.32,20384.7
2021-10-17,16,9731.44,10376.92,1755.91,46.83,21911.11
2021-10-17,17,10406.17,10545.43,2041.17,50.98,23043.75
2021-10-17,18,10918.36,10877.03,2297.6,54.06,24147.05
2021-10-17,19,11614.81,11346.09,2501.36,57.27,25519.53
2021-10-17,20,11647.24,11419.66,2498.29,56.55,25621.73
2021-10-17,21,11229.49,11100.67,2412.06,53.95,24796.17
2021-10-17,22,10827.5,10756.72,2300.71,51.67,23936.59
2021-10-17,23,10245.79,10184.96,2132.12,48.09,22610.97
2021-10-17,24,9692.27,9676.85,2033.3,44.91,21447.32
2021-10-18,1,9503.55,9238.85,1912.62,43.81,20698.83
2021-10-18,2,9469.2,9007.63,1842.12,43.16,20362.1
2021-10-18,3,9349.01,8827.37,1789.5,43.24,20009.11
2021-10-18,4,9430.44,8864.7,1769.27,44.37,20108.78
2021-10-18,5,9574.95,9028.96,1804.59,47.09,20455.6
2021-10-18,6,9921.32,9609.62,1933.39,51.93,21516.25
2021-10-18,7,10773.7,10511.01,2118.4,59.74,23462.85
2021-10-18,8,11665.78,10998.93,2259.38,61.45,24985.55
2021-10-18,9,11600.19,11353.84,2338.95,60.07,25353.04
2021-10-18,10,11380.94,11576.55,2429.75,59.13,25446.37
2021-10-18,11,11235.47,11473.8,2355.17,53.92,25118.36
2021-10-18,12,10771.2,11183.71,2320.88,53.91,24329.71
2021-10-18,13,10467.63,11145.04,2322.82,56.1,23991.6
2021-10-18,14,10403.59,11007.49,2255.34,53.27,23719.69
2021-10-18,15,10349.89,11111.2,2240.87,48.74,23750.69
2021-10-18,16,10458.17,11222.57,2283.69,49.64,24014.07
2021-10-18,17,10645.09,11083.24,2302.94,51.93,24083.2
2021-10-18,18,11553.79,11472.33,2335.55,56.25,25417.91
2021-10-18,19,12420.87,12011.27,2547.45,61.76,27041.35
2021-10-18,20,12498.34,12004.26,2544.43,62.59,27109.62
2021-10-18,21,12102.19,11712.76,2452.94,60.71,26328.58
2021-10-18,22,11633.33,11241.32,2316.13,58.13,25248.92
2021-10-18,23,10921.84,10602.77,2131.62,55.82,23712.05
2021-10-18,24,10286.26,10014.17,1976.86,53.76,22331.05
2021-10-19,1,9840.26,9512.94,1904.15,53.12,21310.47
2021-10-19,2,9503.23,9206.77,1833.62,53.05,20596.67
2021-10-19,3,9384.8,9009.83,1787.41,54.11,20236.15
2021-10-19,4,9425.41,8985.31,1763.35,56.06,20230.13
2021-10-19,5,9538.38,9160.29,1815.08,59.96,20573.73
2021-10-19,6,10186.4,9702.41,1921.92,66.85,21877.58
2021-10-19,7,11260.22,10632.18,2155.81,75.13,24123.33
2021-10-19,8,12079.9,11146.99,2247.02,76.27,25550.19
2021-10-19,9,11658.91,11191.66,2199.85,69.19,25119.61
2021-10-19,10,11014.73,11303.46,2106.99,60.58,24485.76
2021-10-19,11,11052.18,10990.7,1822.11,53.01,23918.0
2021-10-19,12,10593.23,10747.5,1655.5,48.11,23044.33
2021-10-19,13,10098.81,10701.42,1583.78,46.04,22430.06
2021-10-19,14,10158.45,10629.37,1583.73,45.65,22417.21
2021-10-19,15,10447.57,10754.17,1674.43,46.07,22922.24
2021-10-19,16,10770.62,10881.13,1870.35,48.35,23570.45
2021-10-19,17,10938.21,11242.88,2092.54,50.69,24324.32
2021-10-19,18,11784.97,11598.97,2316.54,54.53,25755.01
2021-10-19,19,12644.77,12225.65,2534.22,60.03,27464.67
2021-10-19,20,12630.77,12238.59,2534.73,60.46,27464.55
2021-10-19,21,12190.38,11893.87,2457.91,58.06,26600.21
2021-10-19,22,11753.42,11460.72,2315.57,55.31,25585.02
2021-10-19,23,11011.93,10730.2,2132.51,53.02,23927.66
2021-10-19,24,10249.89,10125.9,1967.17,51.17,22394.13
2021-10-20,1,9881.29,9614.11,1902.47,50.77,21448.64
2021-10-20,2,9643.56,9243.26,1838.12,51.16,20776.11
2021-10-20,3,9443.23,9057.66,1825.97,52.26,20379.12
2021-10-20,4,9390.45,9085.95,1803.07,54.87,20334.34
2021-10-20,5,9507.49,9224.69,1834.82,58.62,20625.63
2021-10-20,6,10011.59,9767.65,1929.56,65.2,21774.0
2021-10-20,7,11013.37,10661.61,2138.65,73.63,23887.26
2021-10-20,8,11855.94,11042.85,2221.78,74.78,25195.35
2021-10-20,9,11944.47,11408.9,2085.25,69.79,25508.41
2021-10-20,10,11724.39,11319.57,1925.4,59.3,25028.66
2021-10-20,11,11548.98,11111.18,1787.29,53.13,24500.57
2021-10-20,12,11736.89,10811.09,1660.9,49.43,24258.31
2021-10-20,13,11698.31,10903.32,1614.2,47.29,24263.12
2021-10-20,14,11745.06,11069.06,1672.14,46.45,24532.71
2021-10-20,15,11776.65,11279.52,1804.94,47.12,24908.22
2021-10-20,16,11646.94,11236.63,1936.88,49.85,24870.3
2021-10-20,17,11929.85,11624.98,2164.38,53.05,25772.25
2021-10-20,18,12449.89,11887.77,2375.63,55.78,26769.06
2021-10-20,19,12891.19,12314.28,2566.82,58.92,27831.21
2021-10-20,20,12756.58,12284.92,2575.68,58.48,27675.67
2021-10-20,21,12351.94,11991.49,2464.53,56.16,26864.12
2021-10-20,22,11891.16,11623.36,2339.24,53.44,25907.2
2021-10-20,23,11157.96,10955.04,2150.91,50.75,24314.67
2021-10-20,24,10490.75,10352.26,1989.73,48.8,22881.53
2021-10-21,1,10061.15,9772.73,1924.96,47.32,21806.16
2021-10-21,2,9754.79,9406.29,1857.96,46.89,21065.93
2021-10-21,3,9593.49,9181.14,1841.36,47.45,20663.44
2021-10-21,4,9469.31,9186.97,1815.34,49.62,20521.24
2021-10-21,5,9628.98,9350.17,1860.08,52.59,20891.84
2021-10-21,6,10153.89,9862.38,1915.09,58.04,21989.4
2021-10-21,7,11101.31,10784.41,2137.49,65.4,24088.61
2021-10-21,8,11962.47,11207.99,2213.65,67.13,25451.23
2021-10-21,9,12109.82,11319.33,2117.48,63.2,25609.82
2021-10-21,10,11898.62,10999.39,2049.11,55.88,25003.0
2021-10-21,11,12050.1,11059.28,1846.78,49.91,25006.07
2021-10-21,12,11814.92,11103.7,1766.48,47.16,24732.25
2021-10-21,13,11614.44,11185.93,1690.87,47.65,24538.88
2021-10-21,14,11554.45,11448.05,1735.83,48.17,24786.5
2021-10-21,15,11882.01,11547.27,1813.88,48.99,25292.15
2021-10-21,16,11860.93,11894.0,1999.01,50.98,25804.92
2021-10-21,17,12096.76,12101.34,2202.64,52.92,26453.67
2021-10-21,18,12486.81,12339.24,2406.06,56.07,27288.18
2021-10-21,19,12920.57,12578.97,2590.4,58.4,28148.34
2021-10-21,20,12876.04,12465.1,2568.08,56.95,27966.17
2021-10-21,21,12448.65,12033.41,2470.95,54.38,27007.39
2021-10-21,22,11889.04,11611.5,2350.89,51.42,25902.85
2021-10-21,23,11127.71,10900.16,2172.01,48.51,24248.39
2021-10-21,24,10431.16,10222.0,2021.46,46.06,22720.67
2021-10-22,1,10027.89,9745.04,1947.67,45.02,21765.62
2021-10-22,2,9703.69,9423.48,1870.43,44.25,21041.86
2021-10-22,3,9462.73,9167.78,1846.56,44.75,20521.82
2021-10-22,4,9689.66,9176.63,1818.36,46.67,20731.32
2021-10-22,5,9830.78,9293.3,1842.1,49.91,21016.08
2021-10-22,6,10381.56,9745.94,1903.41,55.19,22086.1
2021-10-22,7,11090.25,10500.75,2114.19,61.48,23766.67
2021-10-22,8,11663.26,10923.33,2246.2,63.26,24896.05
2021-10-22,9,11676.86,11125.78,2280.06,58.05,25140.76
2021-10-22,10,11535.84,11219.58,2269.04,51.44,25075.9
2021-10-22,11,11635.28,10991.94,2062.77,50.97,24740.97
2021-10-22,12,11564.84,11082.4,1849.64,44.73,24541.6
2021-10-22,13,11225.95,11140.69,1706.2,43.78,24116.63
2021-10-22,14,11064.73,11293.13,1791.78,44.4,24194.04
2021-10-22,15,10951.75,11383.08,1807.14,44.92,24186.89
2021-10-22,16,11065.71,11337.87,1977.76,47.83,24429.17
2021-10-22,17,11038.81,11424.44,2115.72,50.15,24629.12
2021-10-22,18,11651.46,11752.83,2349.12,52.71,25806.12
2021-10-22,19,12188.38,12122.18,2504.02,55.18,26869.75
2021-10-22,20,12119.44,11993.01,2473.35,54.24,26640.04
2021-10-22,21,11687.45,11731.1,2391.99,52.24,25862.79
2021-10-22,22,11299.0,11366.25,2304.03,49.1,25018.38
2021-10-22,23,10770.9,10862.6,2162.74,46.24,23842.48
2021-10-22,24,10218.51,10307.73,2025.11,43.72,22595.07
2021-10-23,1,9827.34,9894.75,1938.66,42.07,21702.82
2021-10-23,2,9468.16,9521.47,1851.52,41.01,20882.16
2021-10-23,3,9216.1,9240.26,1791.08,40.01,20287.44
2021-10-23,4,9055.27,9059.83,1758.78,40.15,19914.03
2021-10-23,5,9083.77,8973.63,1752.97,41.23,19851.63
2021-10-23,6,9215.26,9089.69,1808.46,43.27,20156.68
2021-10-23,7,9635.74,9441.32,1872.32,46.58,20995.96
2021-10-23,8,10001.17,9625.49,1936.35,47.45,21610.46
2021-10-23,9,10051.39,9848.71,2063.03,46.99,22010.12
2021-10-23,10,10176.54,10124.36,2140.78,44.9,22486.57
2021-10-23,11,10092.62,10524.07,2145.36,45.37,22807.42
2021-10-23,12,9766.99,10327.21,1817.06,42.35,21953.62
2021-10-23,13,9662.08,10219.39,1586.02,44.75,21512.22
2021-10-23,14,9764.95,10140.7,1438.01,43.68,21387.34
2021-10-23,15,10144.04,10041.49,1555.27,45.96,21786.75
2021-10-23,16,10606.21,10103.87,1729.81,48.25,22488.14
2021-10-23,17,10853.29,10255.34,1889.28,50.85,23048.76
2021-10-23,18,11144.48,10554.07,2149.53,52.65,23900.73
2021-10-23,19,11669.5,11121.96,2362.7,54.62,25208.78
2021-10-23,20,11673.83,11113.85,2381.17,53.25,25222.09
2021-10-23,21,11275.02,10846.91,2301.29,51.46,24474.66
2021-10-23,22,10995.62,10688.1,2220.33,48.99,23953.03
2021-10-23,23,10433.81,10207.96,2092.12,46.1,22779.99
2021-10-23,24,9869.79,9759.55,1956.75,43.71,21629.8
2021-10-24,1,9505.98,9324.35,1890.16,41.93,20762.41
2021-10-24,2,9160.44,8954.77,1820.05,41.07,19976.34
2021-10-24,3,8883.32,8769.77,1752.46,40.5,19446.04
2021-10-24,4,8685.75,8625.5,1720.5,41.45,19073.2
2021-10-24,5,8641.04,8614.07,1709.25,42.39,19006.74
2021-10-24,6,8763.03,8643.72,1734.32,44.51,19185.57
2021-10-24,7,9186.91,8893.16,1787.05,48.49,19915.6
2021-10-24,8,9672.17,8932.01,1801.23,50.51,20455.93
2021-10-24,9,10125.64,9052.52,1803.47,52.14,21033.77
2021-10-24,10,10376.96,9209.19,1678.13,52.37,21316.66
2021-10-24,11,10512.39,9235.13,1539.77,51.72,21339.01
2021-10-24,12,10999.7,9147.8,1444.29,48.47,21640.25
2021-10-24,13,11162.9,9155.37,1409.73,46.37,21774.37
2021-10-24,14,11317.95,9148.05,1462.8,45.87,21974.67
2021-10-24,15,11043.08,9348.67,1562.74,46.94,22001.44
2021-10-24,16,11249.25,9601.6,1660.9,47.28,22559.03
2021-10-24,17,11514.7,9882.19,1975.34,48.96,23421.18
2021-10-24,18,11773.04,10539.11,2204.91,52.85,24569.91
2021-10-24,19,12186.11,11162.88,2426.77,56.16,25831.92
2021-10-24,20,12017.78,11199.63,2430.49,55.28,25703.18
2021-10-24,21,11516.36,10957.01,2360.25,52.7,24886.34
2021-10-24,22,11134.64,10672.09,2253.08,49.24,24109.05
2021-10-24,23,10451.55,10168.51,2083.72,46.05,22749.82
2021-10-24,24,9698.45,9646.46,1942.24,43.42,21330.58
2021-10-25,1,9354.22,9153.44,1874.41,41.61,20423.68
2021-10-25,2,9336.75,8959.6,1812.26,40.55,20149.16
2021-10-25,3,9225.37,8802.7,1734.47,39.92,19802.45
2021-10-25,4,9214.47,8854.08,1745.39,40.38,19854.31
2021-10-25,5,9513.24,8840.09,1799.73,42.62,20195.69
2021-10-25,6,9859.44,9444.38,1896.62,46.52,21246.95
2021-10-25,7,10687.95,10329.91,2101.48,51.6,23170.94
2021-10-25,8,11238.23,10921.87,2247.36,52.51,24459.96
2021-10-25,9,11538.61,11491.71,2322.68,53.76,25406.76
2021-10-25,10,11167.14,11929.14,2327.6,53.8,25477.68
2021-10-25,11,10634.86,12126.57,2334.48,53.78,25149.69
2021-10-25,12,10121.16,12303.56,2428.01,54.71,24907.44
2021-10-25,13,10070.38,12538.88,2364.98,50.39,25024.63
2021-10-25,14,10238.09,12398.4,2305.73,53.18,24995.4
2021-10-25,15,9802.93,12285.71,2468.73,53.91,24611.28
2021-10-25,16,9864.12,11979.43,2454.9,54.75,24353.2
2021-10-25,17,10258.75,11453.41,2460.0,58.93,24231.1
2021-10-25,18,11201.88,11572.47,2528.13,62.36,25364.84
2021-10-25,19,11966.57,11977.2,2589.73,63.07,26596.57
2021-10-25,20,11988.84,11904.68,2519.09,62.78,26475.4
2021-10-25,21,11693.26,11699.23,2425.5,59.82,25877.81
2021-10-25,22,11157.29,11296.94,2307.95,57.08,24819.26
2021-10-25,23,10500.62,10605.85,2117.45,54.31,23278.24
2021-10-25,24,9901.63,10017.37,1950.48,51.02,21920.5
2021-10-26,1,9550.26,9622.7,1885.28,49.93,21108.17
2021-10-26,2,9562.67,9300.32,1810.67,49.76,20723.43
2021-10-26,3,9488.35,9132.07,1761.86,50.46,20432.75
2021-10-26,4,9445.11,9037.2,1744.62,52.87,20279.8
2021-10-26,5,9744.83,9097.19,1779.8,56.33,20678.15
2021-10-26,6,9985.06,9671.81,1902.66,62.31,21621.84
2021-10-26,7,10753.93,10643.67,2141.12,70.75,23609.47
2021-10-26,8,11581.01,11125.75,2235.81,72.71,25015.28
2021-10-26,9,11411.72,11289.6,2135.09,66.01,24902.42
2021-10-26,10,11434.95,11283.06,1981.19,58.63,24757.84
2021-10-26,11,10893.94,11016.25,1898.9,52.81,23861.88
2021-10-26,12,10915.27,10754.41,1805.08,48.65,23523.41
2021-10-26,13,10552.57,10655.61,1711.86,47.1,22967.13
2021-10-26,14,10507.88,10551.3,1670.82,46.52,22776.52
2021-10-26,15,10737.24,10503.8,1792.86,46.55,23080.45
2021-10-26,16,10938.35,10564.85,1974.9,48.43,23526.53
2021-10-26,17,11211.48,10898.05,2119.82,50.86,24280.21
2021-10-26,18,11982.34,11284.41,2354.85,55.48,25677.09
2021-10-26,19,12579.42,11870.79,2566.23,60.8,27077.25
2021-10-26,20,12475.0,11903.37,2550.88,60.74,26989.99
2021-10-26,21,12074.13,11601.46,2458.21,59.51,26193.31
2021-10-26,22,11594.57,11192.66,2333.17,56.92,25177.32
2021-10-26,23,10891.52,10587.37,2143.21,54.52,23676.62
2021-10-26,24,10205.71,9953.19,1970.41,52.34,22181.65
2021-10-27,1,10015.51,9569.83,1912.79,51.28,21549.41
2021-10-27,2,9941.08,9295.82,1832.33,51.34,21120.57
2021-10-27,3,9735.36,9105.27,1777.7,52.77,20671.1
2021-10-27,4,9796.77,8988.96,1759.4,54.58,20599.69
2021-10-27,5,9818.8,9082.01,1772.61,58.13,20731.54
2021-10-27,6,10152.82,9520.13,1925.63,64.27,21662.85
2021-10-27,7,11053.73,10498.3,2144.15,72.61,23768.79
2021-10-27,8,11856.95,10983.87,2253.92,74.58,25169.32
2021-10-27,9,11569.52,11131.29,2154.65,66.56,24922.01
2021-10-27,10,11048.13,11120.71,2005.05,58.97,24232.85
2021-10-27,11,10647.96,11129.02,1879.29,52.9,23709.17
2021-10-27,12,10521.28,11056.76,1814.49,48.07,23440.6
2021-10-27,13,10319.54,11101.23,1803.37,46.34,23270.48
2021-10-27,14,10316.54,11223.97,1845.83,46.34,23432.68
2021-10-27,15,10486.12,11435.94,1965.54,47.32,23934.91
2021-10-27,16,10868.69,11746.62,2039.45,49.61,24704.37
2021-10-27,17,11145.0,12051.92,2321.28,51.66,25569.85
2021-10-27,18,12023.6,12323.22,2487.25,55.4,26889.47
2021-10-27,19,12706.02,12733.8,2643.53,58.05,28141.41
2021-10-27,20,12701.25,12662.26,2597.52,57.23,28018.27
2021-10-27,21,12322.3,12250.41,2488.67,55.04,27116.42
2021-10-27,22,11826.54,11772.99,2359.14,51.77,26010.43
2021-10-27,23,11072.56,10977.33,2166.56,49.09,24265.55
2021-10-27,24,10434.89,10231.95,1998.39,46.76,22711.99
2021-10-28,1,10007.1,9734.93,1932.65,45.14,21719.82
2021-10-28,2,9737.65,9383.85,1854.56,44.57,21020.63
2021-10-28,3,9460.57,9173.51,1792.09,45.39,20471.57
2021-10-28,4,9402.38,9154.59,1772.27,47.26,20376.51
2021-10-28,5,9514.66,9267.66,1792.82,50.37,20625.51
2021-10-28,6,10020.92,9739.1,1897.45,56.0,21713.47
2021-10-28,7,10958.78,10672.08,2119.08,63.77,23813.72
2021-10-28,8,11822.78,11063.85,2219.54,65.63,25171.8
2021-10-28,9,11551.85,11339.5,2250.81,56.08,25198.23
2021-10-28,10,10706.18,11445.52,2139.57,50.27,24341.55
2021-10-28,11,10352.51,11744.82,2005.52,49.81,24152.66
2021-10-28,12,10206.0,11980.66,1915.5,46.81,24148.98
2021-10-28,13,10421.21,12354.13,1936.73,46.75,24758.82
2021-10-28,14,10524.68,12777.35,2023.51,47.83,25373.36
2021-10-28,15,10803.36,13060.71,2158.24,49.41,26071.72
2021-10-28,16,10904.65,13603.79,2376.26,52.01,26936.71
2021-10-28,17,11575.32,13873.38,2588.75,54.02,28091.47
2021-10-28,18,12634.22,13965.73,2755.4,57.43,29412.78
2021-10-28,19,13117.0,13895.87,2841.95,59.01,29913.83
2021-10-28,20,12922.29,13568.14,2764.16,57.09,29311.68
2021-10-28,21,12469.66,12971.68,2634.06,54.33,28129.73
2021-10-28,22,11983.97,12381.7,2499.63,51.31,26916.61
2021-10-28,23,11214.48,11509.87,2296.26,47.68,25068.3
2021-10-28,24,10552.29,10708.85,2089.66,45.12,23395.91
2021-10-29,1,10145.53,10043.87,2012.71,43.55,22245.66
2021-10-29,2,10161.56,9631.98,1923.99,43.5,21761.03
2021-10-29,3,9871.33,9365.4,1839.12,43.63,21119.48
2021-10-29,4,9838.82,9279.95,1810.9,45.03,20974.7
2021-10-29,5,9884.89,9271.63,1832.99,47.45,21036.97
2021-10-29,6,10176.73,9674.35,1925.93,51.18,21828.19
2021-10-29,7,10901.19,10543.89,2128.92,57.22,23631.23
2021-10-29,8,11621.64,10971.0,2207.79,58.78,24859.21
2021-10-29,9,11385.73,11120.63,2252.77,54.98,24814.11
2021-10-29,10,10800.84,11488.35,2176.56,50.82,24516.56
2021-10-29,11,10410.0,11815.8,2056.1,46.52,24328.42
2021-10-29,12,10386.55,11965.03,1923.99,44.55,24320.12
2021-10-29,13,10171.93,12224.2,1904.5,44.81,24345.44
2021-10-29,14,10126.23,12553.19,2002.85,46.32,24728.59
2021-10-29,15,10398.85,12899.33,2110.82,48.36,25457.36
2021-10-29,16,10790.04,13279.09,2327.33,51.68,26448.14
2021-10-29,17,11613.9,13393.4,2503.89,53.81,27565.0
2021-10-29,18,12307.57,13261.19,2639.96,56.53,28265.24
2021-10-29,19,12668.61,13191.24,2719.24,56.93,28636.03
2021-10-29,20,12475.69,12880.59,2644.5,54.88,28055.66
2021-10-29,21,12037.2,12439.84,2566.97,52.18,27096.19
2021-10-29,22,11656.06,11959.26,2440.38,49.38,26105.08
2021-10-29,23,11009.28,11242.64,2267.29,46.85,24566.07
2021-10-29,24,10311.04,10570.93,2126.52,44.18,23052.66
2021-10-30,1,9924.21,9971.53,2041.77,42.98,21980.49
2021-10-30,2,9549.46,9562.96,1935.32,42.19,21089.93
2021-10-30,3,9258.56,9198.56,1861.59,42.12,20360.83
2021-10-30,4,9173.4,9023.42,1827.44,43.14,20067.4
2021-10-30,5,9398.6,8987.78,1853.8,45.4,20285.59
2021-10-30,6,9667.75,9154.82,1836.34,48.73,20707.64
2021-10-30,7,10063.18,9526.64,1900.07,53.87,21543.75
2021-10-30,8,10476.41,9640.15,1972.41,55.02,22143.99
2021-10-30,9,10438.98,9826.86,2047.61,51.84,22365.29
2021-10-30,10,10298.91,10116.7,1986.25,48.43,22450.28
2021-10-30,11,10229.5,9996.26,1742.92,44.81,22013.49
2021-10-30,12,10002.61,9799.19,1584.08,43.03,21428.91
2021-10-30,13,9857.73,9780.15,1530.85,42.97,21211.7
2021-10-30,14,9867.58,9985.41,1592.27,44.52,21489.77
2021-10-30,15,10060.91,10083.0,1710.55,46.88,21901.35
2021-10-30,16,10266.92,10300.92,1834.5,50.43,22452.77
2021-10-30,17,10451.26,10765.59,2078.79,53.11,23348.75
2021-10-30,18,11229.55,11169.67,2288.23,55.49,24742.95
2021-10-30,19,11857.22,11503.76,2440.53,55.8,25857.31
2021-10-30,20,11755.26,11323.63,2393.73,53.71,25526.33
2021-10-30,21,11378.55,10962.08,2324.77,51.96,24717.36
2021-10-30,22,11045.9,10671.94,2245.15,49.21,24012.2
2021-10-30,23,10603.97,10195.17,2120.63,46.05,22965.82
2021-10-30,24,10149.21,9707.39,1989.63,43.5,21889.73
2021-10-31,1,10062.66,9288.12,1931.57,42.02,21324.37
2021-10-31,2,9747.73,8942.76,1860.57,40.74,20591.8
2021-10-31,3,9453.67,8703.53,1802.97,39.71,19999.88
2021-10-31,4,9328.76,8578.78,1771.65,40.09,19719.29
2021-10-31,5,9316.92,8531.89,1752.34,40.9,19642.05
2021-10-31,6,9427.51,8556.98,1765.68,43.02,19793.19
2021-10-31,7,9687.11,8838.38,1817.36,46.79,20389.64
2021-10-31,8,10028.71,8989.13,1897.57,47.93,20963.34
2021-10-31,9,10119.71,9312.51,2033.41,46.85,21512.48
2021-10-31,10,10031.46,9760.56,1977.64,46.03,21815.7
2021-10-31,11,9853.99,9758.74,1713.61,44.62,21370.96
2021-10-31,12,9284.61,9581.63,1567.8,43.34,20477.38
2021-10-31,13,9325.31,9262.95,1483.45,43.91,20115.62
2021-10-31,14,9349.87,9089.02,1497.95,46.0,19982.84
2021-10-31,15,9596.61,9127.48,1577.41,47.75,20349.25
2021-10-31,16,9875.76,9617.42,1849.18,50.47,21392.82
2021-10-31,17,10228.71,10050.01,2022.73,52.3,22353.75
2021-10-31,18,10876.77,10357.29,2248.88,53.96,23536.9
2021-10-31,19,11355.8,10749.64,2370.86,54.37,24530.67
2021-10-31,20,11200.98,10582.73,2324.31,52.92,24160.94
2021-10-31,21,11066.98,10419.82,2284.46,51.46,23822.73
2021-10-31,22,10858.92,10260.55,2214.86,49.05,23383.38
2021-10-31,23,10322.29,9857.49,2080.47,46.05,22306.31
2021-10-31,24,9755.85,9348.73,1937.19,43.62,21085.39
