year_month,Estimated_Hourly_Cost_USD,CAISO Total,Monthly_Price_Cents_per_kWh,hour,dayofweek,month,daily_mean_load_lag_1,daily_std_load_lag_1,daily_mean_load_lag_7,daily_std_load_lag_7,daily_mean_load_lag_15,daily_std_load_lag_15,daily_mean_load_lag_30,daily_std_load_lag_30,daily_mean_cost_lag_1,daily_std_cost_lag_1,daily_mean_cost_lag_7,daily_std_cost_lag_7,daily_mean_cost_lag_15,daily_std_cost_lag_15,daily_mean_cost_lag_30,daily_std_cost_lag_30,PGE,SCE,SDGE,VEA,HE_num,PGE_loadlag,SCE_loadlag,SDGE_loadlag,VEA_loadlag,daily_mean_load_lag_1_loadlag,daily_std_load_lag_1_loadlag,daily_mean_load_lag_7_loadlag,daily_std_load_lag_7_loadlag,daily_mean_load_lag_15_loadlag,daily_std_load_lag_15_loadlag,daily_mean_load_lag_30_loadlag,daily_std_load_lag_30_loadlag,HE_num_loadlag,Coal,Hydro,Natural Gas,Nuclear,Other,Petroleum,Solar,Wind,Battery storage,Geothermal,Pumped storage,Solar with integrated battery storage,temperature_2m_mean,temperature_2m_max,temperature_2m_min,apparent_temperature_mean,apparent_temperature_max,apparent_temperature_min,dew_point_2m_mean,relative_humidity_2m_mean,relative_humidity_2m_max,relative_humidity_2m_min,precipitation_sum,rain_sum,snowfall_sum,wind_speed_10m_max,wind_gusts_10m_max,shortwave_radiation_sum,cloudcover_mean,et0_fao_evapotranspiration,pressure_msl_mean,weathercode,cdd,hdd,year_month_start
2019-01,105.22227556635964,22434.649740996298,18.31,6.206989247311828,2.903225806451613,1.0,23381.39363416769,2379.4753823838087,23285.77844705315,2469.6290858192538,23032.313784722493,2581.9125739650967,21917.05717216431,2675.895468703894,0.14632912092897274,0.0043129815300350415,0.14626728455255908,0.0048283998422152166,0.1487086008428669,0.005315100154946351,0.1513844075974362,0.0050112837832076,10218.092804487409,10090.493907527383,2046.9554768025098,79.10755393427694,7.676579301075269,10185.74920462698,10044.021671753188,2039.483008723155,79.54045690074659,23315.002966123553,2374.21480894321,23263.773026964587,2484.83663862905,22988.051423505876,2582.3206481188136,21917.05717216431,2675.895468703894,7.581317204301076,,,,,,,,,,,,,1.0690860338709678,5.412903225806452,-2.693548387096774,-2.788395956,1.678694711516129,-6.780972380645161,-3.8577957375806453,71.98951335483872,89.13197270967741,50.89638148387097,1.161290264516129,0.39999996290322587,0.5329032290322581,12.93567469032258,24.294192548387095,8.919354838709678,8.919354838709678,52.961021816129026,1.1088209641935485,1029.615575483871,0.0,16.930914032258066,2019-01-01
2019-02,102.98356768020582,22776.136328751592,19.79,5.105654761904762,3.0,2.0,23686.495071494657,2248.157743538217,23668.807414000385,2323.6268876388212,23380.883602239486,2277.74812058138,23443.630758872932,2362.736249839373,0.15839765086936217,0.004211120289486154,0.15819130059655542,0.003723803294105421,0.15283676298501042,0.004121388105763955,0.14546027588138166,0.004414279307878684,10426.133995070364,10212.466651407987,2055.632088196365,81.90418885017512,6.570064484126983,10462.659539718583,10267.029978968536,2076.5947023444655,81.76758370761392,23746.949371165603,2283.9010492933025,23631.01263969529,2291.1912660848525,23402.97648776475,2307.565619955563,23407.93654981102,2356.901046198367,6.543154761904762,,,,,,,,,,,,,2.2634672489285714,6.007142857142857,-0.9375,-1.4906067657142859,2.4409865525,-5.212979516428571,-1.9908481687142856,75.45489003571429,91.17614560714286,56.30960032142857,0.7678571607142857,0.2642857067857143,0.35750000392857145,15.258797589285715,27.62999951785714,9.657142857142857,9.657142857142857,74.3616067857143,1.2288588775,1026.666060357143,0.0,15.736532892857143,2019-02-01
2019-03,100.4550124626953,20672.515609986793,19.26,3.0591397849462365,3.193548387096774,3.0,22314.929708982447,2084.0010560686533,22440.849319130364,2115.661641362162,23006.58494124576,2128.3067449972536,23643.911899595118,2256.1891117168498,0.1543451560196538,0.0027485530032583883,0.1549076057418003,0.00280954050537815,0.15757786224368253,0.0028096657831958322,0.1588141196460828,0.003808661797778887,9526.856845043863,9231.562953344313,1856.884803984687,57.210560413759055,4.448476702508961,9552.991558030204,9258.107159474419,1863.5192679906645,57.43869697568624,22369.211747250272,2095.109945415742,22514.187218902567,2095.709314677656,23091.81399996788,2148.097308589752,23629.35680228339,2261.6504586100077,4.519489247311828,,,,,,,,,,,,,10.414852070967742,15.454838709677418,5.808064516129033,7.448336635483871,12.400802877419355,2.7523718906451613,3.839583150645161,66.5594939032258,89.14626899999999,42.56450790322581,0.864516129032258,0.864516129032258,0.0,19.144427741935484,35.60516074193548,15.757096774193549,15.757096774193549,53.00537618806452,2.7434660161290325,1019.1535,0.0,7.585147967741936,2019-03-01
2019-04,100.42629184817933,21812.827889279135,17.969999999999995,5.663888888888889,2.8333333333333335,4.0,22799.313771531226,2297.129472263988,22493.87763153116,2239.759250194005,22188.438047246356,2142.5623508367034,22291.65685463224,2116.6594184606906,0.14349415283518888,0.003555802592373401,0.14349697472044817,0.0033052420044023057,0.14637055147357006,0.0038218552955120604,0.1534857682315026,0.0026688283857025136,9979.299936112748,9904.26304749575,1880.2628751676966,48.9998792811301,7.124768518518518,9963.15042205694,9881.989921006194,1874.760562863937,48.96518983341081,22803.293200647742,2294.5889820079924,22420.967783108692,2220.784241534073,22162.23023495524,2124.3119299426967,22353.6538862602,2118.0705358684777,7.0368055555555555,,,,,,,,,,,,,15.138610949999999,19.825,11.291666666666666,13.512634683333333,18.8623942,9.12188902,10.03423625,73.29069546666666,90.5694002,53.91432933333333,2.2600000133333333,2.2600000133333333,0.0,19.717701283333334,35.783999200000004,16.166999999999998,16.166999999999998,60.37361111,3.0661327333333332,1014.3090396666666,0.17833328266666668,3.039722427333333,2019-04-01
2019-05,92.62088812169773,21485.863085250447,18.82,4.598118279569892,3.0,5.0,22719.016949685614,2013.6229908761995,23046.371595101336,2081.126709564338,23268.96686376184,2267.468876754959,22884.04270662153,2267.4754398282876,0.1504169044177979,0.0038918946055003243,0.15105512618878136,0.003767376958918794,0.15117589663866815,0.0038077112448781964,0.14479433204186506,0.0035549738223317573,9834.708334534842,9754.615918352229,1851.0442728368039,45.49470828907264,6.003472222222222,9835.39230577419,9749.818882634527,1851.0654309187673,45.14899558098181,22746.435607886015,2011.7966585158536,23058.204507435854,2094.6055525706984,23296.519329048035,2268.0376261340534,22998.880670737344,2302.646119194327,5.884408602150537,,,,,,,,,,,,,21.000067612903226,25.820967741935487,16.541935483870965,20.616301467741934,25.713378580645163,15.976427870967743,12.942607483870967,62.73890148387097,83.4782583548387,41.6743344516129,0.33548387419354836,0.33548387419354836,0.0,18.86695841935484,33.700644741935484,19.155483870967743,19.155483870967743,69.87365638709677,4.440454532258064,1011.3402135483872,3.185551440967742,0.1854837735483871,2019-05-01
2019-06,116.0325646044423,23683.86420023181,20.77,4.3805555555555555,3.1666666666666665,6.0,26204.3796610419,3355.7124933055165,25573.6447584183,3250.279520155786,24415.649303947674,2765.244614032606,22719.739186977116,2019.981440231861,0.16609315605817312,0.004229129950277874,0.16264906301102786,0.004549404987761569,0.15786953780986002,0.00391934934119473,0.15018990399854076,0.003863014067042176,11112.42168571792,10544.168116037654,1971.9178350090276,55.357237181444894,5.851302083333334,11139.456870844395,10553.208197737686,1968.8242331690178,55.43486875251296,26179.153851013594,3378.182248133938,25498.319064849282,3211.3144275413683,24316.6947165675,2762.621951121519,22742.0078113282,2026.8939451240192,5.916666666666667,,,,,,,,,,,,,25.669930333333333,29.956666666666667,21.78666666666667,27.710467633333334,32.368298466666666,23.802031166666666,19.167082999999998,69.26535816666666,88.23089813333333,49.0207185,4.126666902999999,4.126666902999999,0.0,17.573475766666668,32.039999466666664,19.403666666666666,19.403666666666666,66.9166667,4.749100686666667,1005.1547260000001,7.669930346666666,0.0,2019-06-01
2019-07,106.79904014828993,25108.61914549067,19.88,3.329301075268817,2.806451612903226,7.0,29103.265827197858,4557.570733582366,28082.405530940065,4181.80679762543,26984.738434495295,3710.9468738794767,26355.392355981206,3466.0820333707384,0.15904446973077405,0.003686871810899115,0.15749572279171453,0.0034894865569203605,0.1581746420106401,0.003742544210340264,0.16664537229956322,0.004420597620500711,11446.941943361076,11505.14436171146,2094.433090697269,62.09974083453202,4.764896953405017,11430.576280752297,11472.56238903254,2092.8501860579017,61.42042271013498,29054.368709866034,4571.659515306726,28024.143242534363,4153.503842189319,26821.77681581458,3648.3253139161184,26329.46041023764,3445.3556862276737,4.57997311827957,,,,,,,,,,,,,27.83340025806452,31.25161290322581,24.85,32.45630364516129,36.17446525806452,29.29674519354839,23.47231222580645,78.33486532258065,92.69993774193549,61.17169064516129,4.477419391612903,4.477419391612903,0.0,14.666227241935484,27.847741516129034,18.593225806451613,18.593225806451613,65.5604834516129,4.260219458064516,1003.5955916129031,9.8334003,0.0,2019-07-01
2019-08,105.41434697787655,25963.9194095915,19.78,3.079301075268817,3.096774193548387,8.0,30458.740880524067,5362.004999708436,30278.84943942692,5237.245121578606,30687.219744394435,5304.219744606921,29368.59136362426,4677.404021553328,0.15821286167842002,0.004451916658893796,0.15963465584148392,0.004391867757692113,0.16204376125345007,0.003823369375692418,0.16045771998951347,0.00368105937946203,11717.13517889279,11965.292523996022,2222.6390228309238,58.853848677716385,4.522513440860215,11728.960931997217,12018.543991070515,2227.393390571915,59.27540281172491,30412.956048301025,5315.321073683116,30307.380419382996,5236.851141657373,30695.79497726805,5287.628655880977,29348.26759312565,4652.746409543262,4.671370967741935,,,,,,,,,,,,,26.41290248387097,29.51451612903226,23.620967741935484,30.219623677419353,33.644879193548384,27.060116225806453,22.50416670967742,80.33091693548387,93.42312087096774,63.93527116129032,5.358064532258064,5.358064532258064,0.0,16.632664970967742,31.041289516129034,18.041935483870965,18.041935483870965,54.16801038709677,3.8839000193548388,1005.5532251612902,8.412902516129032,0.0,2019-08-01
2019-09,108.00545030288018,25762.746966540213,20.65,5.445833333333334,3.0,9.0,28403.65108832442,4274.7482388936805,29677.072682256097,4839.320941421614,30361.808812442774,5219.427509396455,30442.556784415043,5398.522060310965,0.1654280197326042,0.005861110133078805,0.1665114179652756,0.005700325605127937,0.167664585760925,0.006069563727587407,0.15692679622675998,0.00422918088421459,11267.677525331279,12134.808164102753,2305.339132611826,54.92292127273047,6.8694444444444445,11312.142514410203,12241.473521717855,2323.2196211884584,55.76861729260568,28646.832514814483,4370.836772797436,29787.87616348999,4872.176975377136,30367.332564211112,5231.963120932981,30429.8462892456,5398.171146623656,6.938888888888888,,,,,,,,,,,,,22.930069633333336,26.861666666666668,19.421666666666667,24.596023733333332,28.5879489,20.6567374,17.831319266666664,74.48446876666667,91.14489736666665,54.13042573333334,0.3366666466666667,0.3366666466666667,0.0,15.078114833333332,27.58799955,17.285666666666668,17.285666666666668,34.99166672526667,3.66431517,1015.13473,4.930069586666666,0.0,2019-09-01
2019-10,83.26060986408257,21616.419025537074,14.9,3.388440860215054,2.903225806451613,10.0,23906.350353307316,2828.070107716254,24420.613661103696,2895.3619568581476,25198.279636487627,3080.7360606534394,28139.263822941117,4098.22951782618,0.11973294520259337,0.0029988727935713654,0.12797026262031105,0.003573673322389223,0.13538840039182537,0.003279543256742473,0.16318544994286585,0.005527206447852307,9620.623236851452,10000.046817001015,1945.9727773176517,49.339004817278536,4.829637096774194,9600.655054862731,9978.415310786348,1938.1037136080615,48.7600614991104,23888.346988648755,2819.301874958118,24528.211271806318,2946.88905777547,25270.593457734714,3106.6457121832145,28092.32234223998,4105.796259365749,4.891801075268818,,,,,,,,,,,,,16.65571219354839,20.720967741935485,13.12258064516129,15.793003983870967,19.917758451612904,11.765808151612903,11.183669516129033,71.56817103225805,88.49253551612904,51.984317354838716,0.7419354758064515,0.7419354758064515,0.0,15.267268477419355,27.82451585483871,11.68483870967742,11.68483870967742,54.59274208064516,2.3937499806451616,1020.655089032258,0.6630375767741935,2.0073253549032257,2019-10-01
2019-11,108.27710227834505,21371.946755828754,20.11,4.0625,3.1,11.0,23262.727245118578,2445.421882645775,23063.056307741022,2441.26593314446,23577.899786247766,2688.5838650987284,23777.186610238157,2798.171687907815,0.15980614091252995,0.004168463260913357,0.14947282378272955,0.0037158110368551373,0.139434058487272,0.0035981469259598934,0.11852954730860127,0.0030465776282580168,9857.860574706026,9604.27368744402,1848.9904008680076,60.822022125748084,5.536631944444445,9832.684756676192,9603.103716723785,1850.9090525632316,60.276981729978395,23331.631001911108,2454.1114317367706,23080.651256059744,2446.2664614797345,23680.27523552618,2708.936001931704,23880.52768569619,2832.6328300885903,5.368055555555555,,,,,,,,,,,,,11.001527863333333,15.106666666666666,7.056666666666667,8.342537946333334,12.539487103333332,4.208573534666667,4.777638841666667,67.7664459,87.51961413333333,46.31823846666667,0.6699999816666666,0.6699999816666666,0.0,17.443407616666665,31.6679994,9.401333333333334,9.401333333333334,51.881944398933335,1.918580134,1024.3779106666666,0.0,6.998472193333333,2019-11-01
2019-12,99.7567787166517,22485.958754306845,19.15,5.264784946236559,2.935483870967742,12.0,24156.314874142496,2506.9833421367453,24128.79445177115,2435.6931591044095,23843.761224948023,2523.688188213346,23311.58422178811,2467.1019887471903,0.15362705442023264,0.004210226016281206,0.1557502392994011,0.0040926858910877864,0.15724331815280487,0.0041502550314629185,0.16130752474485696,0.004126948767573797,10264.370903672858,10173.415635986055,2002.8669109969746,75.32757361456034,6.678875448028673,10329.422872235698,10131.650629015778,1992.590132080133,75.26477285540943,24115.21642956884,2491.6299629125606,24092.22050764376,2447.988693570779,23755.646080929142,2481.2602605530174,23271.210078875316,2446.1513396813116,6.733198924731182,,,,,,,,,,,,,4.636021429032258,8.875806451612902,0.7725806451612904,1.0759398318709679,5.4792356345161295,-3.2300516764516125,0.25806458451612907,74.91921583870968,91.45757451612903,54.69608764516129,0.4,0.4,0.0,15.693779419354838,27.91741893548387,8.177741935483871,8.177741935483871,43.05376353870968,1.1712682087096773,1027.5169096774193,0.0,13.363978548387095,2019-12-01
2020-01,110.04201983155923,21637.056220604118,19.91,4.216397849462366,3.0,1.0,23131.164923196757,2336.015835106545,23277.553489081725,2347.5025226159764,23460.640417687595,2334.3148496804592,23936.026831334377,2431.3109248683663,0.15902663168183154,0.004949610166947312,0.1582790654356602,0.00485302120603706,0.15680192850828073,0.0046768607450804415,0.15276436266920929,0.004229567730943991,10047.39419485781,9539.760620593304,1937.2020854067603,79.90656018553294,5.671594982078854,10037.529810889459,9523.834172336301,1935.6608232398357,79.99761224832586,23088.257704261752,2329.950519341433,23290.11553505994,2360.4638561676124,23463.956812599823,2333.4542266013423,23986.304155709247,2430.853435384819,5.648521505376344,,,,,,,,,,,,,3.1213710548387095,6.191935483870967,0.19677419354838707,-0.4035371803225806,2.6942046812903224,-3.6183418119354838,-0.3893145529032258,79.05308358064516,92.90945703225808,59.92860919354839,2.290322670967742,2.0161292,0.1919354935483871,14.190823612903225,25.919999322580644,6.6651612903225805,6.6651612903225805,67.39784996774193,0.9054336770967742,1026.6627677419356,0.0,14.878629,2020-01-01
2020-02,117.20511411947271,21389.534517379743,21.67,4.42816091954023,3.0689655172413794,2.0,22947.989243252152,2246.013195212136,22995.33910624734,2225.372076006406,23293.053992407542,2241.518236530675,23210.566160751056,2337.862782313677,0.17358596015077768,0.002846521673358767,0.17097544801573988,0.002835214070208119,0.16706589910188469,0.0036098676231749245,0.15893705393674035,0.004981820981997998,9921.632442200302,9541.130339177022,1867.548224127807,71.29434666981616,5.9055316091954015,9950.496802463236,9512.616454860168,1867.9439158172802,71.33742194952832,22930.3605109827,2244.4236821452705,22962.631796653695,2229.005613192509,23258.777099977022,2243.391063768296,23233.358589563282,2342.5424098609574,5.920977011494253,,,,,,,,,,,,,6.273204128965517,10.455172413793104,2.3017241379310347,2.838808771034483,7.136854191379311,-1.7825085720689655,1.7560345010344829,74.63728772413792,90.17688065517241,55.27639210344827,1.1655172879310343,1.0137931393103448,0.10620689655172413,18.022612896551724,32.387585275862065,10.421724137931035,10.421724137931035,58.573275441379316,1.5670721748275862,1025.857173448276,0.0,11.726795979310344,2020-02-01
2020-03,105.82004431266839,21126.28741385685,20.33,6.229838709677419,2.935483870967742,3.0,22077.420914307113,1969.5267926253628,22525.375327055448,2055.8752045452175,22685.77670808333,2209.708247423085,22747.82293431499,2248.46171559294,0.16240898897710368,0.003563597251249798,0.1651299482522506,0.0035124343287945294,0.16844587193664082,0.003483336923235426,0.17255071331334348,0.0027841373957184297,9981.271269260978,9314.957287709123,1775.323740312315,58.22979281797916,7.650873655913979,9993.849377769173,9337.971146968293,1770.1101627346288,58.511131741028926,22059.766779231282,1979.9027564023124,22551.37827141657,2073.2871341295427,22598.029746400305,2197.160717275042,22776.512230981964,2234.0269994944347,7.663306451612903,,,,,,,,,,,,,10.644892112903225,15.174193548387098,6.372580645161291,7.820013396774193,12.599485258064517,2.9167884341935486,4.6668683066774195,69.07866396774195,88.5146190967742,48.402024677419355,1.012903270967742,1.012903270967742,0.0,18.58682879032258,34.362580290322576,14.52290322580645,14.52290322580645,55.55241883870968,2.584654307419355,1019.3754141935484,0.012029524838709678,7.367137477419355,2020-03-01
2020-04,110.104204982663,19730.24068171475,20.43,3.9722222222222223,2.966666666666667,4.0,21101.889572349923,2192.7185376983657,20423.30260852581,1905.9762895053927,20731.38890890032,1812.6023750356176,22028.15368197544,1923.6257704388909,0.16291597112550632,0.002920010453130923,0.1594310979770091,0.0031040732522025992,0.16070854060609646,0.0036117698409349783,0.1626238450431274,0.0033844605730953777,9154.790501116982,8828.749098926944,1696.3206846284984,46.88815420447462,5.415625,9159.378924796298,8820.947009267396,1692.599042514676,47.00407336359333,21033.106396807616,2176.7323948317303,20431.4414999984,1885.602926722033,20795.368361264453,1810.4249417646765,22083.630851745584,1947.6629801733068,5.516666666666667,,,,,,,,,,,,,14.5927776,19.948333333333334,9.726666666666667,12.178622853333334,17.978853866666668,7.1642345999999995,6.40201383,60.595417233333336,83.34872846666667,38.28582923333333,0.5599999966666667,0.5599999966666667,0.0,19.270977866666666,34.847999533333336,19.076999999999998,19.076999999999998,50.029167178,3.8411888533333336,1018.8437516666668,0.3753470113333333,3.7825694013333333,2020-04-01
2020-05,104.01534712968362,21204.765381599587,18.61,2.8629032258064515,3.193548387096774,5.0,23276.312260075574,2904.379283465687,22514.19097888381,2738.338542121982,22385.760220356715,2709.6035255375054,21080.375286440176,2156.7582886901923,0.14936455701994877,0.0030040631889639126,0.15136933969670005,0.002575188578460384,0.15477933941971297,0.0022854022321863194,0.1629958232636959,0.0027365066707507957,10078.46894702297,9323.580766762487,1757.2528217815118,45.46075338356543,4.359094982078853,10003.230837833953,9277.05238014703,1752.7045164344586,45.173806586310995,23188.64798937753,2835.04844113838,22614.72111897005,2759.790975771287,22322.95078924227,2678.337479894137,21085.002783120075,2180.650623557911,4.319220430107527,,,,,,,,,,,,,21.617472806451612,26.324193548387097,17.475806451612904,21.797827225806454,27.13406777419355,16.924956758064514,15.430577596774194,69.9837690967742,87.53069764516128,51.25922022580645,1.0838709741935484,1.0838709741935484,0.0,19.812239596774194,35.767740999999994,18.712903225806453,18.712903225806453,56.07661262258064,4.261915022580645,1008.3348270967741,3.7688840474193546,0.15141117761290324,2020-05-01
2020-06,109.61206757604927,23252.8848902834,19.71,4.995833333333334,2.8333333333333335,6.0,25925.599058724714,3559.4198936199105,26017.3123476495,3700.239404299685,24853.85838425128,3466.628394496721,23276.708341665984,2946.312413726941,0.15748569524077258,0.004021082617413493,0.15807450430574532,0.004183121697042772,0.1542136433036874,0.0037845410277199234,0.14907071349469178,0.0028929672868465536,10984.337059359463,10342.278052339214,1871.7200494731378,54.54808145358932,6.451041666666667,10950.380445817393,10342.207064074199,1871.3101229641068,54.51294516426399,25863.89391694542,3567.224551762793,25946.110143745034,3680.757180902461,24661.719588611704,3380.8885289112372,23204.19822895741,2931.9829502585458,6.546527777777778,,,,,,,,,,,,,24.991180433333334,28.833333333333332,21.523333333333333,27.501893133333333,32.06081356666667,23.492914233333334,20.252917033333333,77.09729223333333,92.44852483333334,58.90469053333334,11.11333334,11.11333334,0.0,18.5225815,33.575998999999996,16.644333333333332,16.644333333333332,65.46111123333334,3.8709910283333335,1004.6807063333333,6.991180433333333,0.0,2020-06-01
2020-07,115.57225585365758,24987.89849446149,20.03,4.951612903225806,3.0,7.0,28415.43415523484,4801.145348139023,28004.941392972072,4436.77784764674,27730.501151581386,4427.3508901334335,26166.5198155455,3646.806965567458,0.15959997737576226,0.0036750300135151744,0.15975104980957833,0.0035207082225257483,0.16070554611665522,0.0038650725921103098,0.15787634196436878,0.003923704730737814,11553.478689176314,11314.584441965095,2057.0172010737865,62.818044296158156,6.410394265232975,11579.856322589423,11298.58621332887,2059.6179368403878,62.042454703983346,28349.67649464771,4754.242286982953,28027.53461884427,4422.704633543744,27649.398940363983,4372.213106446086,26084.80113050205,3657.68096747905,6.386424731182795,,,,,,,,,,,,,24.847378967741935,27.81935483870968,22.229032258064517,28.215974096774193,31.571551903225807,24.96324380645161,21.740523967741936,83.63684861290322,95.09386393548388,68.66682451612903,10.835483912903227,10.835483912903227,0.0,16.257307732258063,31.505805741935482,15.998387096774193,15.998387096774193,73.31720438709678,3.3666758887096773,1005.4588732258064,6.847379038709677,0.0,2020-07-01
2020-08,110.7570250040169,26499.66197351842,20.69,2.7056451612903225,3.064516129032258,8.0,31208.125162283603,5367.07586438568,31267.161361911833,5499.050739276166,29296.53133085954,4997.392192220271,28677.41266254798,4872.718468278631,0.1660453823049549,0.004402475336388488,0.16606436167503094,0.004091836984492074,0.1597396148538752,0.003558222080843748,0.1610116210322316,0.004013293621027213,12070.167985317847,12088.385715263606,2278.8855115150354,62.22224242934855,4.140793010752689,12057.91135362632,12125.617722636125,2275.9888439777333,62.85844407949254,31283.293023003625,5420.809907647994,31180.076071297215,5541.513044966049,29155.501061112867,4941.806301347088,28603.526909142754,4886.483076571452,4.244623655913979,,,,,,,,,,,,,28.080308838709676,30.951612903225808,25.58709677419355,33.472641967741936,36.95032474193548,30.271867,25.066801,84.25669519354838,93.91264435483872,70.71525983870968,4.464516127419355,4.464516127419355,0.0,15.405137935483872,29.519999032258063,16.399354838709677,16.399354838709677,66.22715119354838,3.63922684516129,1005.1901867741935,10.080308883870966,0.0,2020-08-01
2020-09,118.09064432395314,25530.697459006322,21.16,4.729166666666667,2.9,9.0,28805.407299199185,4737.253952057034,29026.698679305475,4669.102722555006,30801.53281316641,5085.010731028638,31340.127188792078,5386.497585556305,0.1687746563484005,0.0054739996882569916,0.16780948388180478,0.004999967013778187,0.17354627507852705,0.00500001043739978,0.16511566731560137,0.003985317874935319,11455.916336418622,11742.909774308382,2278.8994897009766,52.97179166275778,6.190277777777778,11471.670063672478,11745.37894090968,2271.9951413298245,53.41562477534789,28795.128056065467,4726.171703493649,29115.24314937624,4691.04820127676,30920.375620252486,5087.9949598014155,31353.162350372302,5383.373296148205,6.316666666666666,,,,,,,,,,,,,23.13381893333333,26.72666666666667,19.873333333333335,25.2915439,29.120419366666667,21.66861906666667,18.479305716666666,76.4328971,91.87860099999999,56.322021033333336,1.1833333933333334,1.1833333933333334,0.0,13.061639033333334,25.535999433333334,16.444666666666667,16.444666666666667,49.137499866666666,3.405161345666667,1012.8650036666666,5.1338190133333335,0.0,2020-09-01
2020-10,111.54354666189096,22871.2633857571,20.78,4.705645161290323,3.096774193548387,10.0,25698.14722483999,3603.8476504885793,26935.895489591236,4195.122224524216,27881.5321137747,4737.280496959164,28991.26367202184,4929.168738740781,0.16692864214362962,0.004923144283881556,0.16756378363477548,0.005269581460826263,0.16720572007969786,0.004916547657750555,0.171828714142433,0.005947703432558863,10267.622999827083,10493.284186974603,2064.4400654936144,45.91624082615675,6.183243727598567,10304.31439873521,10555.518558294354,2082.965286857526,46.055342274032256,25819.450936935595,3650.8397188358417,27015.346093575918,4242.507002086791,27849.77553258244,4713.63523703868,28955.14095364657,4880.41724773984,6.179435483870968,,,,,,,,,,,,,15.864717838709678,19.456451612903226,12.714516129032257,14.829351161290322,18.288869903225805,11.359704793548387,10.354905793548387,71.63566206451613,88.48979867741936,50.78415780645161,0.7032257774193549,0.7032257774193549,0.0,14.011396516129032,25.838709387096774,11.182258064516128,11.182258064516128,59.68817235483871,2.2479763593548387,1022.5026916129032,0.20060477387096776,2.3358870135483873,2020-10-01
2020-11,115.41942630162163,21207.8136388848,22.2,3.9472222222222224,3.0,11.0,22787.931153646798,2396.673261580252,22823.228229620076,2380.622376773305,23161.534342272145,2464.6037730953717,25105.24473448791,3331.5028608908615,0.17719646610092238,0.003913019223273011,0.1737532447114196,0.004163460308032315,0.16952735982322817,0.004621555525531923,0.16303097288764173,0.0043982952735653336,9628.67009889554,9628.842440749995,1888.6067371652766,61.69516650428183,5.397048611111112,9675.869934145134,9715.661991904162,1897.5132137673602,61.5833723935625,22765.714147430754,2391.487820115202,22827.342956563618,2371.137190851975,23278.864323857542,2502.3911787843786,25261.984574008635,3399.510352749009,5.486805555555555,,,,,,,,,,,,,10.633611123333333,14.635,7.233333333333333,8.159658528666666,12.126764056666667,4.452556176,5.656666689333333,73.24812003333334,89.85721066666666,52.773851300000004,1.2766666700000002,1.256666676666667,0.014000000666666667,15.252721566666667,28.29599933333333,9.077,9.077,46.888889352,1.6913946359999998,1026.6877666666667,0.0024305343333333334,7.368819366666667,2020-11-01
2020-12,110.45573455885649,22029.437415429267,20.42,4.564516129032258,2.903225806451613,12.0,23671.217705099094,2406.5940262280774,23609.13896451934,2352.531343487931,23513.085264002784,2374.533792455005,22912.56389207925,2384.745679089907,0.16340220245925602,0.0032770348673093626,0.16636240814070863,0.003514181887091428,0.17026142470994432,0.0038083227502494267,0.1770588054148994,0.00373786283253685,9957.0537124529,10023.14074651582,1963.9133375957942,85.33301630020274,6.032706093189964,9931.341520432796,10023.646198816532,1957.6945593266128,85.4342101869691,23719.42661739813,2405.7072113453855,23619.950665413184,2351.544225762824,23525.261114854915,2390.5731769290596,22864.760450157573,2396.3985053975393,5.939516129032258,,,,,,,,,,,,,1.8304435458064516,6.043548387096774,-1.6838709677419355,-2.038369342032258,2.2233737412903225,-5.840404330645161,-3.8971774783870967,68.48357274193548,87.11473425806452,44.53903332258065,0.40645161290322573,0.15806451690322582,0.17387096709677421,14.596064851612903,26.233547645161288,9.127096774193548,9.127096774193548,50.98521504193549,1.1652623070967743,1030.0716196774194,0.0,16.16955651612903,2020-12-01
2021-01,115.88009848509012,21087.63701716195,21.45,4.154569892473118,3.193548387096774,1.0,22968.629177878236,2228.918651601802,22749.66938691198,2227.92595267582,22975.34403369212,2248.888583915856,23445.581096516606,2403.593835544345,0.1720457385707481,0.004584945448117629,0.16923981232746857,0.0036553123646687743,0.16652531203485738,0.0028473564197919214,0.16256556530935357,0.003338924590019728,9658.332955127351,9472.100794736669,1882.6694392965937,74.41574218332212,5.601926523297491,9636.52725389785,9447.09155965188,1881.8236852042996,73.86791301379033,22936.160804638144,2231.929396920041,22683.802944943225,2233.125496909033,22959.329904675673,2266.131488232724,23445.171259779545,2408.224111217492,5.499327956989247,,,,,,,,,,,,,1.3332661338709675,6.577419354838709,-3.364516129032258,-2.8751109412903224,2.425097462419355,-7.737703573548386,-5.432594084193548,64.88693683870967,83.19694329032258,44.710009451612905,0.34516129032258064,0.34516129032258064,0.0,16.905745983870965,30.309676870967742,10.241612903225807,10.241612903225807,42.48521518283871,1.382777713548387,1026.5591441935485,0.0,16.666733870967743,2021-01-01
2021-02,116.37927211326783,21060.873581349206,22.5,5.188988095238095,3.0,2.0,22060.887851787782,2050.1344521433534,22280.559392377818,2080.5450793585214,22627.30054561069,2143.670388081944,23195.874011379095,2237.1583161073336,0.1804872004076252,0.004719493161330004,0.1794859546141095,0.00438880389383354,0.17817717537773167,0.004825609454264343,0.17375048382486039,0.004810259553546769,9830.960014880953,9351.429456845237,1810.9826860119047,67.50151537698413,6.6803075396825395,9858.127209821429,9376.518787202382,1823.7345386904763,67.29449404761905,22061.539483914683,2053.107500829364,22358.54963206944,2086.6688332867475,22623.45551554482,2147.923180157198,23154.127475729456,2238.0806583718454,6.5997023809523805,,,,,,,,,,,,,7.318824403571428,12.385714285714286,2.7178571428571425,3.4907482543928574,8.543777718928572,-1.4467534885714286,1.326488009642857,68.20802660714286,87.81720575,47.35683564285714,1.3535714107142858,1.3535714107142858,0.0,20.187756625,36.102856499999994,12.223928571428571,12.223928571428571,48.53422641071428,2.0823759285714285,1022.5258960714285,0.0,10.681175675,2021-02-01
2021-03,126.97640837861597,21275.15344982079,22.040000000000003,5.211021505376344,2.806451612903226,3.0,22270.733245626852,2053.26901051139,22286.112645081746,2069.20538739955,22414.355470710125,2085.870288420334,22088.487767449213,2075.68895057534,0.17571009576121208,0.004162693576870038,0.1760168413301765,0.004713878577989141,0.17676168818904897,0.0043382742138499495,0.17925245827961064,0.0046341614595278155,9756.409917114695,9668.732956989248,1793.1068682795697,56.90121639784947,6.684139784946237,9750.864475806453,9621.142956989248,1774.6366935483873,57.572741935483876,22258.95215971735,2061.592492352339,22290.43236889074,2067.5853279529206,22367.65057263665,2084.2630898151992,22052.94000551274,2063.932090056327,6.704301075268817,,,,,,,,,,,,,10.338709851612904,14.641935483870967,6.508064516129032,7.389239221935484,11.747366151612903,3.0926220053548388,4.348790258387097,68.73351448387096,86.29707125806452,48.144415483870965,1.1774193064516127,1.1774193064516127,0.0,18.386586796774193,33.36387054838709,14.364193548387098,14.364193548387098,62.15322525806452,2.560313861290323,1020.4578125806452,0.0,7.661290097741935,2021-03-01
2021-04,126.02380350480605,21738.279208333333,23.37,5.738888888888889,3.033333333333333,4.0,22264.123361400463,2071.341748373735,22167.964064163774,2055.9046628433543,21876.39349163291,2037.6363181584957,22276.999684346483,2049.6109570353574,0.18622018613730626,0.004927815167881757,0.1825768065958371,0.004397443310212914,0.17881563121641303,0.004815857022596183,0.17542733650135356,0.003771700094496898,10034.500260995372,9839.359996527779,1820.87284375,43.54788657407407,7.176851851851851,10013.084458333333,9794.423645833334,1803.8578541666668,43.13784027777778,22249.767145833335,2060.225005814809,22136.527758969907,2046.7281054749733,21913.731563368056,2031.9715204730235,22341.91970978009,2058.766447252941,7.118055555555555,,,,,,,,,,,,,14.427361266666667,18.591666666666665,10.616666666666667,12.497874366666668,16.851789266666668,8.357230953333334,8.335972187666666,69.73366663333333,89.26345353333333,50.47959653333333,1.919999985,1.919999985,0.0,19.190383266666668,35.51999886666667,14.534666666666665,14.534666666666665,66.41666656666666,2.8748743446666665,1018.0436216666666,0.0,3.5726388952333332,2021-04-01
2021-05,106.66626571177245,21917.384155745967,22.74,4.60752688172043,3.064516129032258,5.0,23434.9235426584,2453.899795465351,23224.097225605772,2423.971723272573,22982.71163173443,2334.7261414049826,22280.489466297513,2062.724810730189,0.18219995063565894,0.0034695716851284603,0.1845354459091029,0.00373992644012165,0.1867120336104953,0.004050526595887342,0.1855632678623384,0.004794884996379957,10389.824882112454,9684.293749439963,1792.754612455197,50.509392921146954,5.997647849462366,10265.756848118279,9637.070793010753,1805.0516733870968,49.98801075268817,23510.263356014784,2415.4009090965037,23099.04872871864,2383.8165213995517,23030.044134464606,2308.7549074429508,22381.260946180555,2074.8514478428206,5.918010752688172,,,,,,,,,,,,,20.766330741935484,25.14032258064516,16.679032258064513,20.772028258064516,25.787197580645163,15.809298693548387,14.753763516129032,70.4720813548387,87.67126129032258,52.31252287096774,1.554838793548387,1.554838793548387,0.0,20.184911451612905,36.23225738709677,19.09774193548387,19.09774193548387,60.407257803225804,4.168122245161291,1008.3927377419354,3.0438171351612904,0.27748642903225806,2021-05-01
2021-06,128.6249166910769,25123.732967881944,23.13,3.7,2.9,6.0,27710.277948495368,3791.694501677378,26765.3698901548,3530.3109662203738,24973.292949508104,2977.659905073858,23617.1911135706,2567.690206216194,0.1845206038783327,0.0044270577187439245,0.18274750100067386,0.004456662724089992,0.17939896483746504,0.003889801415870807,0.18288818050499114,0.0031242968177783,11789.536815104166,11275.765151909723,1993.7785850694445,64.65063802083334,5.207378472222222,11765.465805555556,11205.450333333334,1968.069402777778,64.92127777777777,27722.613260416667,3794.231755416779,26544.902673900462,3477.331661589193,24912.066313368054,2910.483436968221,23709.126904224533,2532.73243958728,5.249305555555555,,,,,,,,,,,,,26.221806066666666,30.461666666666666,22.516666666666666,29.06726593333333,33.7171262,25.070320166666665,20.628819533333335,73.10552196666666,89.60398766666667,53.77380443333333,4.1500002,4.1500002,0.0,17.067769766666668,31.259999533333332,18.893666666666665,18.893666666666665,60.459722572266664,4.5038888366666665,1004.8018063333333,8.22180607,0.0,2021-06-01
2021-07,116.33080623004666,26712.390961861558,22.49,4.352150537634408,3.096774193548387,7.0,30862.17386086376,4713.292424684693,30473.638528085798,4605.757107873464,29853.928542751735,4394.66383040258,27835.012987137845,3873.3096837512753,0.17987770614813492,0.003447526180699001,0.1831702653785027,0.0033373658872937737,0.18684417479075768,0.0037183509829723247,0.18567987001609046,0.004465157223023563,12174.69590809812,12289.086800515233,2174.9983898969535,73.61001736111112,5.798835125448028,12192.176565860216,12320.040268817205,2176.5318817204297,73.52317876344085,30837.095175291215,4733.858515365224,30507.938221326167,4612.5682701551705,29861.25600666443,4403.437823211505,27770.066482694892,3832.970138882986,5.752688172043011,,,,,,,,,,,,,27.119690645161292,30.059677419354838,24.741935483870968,30.950819322580646,34.35707370967742,27.856396483870967,23.928158870967742,83.47644235483871,94.0199544516129,69.96382625806453,16.351612711290322,16.351612711290322,0.0,22.541335935483872,42.212902322580646,15.294193548387097,15.294193548387097,74.45564525806452,3.586081877419355,1003.5345480645161,9.11969066451613,0.0,2021-07-01
2021-08,126.02413032615745,26267.49787998432,23.39,4.120967741935484,2.935483870967742,8.0,30199.74426309784,4775.033842618907,30274.04549120977,4653.257831377231,31346.159254125596,5081.823818724717,30716.18940562696,4740.998262431206,0.18641798314834182,0.004346729316312611,0.18560834421024103,0.004032388642785317,0.18594324227328465,0.0031679704552956926,0.18103303459082612,0.003433847082026551,11892.089327676971,12023.121334005376,2285.726671987007,66.5596754592294,5.583221326164875,11896.537291666666,12050.380974462367,2288.862909946237,66.34879704301075,30148.676316084227,4776.01557142783,30324.39313032034,4620.495083383699,31335.064648577507,5074.5234096296035,30744.99850694444,4723.791384172138,5.495295698924731,,,,,,,,,,,,,26.293750677419354,29.177419354838708,23.785483870967738,30.5870695483871,33.90182203225806,27.486769741935486,23.115255741935485,83.44617825806452,94.8691718064516,68.24129258064517,4.0774193574193545,4.0774193574193545,0.0,14.842198270967742,28.416773612903224,16.184193548387096,16.184193548387096,63.35080651612903,3.468785109677419,1007.1901870967743,8.293750661290323,0.0,2021-08-01
2021-09,131.27086771843386,25240.424560763888,23.49,4.481944444444445,2.966666666666667,9.0,28059.249077184606,4197.349362018916,29089.23864207176,4735.404351810488,29286.20940096933,4609.248584281605,30148.78329087095,4675.232302015061,0.1882038881827141,0.0058581874333471055,0.19059147747955998,0.005902953489919665,0.18951971412856114,0.00576279557568194,0.18597400668132105,0.004046244443947371,11253.191822916668,11713.099223958334,2218.9094322916667,55.22422743055555,5.9359375,11275.054777777777,11701.377013888889,2218.29525,55.50470833333334,28153.76494704861,4222.513168399646,29157.868570891205,4769.181932714664,29365.941291377312,4621.116424561278,30219.48750173611,4731.678102784468,5.844444444444445,,,,,,,,,,,,,24.07055473333333,27.355,21.028333333333332,26.57686903333333,30.1437894,22.872995666666668,20.548958266666666,81.5625124,94.55384286666667,65.09647403333334,4.963333273333333,4.963333273333333,0.0,17.832732266666667,32.60399866666667,15.727666666666666,15.727666666666666,55.180555536666674,3.3385511366666667,1011.598478,6.070554753333334,0.0,2021-09-01
2021-10,121.99339522419876,22101.541211077507,22.02,3.602150537634409,3.193548387096774,10.0,23825.483445247162,2372.1626650425637,24052.44509667619,2487.2589305398733,25202.843413150105,3020.1901572295146,28081.484966899545,4289.667382280213,0.17626683250417305,0.004161668480396631,0.1750296261256345,0.003992592333723249,0.1775968308386379,0.004043315290642592,0.1889640810562381,0.006148976823604189,10073.734543570788,10002.614735103047,1976.334374439964,48.85832969310036,5.079525089605735,10071.167009408602,9996.852043010753,1974.9129704301076,49.13271505376344,23880.959746023746,2392.273581854077,24157.52749467966,2506.1058004384827,25242.231321964606,3009.9713769037917,28159.43619595654,4319.489096574283,4.946236559139785,,,,,,,,,,,,,17.026075161290322,20.72258064516129,13.899999999999999,16.458395564516128,20.541240677419356,12.565480912903226,12.512499696774192,76.00127774193548,90.16390858064516,57.428938483870965,2.0580645,2.0580645,0.0,16.91181962903226,30.263225193548386,11.131612903225806,11.131612903225806,60.04838718387097,2.3191085967741936,1022.1582083870968,1.5977820612903226,2.5717069180645162,2021-10-01
2021-11,132.50362635760467,21651.406749131947,23.87,5.358333333333333,2.8333333333333335,11.0,23139.095157609954,2276.632361129343,23504.45029235388,2316.480775894859,23435.65381704861,2265.470010997797,23560.957052300346,2213.485125885983,0.19031367574716515,0.0041258510726488885,0.1880459724570966,0.004155455295789849,0.18499273430255264,0.005023498912329105,0.17484364012985662,0.003905537232102593,9826.574625868056,9953.913043402777,1816.8562760416667,54.06265798611111,6.818315972222222,9824.087430555555,9941.34904861111,1821.450013888889,53.809083333333334,23179.364306018517,2277.4860989033846,23468.173883078704,2295.656090662336,23461.873576041668,2246.9337020812145,23652.731828125,2268.056753201511,6.722916666666666,,,,,,,,,,,,,10.156805443333333,15.34,6.261666666666667,7.526969267666667,12.64873855,3.4524176326666667,5.1897916217999995,73.65564063333333,92.42486576666667,49.10221916666667,1.2933334733333335,1.29000014,0.0023333333333333335,17.589700233333335,31.3319991,10.333333333333334,10.333333333333334,38.82916693226666,1.776264427,1022.3373896666667,0.0,7.843194506666666,2021-11-01
2021-12,121.33651838333677,23406.71086889561,23.38,4.456989247311828,3.0,12.0,24812.252474215016,2288.1555331784634,24420.42936341426,2303.162467765971,23956.64329397915,2285.9737827879558,23225.772790541927,2292.473119144492,0.1877364151611197,0.004504838487483568,0.1885935108467221,0.00414311051803885,0.18910574182425666,0.004423889407021683,0.19167316620973457,0.004496068554862562,10804.709635976702,10462.629128864248,2061.019904513889,78.3524815188172,5.865703405017921,10813.659744623656,10497.89313172043,2054.205961021505,78.06926747311827,24805.81533266129,2295.806032751118,24408.52711077509,2302.636789030073,23925.20701108871,2275.3304771001135,23190.82708624552,2253.708295160636,5.934139784946237,,,,,,,,,,,,,4.204569695483872,9.364516129032259,0.08709677419354842,0.39639164045161296,5.462572981935484,-3.9427431967741935,-2.2391128477419353,65.8475539032258,85.75466487096774,42.18342506451613,0.1806451693548387,0.17419355645161289,0.004516129032258065,16.24657170967742,27.987096322580644,9.473870967741936,9.473870967741936,35.22177414516129,1.4401236232258066,1028.4607558064515,0.0,13.795430161290323,2021-12-01
2022-01,129.21702853637188,22448.875625,23.070000000000004,4.446236559139785,3.064516129032258,1.0,23315.38033599817,2165.6816428707552,23617.66496345766,2208.467032550508,23978.761315687538,2157.507896491459,24727.03512579805,2295.1686678815877,0.18384919247207668,0.005554779187220752,0.18251169680552534,0.004659599517876229,0.1827476977855161,0.0038062764214365267,0.1853986221290402,0.00410408018588024,10300.343630712365,10076.96848062276,1982.3644371639782,89.20022233422938,5.919690860215053,10274.89182123656,10037.749005376345,1971.3957056451613,88.74478494623655,23332.053884128585,2159.591874445575,23566.779550011197,2200.8251452761824,24030.09935203853,2154.2122247063485,24774.150341621862,2295.390299337649,5.924059139784947,,,,,,,,,,,,,2.070631676451613,6.085483870967742,-1.403225806451613,-1.8430812150967741,2.2804778338709673,-5.546639948387098,-2.318212300645161,74.48913629032258,90.92297677419354,54.19333338709677,0.7548386806451612,0.6903225838709678,0.04516129032258064,15.42552964516129,27.464515580645163,8.500322580645161,8.500322580645161,63.79032240322581,1.0984833203225806,1027.806441935484,0.0,15.929368387096774,2022-01-01
2022-02,131.53431690330623,21316.023754960315,25.34,5.535714285714286,3.0,2.0,22646.42177476025,2244.6772960258195,22801.287531725364,2174.5573987605126,22932.150823722717,2145.87091635754,23459.970630166998,2116.2242603692634,0.20262870882771675,0.004677369026747928,0.1974568900171052,0.004631928304182435,0.19180501334396993,0.005237086183592194,0.18403054325705887,0.005362032681499938,9677.107321428572,9705.814315476191,1861.3778199404762,71.72321180555556,7.022321428571429,9706.278162202381,9740.827098214286,1882.8080357142858,72.26605654761904,22742.838434089783,2246.1908315995756,22867.594077380953,2156.229864044108,23028.141398499505,2159.513915122904,23454.592451946923,2129.9963482570683,6.973958333333334,,,,,,,,,,,,,3.384077368428571,7.6625000000000005,-0.7428571428571429,-0.5234440980357143,3.721053562142857,-4.897891482142858,-3.056398852142857,65.61129025,87.30015535714286,41.59921321428572,0.203571425,0.07500000357142857,0.09000000357142857,15.540738892857144,28.118570642857144,11.699285714285713,11.699285714285713,65.99553603571428,1.6747267228571427,1028.6574267857143,0.0,14.615922642857143,2022-02-01
2022-03,147.209894451895,21213.520981182795,26.37,7.192204301075268,2.903225806451613,3.0,22170.554867278606,2194.8596085895215,22458.97227040864,2279.0254634031594,22466.257186352534,2283.8598064332737,22847.25253243541,2236.222795926723,0.2105332552308221,0.006127415154851811,0.21086323273626137,0.006143861221417213,0.20700300876302205,0.006156912527513792,0.20350727887733458,0.0043217633279530685,9661.822092293905,9723.856518817203,1771.4155387544802,56.42659890232975,8.65524193548387,9659.520940860215,9712.111122311828,1756.5520497311827,56.75432123655914,22170.115761539175,2205.637880219185,22492.939913498813,2281.8651744525223,22484.576949533464,2283.2477629959676,22872.982689572134,2243.811041792688,8.62231182795699,,,,,,,,,,,,,11.152621287096775,16.47741935483871,6.606451612903226,8.232697108387097,13.779220596774193,3.0374832861290324,4.692338771064517,67.68916770967742,87.48815525806452,45.09688238709677,4.032258274193548,4.022580856129032,0.006774193870967742,21.00557493548387,37.73032170967742,15.046774193548387,15.046774193548387,61.80645138709678,2.7139189967741935,1018.191395483871,0.0,6.847378638709677,2022-03-01
2022-04,121.48136371828245,20898.89239380787,23.280000000000005,4.131944444444445,3.1,4.0,22226.479765576776,2232.063468965758,21922.03355380739,2201.7094993135406,22408.270155092592,2220.1605351244516,22124.486443190588,2172.6667968431343,0.18775381157171409,0.004931155477538159,0.19184206197007628,0.0042240063484212656,0.2000149694878609,0.004268921311340198,0.21077117829848824,0.006184084579154949,9465.206018518518,9578.388805266204,1808.107386863426,47.1884525462963,5.546296296296296,9484.007583333332,9584.479506944444,1817.60725,47.273631944444446,22254.211224247687,2226.848127318742,21976.221642361113,2202.90520007775,22442.111788483795,2220.349177893141,22155.357348165762,2180.2127414002325,5.513888888888889,,,,,,,,,,,,,16.665069733333333,21.738333333333333,12.128333333333334,15.110200133333334,20.702871983333335,10.198967470000001,9.356041389333335,64.57195396666667,85.7959381,43.847338799999996,0.7533333300000001,0.7533333300000001,0.0,18.606326066666668,32.9519994,18.401666666666664,18.401666666666664,58.06944456666667,3.841823506666666,1016.2782056666667,1.1106945781333333,2.4456247146666663,2022-04-01
2022-05,146.87404171114602,22505.42721282867,27.209999999999997,4.092741935483871,2.935483870967742,5.0,23392.80704605881,2480.1947665846064,23243.99879858024,2483.0148291431915,22298.477249159354,2314.3970375900835,21988.250089335448,2292.0975858190654,0.21602902701796522,0.004829122372383667,0.21151073067592602,0.004796579837893159,0.20012236533653405,0.0046210184609690765,0.18557695963671464,0.005133275854389572,10517.339271730325,10073.51642979875,1865.75257347222,48.81906152666498,5.540546594982079,10476.09965181719,10009.325730897177,1859.56996319489,48.70295001633064,23361.98025622765,2457.363903475988,23163.833937691365,2458.6807691782337,22246.370714766086,2304.0270876058835,22106.288489895553,2275.8822260127536,5.431451612903226,,,,,,,,,,,,,20.84529564516129,25.862903225806452,16.47258064516129,20.285786645161288,25.854376,15.692014064516128,12.677419516129032,61.9813325483871,83.67705367741935,41.00850622580646,0.19032259032258064,0.19032259032258064,0.0,18.65168935483871,32.01677348387096,20.88064516129032,20.88064516129032,50.627687929032255,4.7283722,1011.8620974193549,3.2523521332258065,0.40705640903225804,2022-05-01
2022-06,151.91787424637064,25244.552562210647,28.16,4.365277777777778,2.966666666666667,6.0,28066.846273231848,3888.621028004406,26611.988835009666,3346.1996646452467,25857.609712269692,3053.2055313679793,23700.433106285,2530.8525502970615,0.2247560777617163,0.0062191782867675694,0.22207640518481597,0.006222123773292201,0.22498438666349857,0.006650532859065807,0.21948280607210105,0.0043903015279160035,11689.007280381944,11452.431902777778,2044.1198506944445,58.99372945601852,5.801822916666667,11667.043041666668,11432.94351388889,2042.8993194444445,58.093784722222225,27989.91829628339,3921.8923533526654,26612.33297596043,3316.8029408898287,25801.06025044258,3076.987896835682,23596.581554555483,2545.263451726326,5.786111111111111,,,,,,,,,,,,,27.6111807,32.38666666666667,23.398333333333333,30.25794653333333,35.12549693333334,26.165481633333336,20.428333533333333,67.55998373333334,87.76126646666667,45.85408986666666,4.736666513333334,4.736666513333334,0.0,19.663405599999997,35.44799926666666,20.139333333333333,20.139333333333333,50.25555521666667,5.2001707433333335,1003.1916656666667,9.611180593333334,0.0,2022-06-01
2022-07,145.29410943336265,26497.70150201613,26.179999999999996,4.194892473118279,3.193548387096774,7.0,29712.04284726889,4141.645088451336,29595.509186874628,4296.4787444877475,28962.135411159645,4183.174959276329,28154.808205785168,3908.4086359561966,0.21005631535330818,0.004716911186912362,0.2112159782943621,0.0048171476117248565,0.21274779206981162,0.0043463105720014895,0.22458017856155643,0.00633615411516834,12014.040428987455,12218.02122311828,2195.3277721774193,70.3134296594982,5.621415770609319,11979.509536290321,12176.696740591397,2186.7405510752687,70.01540994623656,29707.452978830646,4106.259607794628,29599.62902889785,4281.112336230684,28879.383788642474,4107.791180036053,28124.20419410842,3901.944051009265,5.592741935483871,,,,,,,,,,,,,27.976949,31.137096774193548,25.25,33.21293703225806,36.89792970967742,29.97872541935484,24.568279838709678,82.65502535483871,94.90676648387097,67.11300622580646,6.474193661290322,6.474193661290322,0.0,16.292682822580645,30.820644516129033,18.293225806451613,18.293225806451613,64.99462332258065,4.012296732258064,1003.3928712903225,9.976948983870967,0.0,2022-07-01
2022-08,142.95535311064478,28319.82340837814,26.49,4.930107526881721,2.806451612903226,8.0,32031.005717405915,5063.073872809219,31963.9243182497,4920.952179010195,31653.148240927418,4843.502222855321,29974.730476217144,4264.3540916406955,0.21076324174474412,0.006518918483358765,0.2136673252619611,0.0054539506644509,0.21689224569133495,0.005718401540383699,0.21139160649543276,0.005083163391327062,12150.706730510752,13557.711774193549,2536.3250403225807,75.08095654121864,6.382616487455198,12148.68129704301,13501.308508064516,2531.2425806451615,74.88618951612904,32065.883795922942,5044.232656400638,31892.16750448029,4898.556364307548,31659.746029905913,4824.961437088745,29895.248971214158,4232.766168629496,6.231854838709677,,,,,,,,,,,,,28.35463693548387,31.59193548387097,25.379032258064516,33.43950803225807,37.12014403225807,29.630174096774194,24.160282129032257,78.87119848387097,90.58156587096774,62.98691106451613,4.8999998016129025,4.8999998016129025,0.0,16.37554229032258,29.624515548387095,19.06,19.06,70.29838722580645,4.390995324516129,1006.3916751612902,10.35463695483871,0.0,2022-08-01
2022-09,126.09470246290421,27569.49963107639,25.959999999999997,4.298611111111112,3.033333333333333,9.0,30835.363519253955,4312.163304086703,31364.348397593556,4447.641934014898,32862.487966676315,4915.303021600793,32141.97535344329,5149.033710143337,0.20803180170353042,0.0063561398422009,0.21141333365500667,0.006753102150176189,0.22020906565100964,0.006836434269921214,0.2111104112539023,0.005678919734076344,11814.377662037037,13103.985069444443,2591.535060185185,59.60210561342593,5.682986111111111,11871.659791666667,13268.332625000001,2602.9971597222225,59.98246527777778,30940.89739322917,4384.360753147505,31524.149131076392,4489.152397113082,33020.41471585648,4935.136940635376,32131.558568287037,5194.7465004351,5.664583333333334,,,,,,,,,,,,,22.449652366666665,26.183333333333334,19.05,23.904014266666664,27.776605633333336,19.93875256666667,17.506319299999998,75.20053200000001,91.76638039999999,54.97630386666666,1.0900000033333332,1.0900000033333332,0.0,16.428730316666666,28.643999283333333,17.083000000000002,17.083000000000002,53.76527773333333,3.599729283333333,1013.4194846666667,4.450138412333333,0.000486056,2022-09-01
2022-10,134.86553159711337,23880.578557347668,25.76,5.149193548387097,3.064516129032258,10.0,25087.50034154019,2604.863707249228,26270.86510452836,3151.4031677541907,26540.1921109501,3269.622795143906,30303.414933274064,4128.817050440867,0.2057776221811383,0.006278598799085289,0.20376689303097914,0.005613307395459053,0.19707170760986156,0.006541562582657824,0.20565604133542303,0.005994882389819096,10532.578802643367,11111.412069052418,2187.400344982079,49.22754004256272,6.653113799283154,10514.225248655914,11072.257701612903,2189.2188172043006,49.41875672043011,25082.380308019714,2588.5671458047486,26318.832384632617,3196.1072114037634,26485.647917226703,3255.890989324877,30510.49833809364,4194.765224561409,6.603494623655914,,,,,,,,,,,,,15.761693370967743,19.940322580645162,11.97258064516129,14.549375806451613,18.637532903225807,10.29493393548387,10.270429951612904,71.9322024516129,91.71209480645162,48.91904229032258,2.8032256064516132,2.8032256064516132,0.0,16.907790322580645,30.135483032258065,13.323225806451612,13.323225806451612,43.959677654838714,2.625288764516129,1023.6166738709678,0.8053090483870968,3.0436157122580645,2022-10-01
2022-11,132.92148996942294,22426.660077546298,25.52,4.726388888888889,2.9,11.0,23307.360821274113,1938.5536937189468,23434.489061219618,1895.0073856886208,23868.54151416522,2075.739135036439,25148.976874035492,2589.955003678041,0.20396753764138106,0.0030977520054658028,0.20491962757887677,0.0034608446573435934,0.20557476352582416,0.0038910575712328057,0.20630403218321114,0.005953989084746689,10091.395003761574,10314.700076967592,1946.611197048611,73.95987760416666,6.175954861111111,10075.675340277778,10322.85276388889,1950.550951388889,73.69690277777778,23326.148713680555,1937.3667078600695,23456.912811400463,1902.247415181026,23929.783573622684,2098.992814281515,25144.841510995368,2591.387711946984,6.0680555555555555,,,,,,,,,,,,,12.435694416666667,16.355,9.129999999999999,10.579480193333334,14.632715303333333,6.9376624866666665,8.185555676666667,77.28998870000001,93.27360253333333,57.316464133333334,1.7266665866666666,1.7266665866666666,0.0,16.990181749999998,30.07199908333333,8.689,8.689,64.67222197666666,1.6356324256666668,1022.0872253333333,0.03361110666666667,5.59791668,2022-11-01
2022-12,145.74676349631676,23126.746804435483,26.040000000000003,3.303763440860215,3.096774193548387,12.0,24532.284477626567,1957.0890664242538,24444.049148220485,1977.1196579344953,24129.215135937036,1962.1518465423476,23366.378708726294,1977.9892738786193,0.20885830110569087,0.0041730691001593346,0.2096108660152437,0.004420166738893764,0.20853237987608453,0.00409134584225435,0.20479731861538017,0.0034039121426127535,10574.726486895162,10371.126442092294,2100.39561155914,80.50892165098566,4.75548835125448,10588.389556451611,10393.836505376343,2106.387056451613,81.14136424731183,24573.097819780465,1976.7998709528413,24371.689562612006,1966.6941247705936,24078.9051453293,1930.5615966418643,23315.803742865144,1961.4369852812636,4.764112903225806,,,,,,,,,,,,,1.3301075124193549,5.483870967741935,-2.167741935483871,-2.8220071093548387,1.212243734516129,-6.449180748387097,-5.5854835354838706,62.9873590967742,82.69748538709676,40.88840625806452,0.12258064516129033,0.1032258064516129,0.013548387096774193,15.65156812903226,26.94193501612903,8.90967741935484,8.90967741935484,46.65456988064516,1.224035341935484,1029.2314548387096,0.0,16.669892548387097,2022-12-01
2023-01,138.74619089673607,22998.416669832175,26.47,4.276881720430108,2.935483870967742,1.0,24017.802774824086,2038.5494136888851,24061.405384156176,2073.5258300610167,24093.07945023838,1991.589143492862,24281.54101303514,1952.1355860521653,0.21159382186842937,0.004967703404497195,0.20802810951470468,0.00455313948724281,0.20547173783568487,0.004022052799505083,0.20734389301402353,0.004061681923532968,10592.617165669788,10220.047339632672,2100.839311968188,84.96568760174753,5.675851254480286,10563.350981169342,10192.529847324597,2114.7667766008044,85.97728967657925,23977.13208008509,2024.8073010094174,23998.782654447514,2068.0599806749883,24045.292992172526,1975.3998928771803,24379.331145264023,1947.6523469123845,5.580645161290323,,,,,,,,,,,,,1.562500013419355,6.945161290322581,-2.864516129032258,-2.5905259125161293,2.8605464464516124,-7.23864095483871,-4.729570018709677,66.35171309677419,84.2730315483871,45.25388038709678,1.058064516129032,0.9161290322580646,0.09935483870967741,17.293327967741934,30.13548335483871,10.441612903225806,10.441612903225806,38.651881570967745,1.3626976596774194,1027.2701629032258,0.0,16.437499967741935,2023-01-01
2023-02,135.4514298196831,22510.158264856953,27.25,5.388392857142857,3.0,2.0,23402.143473933655,2050.5564236887794,23105.193480641417,2000.2008781937475,23404.832196408042,1962.257684483362,23953.486123939412,2001.247798207846,0.21706321876689091,0.00563506581300999,0.2115436040292989,0.004691621325268287,0.21286948415269863,0.00461401128103734,0.21134459987247625,0.004803002925051559,10281.625168252716,10187.007352419634,1961.119912314854,80.40583190866812,6.878968253968254,10243.621568462782,10135.974556741063,1962.7476838199377,80.3120344777232,23364.174011009418,2048.2593665441577,23131.630977672787,1998.0399654642827,23455.899951999254,1965.5376256690313,24030.50212708482,2023.2383148555543,6.845982142857143,,,,,,,,,,,,,3.9274555017857145,8.116071428571429,0.11785714285714284,0.21052358757142858,4.613113496071429,-3.839764996785714,-0.9197917110714285,73.20915796428572,91.49462589285714,52.14258292857143,1.0749999642857142,1.0428571214285713,0.02250000107142857,16.650559910714286,29.15999925,11.052857142857144,11.052857142857144,63.49851207142857,1.5118795828571427,1028.083055,0.0,14.07254457142857,2023-02-01
2023-03,170.08828459933775,22759.9063283541,30.39,7.486559139784946,3.0,3.0,23339.10892528679,2065.06628215141,23607.09878788279,2004.7327249024877,23607.74524719487,2018.0048402887064,23469.994054981307,2056.117271358914,0.24375420522115393,0.006731846988998536,0.2420573944986599,0.005777299772694168,0.2336397288088153,0.006023033779070287,0.21882799739514555,0.00505678269551761,10267.649401261422,10479.173113770721,1943.5104399534036,69.57326854759577,8.941756272401435,10265.645542683465,10519.779675471775,1949.2500981532246,70.33876981873655,23382.92598258068,2061.4852946773317,23619.835961150016,1993.4954771987132,23630.836374668183,2026.020979736929,23505.482975265935,2046.5821836984503,9.025537634408602,,,,,,,,,,,,,11.802889532258064,17.387096774193548,6.854838709677419,8.85299315032258,14.46600629032258,3.662806552512903,3.9616935251612904,61.949565806451616,85.43087087096774,36.538241322580646,0.9129032193548388,0.8967742193548387,0.011290322580645159,18.63656305483871,33.15483793548387,15.980645161290322,15.980645161290322,54.16397863548387,3.1090174999999998,1020.4228506451614,0.021102105483870967,6.218212526451613,2023-03-01
2023-04,155.36886377370143,21304.208778933687,29.7,3.648611111111111,3.1666666666666665,4.0,22081.58784329099,2243.37621979843,22086.294575988486,2271.346511063069,22341.18401811054,2257.345775082526,23229.79349129791,2056.8151473909948,0.23816585937997828,0.005046866655813023,0.23833576807045154,0.006140006023643569,0.23838070487848176,0.006192554969963499,0.24299645788864838,0.007028295175490279,9677.201481846894,9708.204175660909,1866.1024144799746,52.700640089030095,5.068518518518519,9691.405320123598,9676.489341591665,1865.8770472277758,51.68047961489583,22060.38875972734,2250.0271675935664,22098.782811481284,2275.055603383864,22339.99489593638,2222.0797601044555,23189.191987964852,2063.482098055888,5.032638888888889,,,,,,,,,,,,,15.67652795,20.323333333333334,11.483333333333333,13.56338545,18.701267700000002,8.477437486666666,9.006458208666666,67.04102573333333,85.28382806666667,47.62484563333333,2.586666666666667,2.586666666666667,0.0,22.920891666666666,39.803999100000006,16.686666666666667,16.686666666666667,55.26666677786667,3.592693812,1014.0386183333334,0.40805543666666666,2.7315274916666668,2023-04-01
2023-05,166.04866244185496,22624.94843246669,29.820000000000004,3.856182795698925,2.806451612903226,5.0,23262.184909110467,2026.9153507389697,23397.014552765995,2074.262462506327,22758.460910192985,2130.8390014682054,22249.418569930054,2205.5013098475997,0.23768056723605183,0.0038412224220244094,0.23830663160967822,0.0035805820809916246,0.23711747644556075,0.0037320378843727566,0.2382234848209829,0.004674864776581272,10443.857642834118,10206.41617034879,1914.3003156744792,60.356012706099904,5.326836917562725,10434.116840795697,10138.756306810483,1909.697835795699,60.096020084401886,23277.944276380975,2049.6508144941713,23312.921895653144,2139.329729971513,22737.999602318843,2125.2145392190855,22267.95543956055,2189.027364879611,5.190860215053763,,,,,,,,,,,,,20.986895225806453,25.269354838709674,17.15967741935484,21.130455467741935,25.847939741935484,16.79035193548387,14.744892225806451,69.78458751612904,87.90596906451613,51.23301329032258,3.719354835483871,3.719354835483871,0.0,18.24585898064516,32.45806364516129,18.406451612903226,18.406451612903226,68.90591408612903,4.067570961290323,1010.7492067741936,3.1340724522580645,0.1471772987096774,2023-05-01
2023-06,168.10965220826276,23374.77088483302,31.24,5.097222222222222,3.033333333333333,6.0,23997.92503539324,2256.1622315347877,23632.574825262895,2045.2915182648208,23720.503111407994,2026.7935595790448,23289.970694244563,2068.3609860998517,0.24901183874513866,0.004723427239060403,0.24746827106617209,0.004735716311595349,0.2468556354009431,0.004700150100088105,0.23894886076005423,0.003811357946564685,10616.614171762818,10719.027977031828,1979.2836570422453,59.84498581498148,6.537065972222222,10609.443478533332,10709.500702884026,1989.9942056284722,58.452488277250005,23977.497213045033,2221.138217566059,23692.495040424095,2025.0976819844325,23736.988555437834,2023.4622825182983,23272.47785193033,2066.1162441682773,6.504166666666666,,,,,,,,,,,,,25.579375233333334,29.875,21.801666666666666,27.846283333333336,32.4592676,23.840076933333332,19.435208316666667,71.2230106,89.0699814,51.663510733333325,2.5933333500000004,2.5933333500000004,0.0,16.89948105,30.455999333333335,18.360333333333333,18.360333333333333,64.00694448666667,4.422241426666667,1005.5550079999999,7.579375158666666,0.0,2023-06-01
2023-07,158.45099824484825,27219.326349791445,29.459999999999997,3.2620967741935485,3.064516129032258,7.0,30133.513797813495,4353.417906480427,28898.134838818973,3987.8347249916865,26551.35621058823,3294.10580204092,24446.126236621603,2419.9582902829025,0.23586743553183318,0.0040541112617775744,0.23575808162851988,0.003443164015036064,0.23768929611514017,0.003558777932627697,0.24950460201855026,0.004444892291327466,12129.008420806731,12730.445963099462,2273.4657447479,86.4063368818652,4.716509856630824,12169.3549834543,12708.709865948926,2269.233502833333,86.09426188518817,30135.753144891263,4346.236994929258,28680.607452245054,3940.7036645246076,26449.251708880245,3255.20243861616,24383.304005636142,2388.7580190838253,4.638440860215053,,,,,,,,,,,,,27.863843193548387,31.14516129032258,25.440322580645162,32.831574548387096,36.761931741935484,29.748192,24.773656161290322,83.94752603225805,93.98558416129032,69.40898206451614,8.045161391612902,8.045161391612902,0.0,18.683179,34.060644258064514,17.378387096774194,17.378387096774194,73.55645141935483,3.850902983870968,1004.0310396774194,9.863843229032259,0.0,2023-07-01
2023-08,171.69558983867446,27448.14477297905,29.97,4.997311827956989,2.903225806451613,8.0,30605.966625802448,4336.720802167227,30841.61675817999,4220.577013456084,31700.44481789463,4553.731653449414,30392.542437854827,4283.539476194208,0.2391632957045862,0.006056990795875084,0.2437653655567862,0.006040988020657842,0.246558370896046,0.0053928663202263225,0.2370941707671767,0.004304016513003994,12125.545855619175,12873.648397049732,2371.3533686687947,77.59720018778114,6.469870071684588,12147.913480648522,12831.60850000672,2359.8906218118277,77.21220623967741,30517.3020365752,4311.44696054185,30895.105312832762,4281.416587337628,31588.57699121878,4566.841066488985,30278.161715070364,4254.131095333471,6.244623655913979,,,,,,,,,,,,,27.314381967741937,30.669354838709676,24.299999999999997,31.78619293548387,35.59752593548387,28.17267758064516,23.191128967741935,79.27771087096775,94.15906925806452,61.800148645161286,3.9645162012903223,3.9645162012903223,0.0,15.643794158064516,29.020644548387093,20.199677419354842,20.199677419354842,44.0604835483871,4.379438587096774,1005.4591477419355,9.31438197419355,0.0,2023-08-01
2023-09,156.41343784954645,24733.78524390351,30.01,4.7625,3.1,9.0,26700.197656727683,2939.244691028357,27687.096509723455,3412.750879395471,28861.267318223443,3804.039816026828,30344.960118394738,4345.431281315151,0.2412748390678602,0.005954972664294693,0.24150484055221338,0.006048017512257686,0.24296728277138427,0.0063648173386780405,0.23895335146247967,0.005648541546189421,10730.863833827316,11652.273661204514,2285.442234093866,65.20530392722627,6.209201388888888,10789.2083744125,11745.313421023611,2289.8560370812497,66.05764227927777,26815.68913462648,2972.4083810855695,27774.89580042683,3424.1927842452865,29007.255357033566,3836.8233804490815,30389.997033456646,4348.37825660098,6.172222222222222,,,,,,,,,,,,,23.50715286666667,26.65666666666667,20.831666666666667,26.205078066666665,29.505970933333334,23.116411033333335,19.93999983333333,81.37237069999999,94.23069703333334,64.65442256666667,5.096666736666666,5.096666736666666,0.0,14.558609716666666,26.111999400000002,14.168333333333333,14.168333333333333,61.22222198,2.992870308333333,1013.194444,5.5071528800000005,0.0,2023-09-01
2023-10,170.861190730592,23079.466774951652,31.78,3.8938172043010755,2.935483870967742,10.0,25010.341911489573,2716.7332089236043,25452.06586985294,2785.47005607854,25311.09711590206,2728.3986622531424,26233.7546159724,2840.2253544778096,0.25330253492866367,0.005984897894199964,0.2490216028251699,0.005373160700988557,0.24126978252135914,0.004772586205773342,0.24029978517781023,0.0056437930289308675,10281.979968163392,10682.349227539622,2052.40314749832,62.73402337811604,5.325380824372759,10272.30768627957,10654.103587948253,2050.541054929435,62.272513786754025,24995.17342025196,2724.47523483829,25426.054327738795,2779.947708812869,25264.242642741236,2708.8421189597234,26294.30948352314,2858.521241831558,5.313844086021505,,,,,,,,,,,,,18.314113032258064,22.94516129032258,14.706451612903225,18.11031212903226,22.67426825806452,14.124070761290323,12.95732515483871,72.72942319354839,90.82237858064516,48.557245516129036,0.20000000483870967,0.20000000483870967,0.0,12.975965293548386,22.958709290322577,13.811290322580644,13.811290322580644,46.27284969354839,2.7610784290322576,1020.079310967742,0.9505376456774193,0.6364246208064516,2023-10-01
2023-11,163.24433484611586,22317.048164982614,29.540000000000003,3.7958333333333334,2.966666666666667,11.0,23517.359676439824,1998.9629889914409,23243.8523830734,1969.4241239123523,23977.45880363578,2201.0417677203377,25132.656725616904,2690.5847576307374,0.23686091388925132,0.0042498839940843195,0.23821280549908389,0.004596013726309343,0.24740787452436394,0.005498807729106141,0.2546958369025464,0.0058646429633417065,10012.800777559722,10279.09609110764,1950.0806224131945,75.0708419800868,5.2516493055555555,10017.805642335416,10315.80694228889,1957.28797225625,75.82881748695833,23503.606260652767,1996.6018071602853,23368.25950880087,1978.5456824906182,24057.385567126472,2228.3254373323866,25114.449021881355,2696.7234289513635,5.377083333333333,,,,,,,,,,,,,9.94145793,14.21,5.895,6.94311842,11.288414389999998,2.74876077848,3.918611009333333,68.4929358,87.59947353333334,47.84135619999999,1.51333337,1.51333337,0.0,18.917731866666667,32.84399956666667,10.287666666666667,10.287666666666667,40.18055574453333,1.9615370273333332,1024.0471009999999,0.22256927666666665,8.281111342666666,2023-11-01
2023-12,155.5308847634405,22356.623522912803,29.12,3.2083333333333335,3.193548387096774,12.0,24034.258481889312,1935.3078731954715,24160.933801419837,1954.9759655780947,23883.266695157883,1903.0572521533113,23604.50618954635,1992.79149550724,0.23312965614564465,0.005231510887095127,0.23522684034629987,0.004666684628855353,0.23539726723937382,0.004697346979300339,0.2361570604384518,0.004380900210384849,10228.591293146617,10044.616478287915,2000.0440321867438,83.3705352628937,4.652105734767025,10227.213567691531,10097.622125830645,2003.8249475840053,84.1376280965457,24136.828605741404,1946.4212814816763,24132.20604345173,1966.5054023089533,23938.303736392314,1915.1603640007538,23537.334093314796,1991.341711216162,4.854838709677419,,,,,,,,,,,,,2.6282257870967745,6.719354838709678,-0.8661290322580646,-1.4164137170967743,2.7948213922580645,-5.145990793548387,-3.068414006451613,69.288462,86.87176170967741,47.833970161290324,1.5935484306451615,1.5096774564516129,0.05870967838709678,17.099577741935484,30.263225096774196,8.329032258064515,8.329032258064515,44.5201612483871,1.2591689083870967,1027.8338858064517,0.0,15.371774206451613,2023-12-01
2024-01,165.826475328189,22763.74957093372,29.62,5.083333333333334,2.806451612903226,1.0,23604.443641118716,1846.2107986147012,23844.227274386005,1903.3821063730863,23903.13673479323,1907.1747345248732,23859.251448933213,1926.1972183551236,0.23597079942008053,0.006002599494284044,0.23620947629510203,0.005746345877672694,0.23234775381461875,0.004786508885778659,0.23289250240377907,0.005662927396686077,10389.721484342293,10208.446399614471,2076.413391781474,89.16948476712675,6.57437275985663,10419.870101919354,10246.886404109544,2088.2159092607526,90.47872809700941,23611.28947758997,1840.4818671062985,23857.021965680033,1902.2081262443014,23899.003155530827,1917.3305414915649,23891.10109995518,1938.506297469541,6.604838709677419,232.57142857142858,2747.0,15090.42857142857,2261.0,965.7142857142857,39.0,321.7142857142857,1151.142857142857,,,,,1.647715007419355,6.182258064516129,-2.109677419354839,-2.3944489241935485,2.3273061403225803,-6.4453154,-3.0575940026451613,73.73667722580645,89.48508796774193,53.30991783870967,0.6935484000000001,0.5387096838709676,0.10838709580645162,15.559499112903225,27.12774130645161,8.83548387096774,8.83548387096774,43.61827972129032,1.1282534148387098,1028.2244725806452,0.0,16.352284935483873,2024-01-01
2024-02,168.58960591549365,22336.754674130625,31.41,4.652298850574712,3.0,2.0,22904.45939920544,1872.211418577863,22986.440064177455,1842.1764924557847,23315.65174252337,1843.587074934332,23628.34111757995,1829.4678540046534,0.25075459229988545,0.005271240240351893,0.2493993675967386,0.005715834693383918,0.24662858153300912,0.00595012237792321,0.2357048457851622,0.005766009290940863,10019.945043210848,10171.942477914512,2060.777908622306,84.08975371680405,6.134698275862069,10017.87588965086,10147.41057863362,2062.490505828305,82.81847091804597,23005.881726802087,1863.5010384408927,23064.87576511072,1835.1596748535128,23379.888921453457,1840.5537646848084,23648.164462032488,1831.2883257262138,6.082614942528735,240.88095238095238,5041.833333333334,10891.92857142857,2259.261904761905,1846.2857142857142,43.714285714285715,772.8095238095239,1695.952380952381,,,,,2.608692384482759,6.718965517241379,-1.2551724137931033,-1.5349008203448278,2.666600068965517,-5.97920990675862,-1.9755746522068967,73.42964334482758,89.22887727586206,52.292039172413794,2.503448306896552,1.2551724206896553,0.8762069172413793,19.45685320689655,33.4179305862069,10.178275862068967,10.178275862068967,66.93821824137932,1.4347316468965516,1026.923152413793,0.0,15.391307406896551,2024-02-01
2024-03,186.8395470239944,20995.954622052046,32.46,5.471774193548387,3.193548387096774,3.0,21684.919654917936,1848.3119528483385,21737.042854323812,1886.0904661467473,22092.077121585706,1865.885347232612,23033.89435115705,1867.870017796817,0.26083922036114304,0.005616361657240061,0.2554659632875854,0.004837514469200592,0.25396119762002634,0.004633475164435334,0.2523632933008929,0.004867608259032331,9276.673961446826,9755.093458966398,1881.0222762994792,83.16271579071405,6.93380376344086,9392.603464752689,9783.369134725135,1866.3270993689516,84.69241930182123,21722.550168857266,1851.0001645023058,21762.28307539901,1893.643325388253,22136.86044035804,1865.3836202028237,23013.69306256891,1870.1402785326688,7.032258064516129,222.14285714285714,4117.928571428572,7026.928571428572,2267.6428571428573,774.8571428571429,70.0,2605.714285714286,2571.785714285714,,,,,9.778561669032259,14.667741935483871,5.567741935483871,6.7525976506451615,12.001720741935483,2.030992549677419,3.9775537606451614,69.70989425806452,88.90533696774193,46.93224874193548,1.2677418612903226,1.2677418612903226,0.0,19.1127825483871,32.72516012903226,14.706129032258064,14.706129032258064,55.98655918709678,2.530818524516129,1018.8983783870968,0.0,8.221438293548387,2024-03-01
2024-04,186.76646981563988,21715.96449919266,34.49,5.602777777777778,2.8333333333333335,4.0,21624.598386387377,1878.7244769777174,21753.638544653742,1814.1495970914411,21570.77571660952,1850.0066171682981,21637.366199018947,1821.3167863631618,0.27469578386902715,0.007200837443907104,0.27190393767956067,0.006779006806709844,0.2682432137678498,0.00680483650540415,0.25887584030947497,0.005459384803850457,9545.018542191205,10210.324750497279,1881.171538914786,79.44996464236256,7.06712962962963,9566.419688544443,10222.752739668056,1887.6179644215276,80.03554007120833,21683.076592788282,1858.4056717329527,21794.80046036858,1828.7790214739748,21615.04044873482,1844.4617141326255,21630.68766050906,1844.7206949021936,7.05625,153.69230769230768,5033.846153846154,7366.384615384615,1314.3076923076924,1142.4615384615386,45.0,2526.923076923077,3330.153846153846,,,,,17.133124966666667,21.83833333333333,13.021666666666667,16.380405733333333,21.528669100000002,11.781271086666667,11.719722383333334,72.58868003333333,91.3112615,49.265500100000004,1.0066666733333334,1.0066666733333334,0.0,16.21281773333333,28.667999466666668,17.267,17.267,69.65694473333333,3.370694116666667,1012.7889083333333,0.48979174266666664,1.3566669110666667,2024-04-01
2024-05,192.9272,0.0,34.55,16.561827956989244,3.0,5.0,22731.649445991654,1867.705162101968,22478.751672941537,1862.5418611286714,22252.49012777757,1864.5166333162833,21786.551533272865,1847.4012386099535,0.27667343025546126,0.0,0.2768066602141377,0.0014612225679232033,0.2751759740303848,0.0033592016984339635,0.27638259234124085,0.006707502073943657,10486.413370727263,10775.631550607526,1858.46789043358,74.39105050659386,17.981854838709676,10531.2128296875,10840.705501122311,1871.997361430242,76.12656191936829,22731.64944599165,1867.705162101968,22489.245475795044,1857.6428456696112,22246.272848646455,1873.114943938768,21734.553034606975,1856.6448917119526,18.258064516129032,182.01075268817203,3448.489247311828,7264.021505376344,1403.3333333333335,-1459.5376344086021,70.87096774193549,11323.2311827957,2981.6451612903224,,,,,21.8149195483871,26.96451612903226,17.106451612903225,21.939614580645163,27.385502258064516,16.785218096774194,14.112163870967741,64.59141177419355,86.91960312903225,41.08914293548387,0.9709677516129033,0.9709677516129033,0.0,18.332441451612905,32.23741858064516,21.181612903225805,21.181612903225805,46.50940887096774,4.754690645161291,1012.2623574193548,3.907795828064516,0.09287631225806452,2024-05-01
2024-06,173.11392,0.0,33.24,16.270833333333332,3.1666666666666665,6.0,0.0,0.0,0.0,0.0,0.0,0.0,0.0,0.0,0.26610194444444446,0.0,0.2681979444444444,0.0,0.27099261111111106,0.0,0.2764,0.0,12896.714561292303,14138.118642909432,2027.684445256684,113.11631505530873,17.665277777777778,12881.02280951736,14067.681481340278,2017.4965692041667,112.95898314518055,0.0,0.0,0.0,0.0,0.0,0.0,0.0,0.0,17.783333333333335,157.34722222222223,3163.3777777777777,9287.230555555556,2271.1402777777776,-1606.3402777777778,63.13888888888889,11210.425,2739.811111111111,,,,,26.936458466666668,31.83833333333333,22.654999999999998,28.861156633333334,33.8759284,24.82042733333333,18.2706246,61.9233949,84.12634046666668,39.3226757,1.2000000766666667,1.2000000766666667,0.0,16.4469836,28.763999333333334,20.349,20.349,69.90138879999999,5.237835126666667,1005.954748,8.936458496666667,0.0,2024-06-01
2024-07,182.76432,0.0,32.73,16.561827956989244,2.806451612903226,7.0,0.0,0.0,0.0,0.0,0.0,0.0,0.0,0.0,0.2619085483870968,0.0,0.26269822580645164,0.0,0.26375112903225806,0.0,0.26572532258064513,0.0,14936.977628634855,16846.171906820116,2492.2436591457213,123.670667194972,17.981854838709676,14911.546837168682,16811.56635967742,2465.268738631048,124.54030936701612,0.0,0.0,0.0,0.0,0.0,0.0,0.0,0.0,18.258064516129032,233.58064516129033,3280.7096774193546,15112.274193548386,2264.9032258064517,-2073.8817204301076,78.27956989247312,11510.483870967742,1596.1236559139786,,,,,28.260281967741935,31.153225806451612,25.611290322580643,33.24364367741936,36.62245887096774,29.82452429032258,24.943414225806453,82.93266403225806,93.30786425806451,69.58612441935483,14.709677535483872,14.709677535483872,0.0,20.301775193548387,37.114837838709676,16.010967741935485,16.010967741935485,72.44489199483871,3.7324663516129033,1002.5120967741935,10.26028183548387,0.0,2024-07-01
2024-08,174.33247999999995,0.0,31.22,16.561827956989244,3.096774193548387,8.0,0.0,0.0,0.0,0.0,0.0,0.0,0.0,0.0,0.2499629569892472,0.0,0.25230102150537626,0.0,0.25541844086021503,0.0,0.2612636021505376,0.0,12089.18998383535,14656.768903848566,2491.752753707661,112.1066841932191,17.981854838709676,12131.237512461023,14716.066773736558,2492.35973658871,113.3803759574731,0.0,0.0,0.0,0.0,0.0,0.0,0.0,0.0,18.258064516129032,392.4139784946237,3099.0860215053767,14045.370967741936,2221.784946236559,-2191.784946236559,82.2741935483871,11898.698924731183,1925.4784946236557,,,,,29.172445774193548,32.35322580645161,26.44677419354839,35.217573225806454,39.102352677419354,31.99571722580645,25.57231193548387,81.7569149032258,94.02788477419354,66.16270716129031,3.241935462580645,3.241935462580645,0.0,14.616385083870968,27.89419279032258,19.432258064516127,19.432258064516127,46.069892596774196,4.28394394516129,1005.1958593548386,11.172445870967742,0.0,2024-08-01
2024-09,154.0572,0.0,31.83,16.648611111111112,3.0,9.0,0.0,0.0,0.0,0.0,0.0,0.0,0.0,0.0,0.25455527777777776,0.0,0.2535792777777777,0.0,0.2522779444444444,0.0,0.2497599999999999,0.0,12310.501612601274,15437.837368893519,2528.5213500545137,106.68776016095833,18.013194444444444,12347.699983437498,15402.176526472223,2546.1438252465277,104.66405220509027,0.0,0.0,0.0,0.0,0.0,0.0,0.0,0.0,17.933333333333334,539.6083333333333,2300.936111111111,13498.625,2117.411111111111,-2086.775,76.58888888888889,11798.180555555557,1666.9111111111113,,,,,25.127986,28.575,22.0,27.812767966666666,31.908162866666665,23.5812997,20.951597033333332,78.52685436666667,91.63096976666667,63.620043566666666,3.3866666,3.3866666,0.0,20.559749399999998,35.207998833333335,16.189,16.189,52.51527791666667,3.65263053,1012.2052756666667,7.127986133333334,0.0,2024-09-01
2024-10,181.2008,0.0,32.45,16.561827956989244,2.903225806451613,10.0,0.0,0.0,0.0,0.0,0.0,0.0,0.0,0.0,0.2595166666666667,0.0,0.25855666666666666,0.0,0.25727666666666665,0.0,0.25487666666666664,0.0,11881.279581452956,13138.252734976479,2284.4516830303537,91.28667735243167,17.981854838709676,11960.597057239247,13227.001259254033,2293.1417639784945,92.46620821909946,0.0,0.0,0.0,0.0,0.0,0.0,0.0,0.0,18.258064516129032,574.1397849462365,1576.4623655913979,13545.182795698925,2190.8763440860216,-2384.47311827957,52.693548387096776,10275.666666666668,1590.1344086021506,,,,,16.888037516129035,20.746774193548386,13.480645161290322,16.302622258064517,20.03411493548387,12.495967903225806,12.246976083870967,75.81822083870968,91.51047625806451,54.56283806451613,2.1741936129032258,2.1741936129032258,0.0,15.358635129032258,27.23225735483871,12.690967741935484,12.690967741935484,51.54435505354839,2.439753027419355,1021.218834516129,0.6665323316129033,1.7784948412903225,2024-10-01
2024-11,157.17744,0.0,30.179999999999996,16.270833333333332,3.1,11.0,0.0,0.0,0.0,0.0,0.0,0.0,0.0,0.0,0.24175527777777775,0.0,0.24538727777777777,0.0,0.2502299444444444,0.0,0.2596,0.0,10619.65969844702,11498.490772664409,2091.256108251013,80.52761059871558,17.665277777777778,10639.944757993055,11547.907712820832,2098.9604958972222,80.20940594961806,0.0,0.0,0.0,0.0,0.0,0.0,0.0,0.0,17.783333333333335,594.7597222222223,1514.1791666666666,10793.08611111111,2191.075,-1240.9458333333334,58.18194444444444,7079.1875,1692.3680555555554,,,,,12.033680013333333,15.665,8.881666666666666,9.938850845333333,13.430436906666667,6.41535046,6.806041566666667,72.4517515,89.40946446666666,49.795118933333335,1.0933334033333333,1.0933334033333333,0.0,16.666050116666668,29.61599953333333,9.474,9.474,46.65000006,1.810231905,1024.5500116666667,0.0,5.9663199303333325,2024-11-01
2024-12,170.98208,0.0,30.62,16.561827956989244,2.935483870967742,12.0,0.0,0.0,0.0,0.0,0.0,0.0,0.0,0.0,0.24490086021505367,0.0,0.24421956989247307,0.0,0.24331118279569888,0.0,0.24160795698924728,0.0,11154.76670443974,12165.831937411514,2195.9960072759854,101.67448891934028,17.981854838709676,11164.729549627016,12180.079523635752,2200.2649685530914,103.6567649436223,0.0,0.0,0.0,0.0,0.0,0.0,0.0,0.0,18.258064516129032,643.3709677419355,1538.9193548387098,11677.064516129032,2262.8064516129034,-1468.010752688172,41.204301075268816,7021.908602150537,1550.1559139784947,,,,,3.1219759470967743,7.553225806451613,-0.29838709677419356,-0.4325243723870968,3.5581873522580643,-3.859893533677419,-2.417271469354839,69.73828761290322,89.74093622580645,42.476097483870966,0.029032259354838708,0.01935483870967742,0.006774193870967742,13.145300622580645,25.02580572580645,9.370967741935484,9.370967741935484,41.8467745483871,1.2393513574193546,1028.4338506451613,0.0,14.878023967741933,2024-12-01
2025-01,168.17828311790703,23221.120499338853,30.22,3.8306451612903225,3.0,1.0,23938.94998460529,1882.276157002147,23617.106986780353,1806.6738802469763,23215.04840634372,1753.0127298725408,22574.94065233333,1631.9027015097447,0.24030533201955204,0.006819122790284129,0.24049969854526426,0.005299313696561818,0.24397749309060138,0.004162992400672572,0.2438193174545009,9.816133901810028e-05,10329.701432089381,10676.1513173069,2098.1569905553315,117.11085511523102,5.250560035842294,10292.30207945094,10608.51723582594,2106.2445956794354,115.13954862379704,23860.725191039663,1857.238855941568,23540.1183064558,1784.508224598077,23213.31390715931,1753.5885460114946,22574.94065233333,1631.902701509745,5.151881720430108,970.5,2257.3076923076924,11281.5,2268.3076923076924,708.8076923076923,45.73076923076923,4217.461538461538,2023.7307692307693,4.730769230769231,379.88461538461536,44.61538461538461,43.23076923076923,2.6062500812903227,7.998387096774193,-1.0435483870967743,-1.4116352117419355,3.540057845419355,-4.988821602919355,-4.27170695483871,64.41273274193549,86.87358180645161,35.340187387096776,0.2483870870967742,0.2354838612903226,0.00903225806451613,15.114279919354837,27.836128161290322,10.27741935483871,10.27741935483871,36.1733875,1.4440811496774193,1026.9068580645162,0.0,15.393750096774193,2025-01-01
2025-02,135.25152,0.0,31.66,17.944940476190478,3.0,2.0,25773.29599620832,2158.412167786224,25589.816007302277,2144.5740806501894,25017.534406360588,2027.3072429826818,23933.31980675028,1850.8115376741355,0.2542352964173631,0.0,0.25309457263286433,0.001418110089313207,0.24723149151460447,0.002698722778040768,0.23918239380414946,0.006328176879788133,10077.610532831908,11484.951938034008,2179.6394327836992,91.0487136125,19.298363095238095,10077.972261853423,11421.73449667113,2181.953421155506,91.52080207835566,25773.29599620832,2158.412167786224,25529.054872873035,2136.9478161732613,24989.7252926771,2015.672331515657,23961.170162527396,1858.2210642440775,19.053571428571427,651.2321428571429,3051.8005952380954,9990.815476190475,2269.220238095238,-1984.110119047619,45.342261904761905,10364.773809523811,2125.6160714285716,-44.62797619047619,348.41964285714283,18.690476190476186,209.74702380952382,3.8185267392857143,8.835714285714285,-0.5464285714285715,-0.11098671660714286,4.641175989285714,-4.512770208571428,-4.013244231071428,60.512457,83.16341203571429,34.79668482142857,0.2107142875,0.2107142875,0.0,16.764600285714288,30.278570857142856,13.151071428571429,13.151071428571429,52.08482153571428,1.8986386999999998,1027.3179917857144,0.0,14.181473171428573,2025-02-01
2025-03,169.05055999999993,0.0,32.41,16.071236559139784,3.064516129032258,3.0,0.0,0.0,0.0,0.0,0.0,0.0,25771.1343678019,2158.373964938826,0.25917919354838703,0.0,0.25801790322580637,0.0,0.25646951612903224,0.0,0.25556449738227677,0.0002948975826200403,9506.600305992411,10686.642877340613,1981.2721570502408,86.18614210501653,17.4630376344086,9522.40623666801,10701.62443056183,1981.5103644918684,86.42453039501343,0.0,0.0,0.0,0.0,0.0,0.0,25770.442646711846,2158.361740027658,17.903225806451612,386.7069892473118,2906.6935483870966,7928.153225806452,2160.271505376344,-1739.715053763441,43.91935483870968,8204.569892473119,2986.744623655914,-20.158602150537632,321.4892473118279,33.005376344086024,118.26881720430109,10.513239219354839,15.990322580645161,6.004838709677419,7.094326804193548,12.640008617741936,2.4133134732258066,2.489247253548387,61.43271267741936,83.26869248387096,38.78102658064516,1.4129032483870967,1.2419355064516129,0.1196774129032258,20.433964870967742,35.96516058064516,15.673225806451613,15.673225806451613,53.01612923225806,3.06351432,1020.1486680645162,0.2616935838709677,7.748454383870968,2025-03-01
2025-04,181.98000000000002,0.0,33.75,16.669444444444444,2.9,4.0,0.0,0.0,0.0,0.0,0.0,0.0,0.0,0.0,0.2698138888888889,0.0,0.26766988888888893,0.0,0.2648112222222222,0.0,0.2592799999999999,0.0,9624.397840373265,11493.542069210358,1843.49623527853,83.1019845367448,18.08125,9601.607363781945,11539.054074102778,1840.4051408333332,84.0881547760764,0.0,0.0,0.0,0.0,0.0,0.0,0.0,0.0,18.15,140.76805555555558,2828.5597222222223,8669.840277777777,1591.322222222222,-2510.813888888889,24.538888888888888,11114.825,2658.652777777778,-33.329166666666666,433.3222222222222,12.194444444444445,40.91388888888889,17.9551389,23.59,12.736666666666666,16.183112533333333,22.389035316666664,10.583286496666666,8.951250026666665,58.06620003333333,78.57426376666668,38.8732002,1.5199999,1.5199999,0.0,20.87493903333333,36.5519996,20.264666666666667,20.264666666666667,48.47916658466667,4.474184073333333,1011.2637456666668,1.2346527623333334,1.2795138526666667,2025-04-01
2025-05,185.50048,0.0,33.22,16.561827956989244,3.096774193548387,5.0,0.0,0.0,0.0,0.0,0.0,0.0,0.0,0.0,0.2658312365591398,0.0,0.2666518817204301,0.0,0.2677460752688172,0.0,0.269797688172043,0.0,10996.710003948141,12529.973732405802,2067.5360718851925,97.65487447343638,17.981854838709676,10904.640103253361,12523.66746776344,2068.1424151471774,97.74980552482526,0.0,0.0,0.0,0.0,0.0,0.0,0.0,0.0,18.258064516129032,201.11827956989248,3090.8602150537636,9164.548387096775,1540.0537634408602,-2729.150537634409,45.88709677419355,12700.913978494624,2633.3870967741937,-40.15053763440861,454.66129032258067,24.440860215053767,120.82795698924731,21.50826606451613,25.901612903225807,17.429032258064517,21.37064872580645,26.472752258064514,16.74689820967742,14.395161193548388,65.89223270967742,84.50490216129032,48.292665516129034,1.3645161951612903,1.3645161951612903,0.0,20.41404756451613,35.802579903225805,19.654516129032256,19.654516129032256,58.36559129251613,4.488108080645161,1009.5928829032258,3.6795025235483876,0.1712364677419355,2025-05-01
2025-06,174.57216000000003,0.0,33.52,16.270833333333332,3.0,6.0,0.0,0.0,0.0,0.0,0.0,0.0,0.0,0.0,0.26811833333333335,0.0,0.2676383333333333,0.0,0.26699833333333334,0.0,0.26576,0.0,11915.794848759317,13860.67511412963,2197.728743051823,109.58398452012963,17.665277777777778,11903.72330369514,13838.458679277777,2182.8899920597223,109.07703248981944,0.0,0.0,0.0,0.0,0.0,0.0,0.0,0.0,17.783333333333335,197.5625,2742.8083333333334,10482.897222222224,2276.6027777777776,-3004.4583333333335,45.90833333333333,12757.209722222224,2729.161111111111,-42.25416666666667,433.26666666666665,10.894444444444446,201.12083333333334,25.783680666666665,29.725,22.36,28.495207666666666,32.82190336666667,24.516448633333333,20.215764233333335,73.66513373333333,90.0856143,55.04386506666666,6.90333338,6.90333338,0.0,17.545844266666666,30.899999633333334,17.351,17.351,69.67083344999999,4.176019506666666,1005.4738966666666,7.783680686666667,0.0,2025-06-01
2025-07,181.92672,0.0,32.58,16.561827956989244,2.903225806451613,7.0,0.0,0.0,0.0,0.0,0.0,0.0,0.0,0.0,0.2607663440860215,0.0,0.26222182795698923,0.0,0.26416247311827956,0.0,0.2678011827956989,0.0,12785.644510232303,15101.970370346102,2276.777143874104,107.7683651583255,17.981854838709676,12771.172953651881,15077.332298991934,2267.6463765228496,109.07519921407258,0.0,0.0,0.0,0.0,0.0,0.0,0.0,0.0,18.258064516129032,224.40860215053763,2677.940860215054,12744.591397849461,2232.97311827957,-3487.6612903225805,21.53763440860215,13621.930107526881,2332.532258064516,-34.33333333333333,394.18817204301075,8.403225806451612,304.9569892473118,29.63245970967742,32.97741935483871,26.748387096774195,34.611569903225806,38.522945354838704,31.282569096774193,24.804368387096776,76.2002185483871,89.33536077419356,60.734076,1.425806441935484,1.425806441935484,0.0,17.884313903225806,31.679999096774193,21.92032258064516,21.92032258064516,40.65188186451613,5.143531861290322,1003.8950380645161,11.632459629032258,0.0,2025-07-01
2025-08,176.34271999999999,0.0,31.58,16.561827956989244,3.193548387096774,8.0,0.0,0.0,0.0,0.0,0.0,0.0,0.0,0.0,0.2527744086021505,0.0,0.25432279569892474,0.0,0.256387311827957,0.0,0.26025827956989245,0.0,13496.898917784498,16204.101478477822,2731.1610802308464,107.46137917726142,17.981854838709676,13545.435297587366,16256.351116848118,2728.7828253340053,108.58427362491264,0.0,0.0,0.0,0.0,0.0,0.0,0.0,0.0,18.258064516129032,254.82258064516128,2490.0806451612902,16697.790322580644,2016.1881720430108,-4047.8602150537636,87.51612903225806,12902.564516129032,2051.9086021505377,-56.77956989247312,359.5860215053763,3.8225806451612905,290.18817204301075,28.841531967741936,31.719354838709677,26.511290322580646,34.91343964516129,38.425412967741934,31.77347277419355,25.768212483870965,84.16634922580644,93.55883325806452,70.53164838709678,5.4774195629032265,5.4774195629032265,0.0,15.43790214516129,28.498064096774193,17.842903225806452,17.842903225806452,53.857526464516134,3.9018937032258063,1006.5368261290322,10.84153191935484,0.0,2025-08-01
2025-09,155.0736,0.0,32.04,16.648611111111112,2.8333333333333335,9.0,0.0,0.0,0.0,0.0,0.0,0.0,0.0,0.0,0.25625611111111113,0.0,0.2555201111111111,0.0,0.2545387777777778,0.0,0.25264,0.0,12434.673342793923,15770.813857122974,2686.983201350029,107.58582117043056,18.013194444444444,12438.919336340277,15692.531517208332,2707.8152818229164,107.33559165922917,0.0,0.0,0.0,0.0,0.0,0.0,0.0,0.0,17.933333333333334,285.5111111111111,2139.3333333333335,14959.430555555557,2260.730555555556,-3378.486111111111,45.94722222222222,12031.666666666666,1677.1888888888889,-55.96111111111111,395.76388888888886,17.983333333333334,228.47777777777776,23.362083166666665,26.134999999999998,21.005,26.151453366666665,29.3315458,23.0846916,20.412292066666666,84.16817296666666,94.20938886666666,70.4777676,7.653333358333333,7.653333358333333,0.0,15.669422036666667,29.627999466666665,12.344333333333333,12.344333333333333,78.38472166666666,2.609613648,1013.064319,5.40326372,0.04118048333333334,2025-09-01
