Date,PGE,SCE,SDGE,VEA,HE,CAISO Total,daily_mean_load_lag_1,daily_std_load_lag_1,daily_mean_load_lag_7,daily_std_load_lag_7,daily_mean_load_lag_15,daily_std_load_lag_15,daily_mean_load_lag_30,daily_std_load_lag_30,Monthly_Price_Cents_per_kWh,Estimated_Hourly_Cost_USD
2024-01-01,9309.65973,8984.375195,1632.092467,54.73753482,15.0,0.0,0.0,0.0,0.0,0.0,0.0,0.0,0.0,0.0,29.62,0.0
2024-01-01,9395.618605833331,9092.189193125,1645.51815775,57.09870366083334,14.833333333333334,0.0,0.0,0.0,0.0,0.0,0.0,0.0,0.0,0.0,29.62,0.0
2024-01-01,9481.577481666664,9200.00319125,1658.9438485,59.459872501666666,14.666666666666666,0.0,0.0,0.0,0.0,0.0,0.0,0.0,0.0,0.0,29.62,0.0
2024-01-01,9567.5363575,9307.817189375,1672.36953925,61.8210413425,14.5,0.0,0.0,0.0,0.0,0.0,0.0,0.0,0.0,0.0,29.62,0.0
2024-01-01,9653.495233333331,9415.6311875,1685.79523,64.18221018333334,14.333333333333334,0.0,0.0,0.0,0.0,0.0,0.0,0.0,0.0,0.0,29.62,0.0
2024-01-01,9739.454109166669,9523.445185625,1699.22092075,66.54337902416667,14.166666666666666,0.0,0.0,0.0,0.0,0.0,0.0,0.0,0.0,0.0,29.62,0.0
2024-01-01,9825.412985,9631.25918375,1712.6466114999998,68.904547865,14.0,0.0,0.0,0.0,0.0,0.0,0.0,0.0,0.0,0.0,29.62,0.0
2024-01-01,9911.371860833333,9739.073181875,1726.07230225,71.26571670583334,13.833333333333334,0.0,0.0,0.0,0.0,0.0,0.0,0.0,0.0,0.0,29.62,0.0
2024-01-01,9997.330736666669,9846.88718,1739.497993,73.62688554666667,13.666666666666666,0.0,0.0,0.0,0.0,0.0,0.0,0.0,0.0,0.0,29.62,0.0
2024-01-01,10083.2896125,9954.701178125,1752.92368375,75.9880543875,13.5,0.0,0.0,0.0,0.0,0.0,0.0,0.0,0.0,0.0,29.62,0.0
2024-01-01,10169.248488333333,10062.51517625,1766.3493745,78.34922322833333,13.333333333333334,0.0,0.0,0.0,0.0,0.0,0.0,0.0,0.0,0.0,29.62,0.0
2024-01-01,10255.207364166668,10170.329174375,1779.77506525,80.71039206916666,13.166666666666666,0.0,0.0,0.0,0.0,0.0,0.0,0.0,0.0,0.0,29.62,0.0
2024-01-01,10341.16624,10278.1431725,1793.200756,83.07156091,13.0,0.0,0.0,0.0,0.0,0.0,0.0,0.0,0.0,0.0,29.62,0.0
2024-01-01,10427.125115833333,10385.957170625,1806.62644675,85.43272975083333,12.833333333333334,0.0,0.0,0.0,0.0,0.0,0.0,0.0,0.0,0.0,29.62,0.0
2024-01-01,10513.083991666666,10493.77116875,1820.0521375,87.79389859166668,12.666666666666668,0.0,0.0,0.0,0.0,0.0,0.0,0.0,0.0,0.0,29.62,0.0
2024-01-01,10599.0428675,10601.585166875,1833.47782825,90.1550674325,12.5,0.0,0.0,0.0,0.0,0.0,0.0,0.0,0.0,0.0,29.62,0.0
2024-01-01,10685.001743333332,10709.399165,1846.903519,92.51623627333332,12.333333333333334,0.0,0.0,0.0,0.0,0.0,0.0,0.0,0.0,0.0,29.62,0.0
2024-01-01,10770.960619166666,10817.213163125,1860.32920975,94.87740511416666,12.166666666666668,0.0,0.0,0.0,0.0,0.0,0.0,0.0,0.0,0.0,29.62,0.0
2024-01-01,10856.919495,10925.02716125,1873.7549005,97.238573955,12.0,0.0,0.0,0.0,0.0,0.0,0.0,0.0,0.0,0.0,29.62,0.0
2024-01-01,10942.878370833332,11032.841159375,1887.18059125,99.59974279583334,11.833333333333334,0.0,0.0,0.0,0.0,0.0,0.0,0.0,0.0,0.0,29.62,0.0
2024-01-01,11028.837246666666,11140.6551575,1900.606282,101.96091163666668,11.666666666666668,0.0,0.0,0.0,0.0,0.0,0.0,0.0,0.0,0.0,29.62,0.0
2024-01-01,11114.7961225,11248.469155625,1914.03197275,104.3220804775,11.5,0.0,0.0,0.0,0.0,0.0,0.0,0.0,0.0,0.0,29.62,0.0
2024-01-01,11200.754998333334,11356.28315375,1927.4576635,106.68324931833334,11.333333333333334,0.0,0.0,0.0,0.0,0.0,0.0,0.0,0.0,0.0,29.62,0.0
2024-01-01,11286.713874166666,11464.097151875,1940.88335425,109.04441815916668,11.166666666666668,0.0,0.0,0.0,0.0,0.0,0.0,0.0,0.0,0.0,29.62,0.0
2024-01-02,11372.67275,11571.91115,1954.309045,111.405587,11.0,0.0,0.0,0.0,0.0,0.0,0.0,0.0,0.0,0.0,29.62,0.0
2024-01-02,11320.51864375,11500.532513125,1958.3762077916667,109.99662651083332,10.583333333333334,0.0,0.0,0.0,0.0,0.0,0.0,0.0,0.0,0.0,29.62,0.0
2024-01-02,11268.3645375,11429.15387625,1962.4433705833333,108.58766602166666,10.166666666666666,0.0,0.0,0.0,0.0,0.0,0.0,0.0,0.0,0.0,29.62,0.0
2024-01-02,11216.21043125,11357.775239375,1966.510533375,107.1787055325,9.75,0.0,0.0,0.0,0.0,0.0,0.0,0.0,0.0,0.0,29.62,0.0
2024-01-02,11164.056325,11286.3966025,1970.5776961666663,105.76974504333332,9.333333333333334,0.0,0.0,0.0,0.0,0.0,0.0,0.0,0.0,0.0,29.62,0.0
2024-01-02,11111.90221875,11215.017965625,1974.644858958333,104.36078455416666,8.916666666666666,0.0,0.0,0.0,0.0,0.0,0.0,0.0,0.0,0.0,29.62,0.0
2024-01-02,11059.7481125,11143.63932875,1978.71202175,102.951824065,8.5,0.0,0.0,0.0,0.0,0.0,0.0,0.0,0.0,0.0,29.62,0.0
2024-01-02,11007.59400625,11072.260691875,1982.7791845416664,101.54286357583334,8.083333333333332,0.0,0.0,0.0,0.0,0.0,0.0,0.0,0.0,0.0,29.62,0.0
2024-01-02,10955.4399,11000.882055,1986.8463473333331,100.13390308666666,7.666666666666666,0.0,0.0,0.0,0.0,0.0,0.0,0.0,0.0,0.0,29.62,0.0
2024-01-02,10903.28579375,10929.503418125,1990.913510125,98.7249425975,7.25,0.0,0.0,0.0,0.0,0.0,0.0,0.0,0.0,0.0,29.62,0.0
2024-01-02,10851.1316875,10858.12478125,1994.980672916667,97.31598210833332,6.833333333333333,0.0,0.0,0.0,0.0,0.0,0.0,0.0,0.0,0.0,29.62,0.0
2024-01-02,10798.97758125,10786.746144375,1999.0478357083327,95.90702161916668,6.416666666666666,0.0,0.0,0.0,0.0,0.0,0.0,0.0,0.0,0.0,29.62,0.0
2024-01-02,10746.823475,10715.3675075,2003.1149985,94.49806113,6.0,0.0,0.0,0.0,0.0,0.0,0.0,0.0,0.0,0.0,29.62,0.0
2024-01-02,10694.66936875,10643.988870625,2007.1821612916667,93.08910064083332,5.583333333333333,0.0,0.0,0.0,0.0,0.0,0.0,0.0,0.0,0.0,29.62,0.0
2024-01-02,10642.5152625,10572.61023375,2011.2493240833328,91.68014015166666,5.166666666666666,0.0,0.0,0.0,0.0,0.0,0.0,0.0,0.0,0.0,29.62,0.0
2024-01-02,10590.36115625,10501.231596875,2015.316486875,90.2711796625,4.75,0.0,0.0,0.0,0.0,0.0,0.0,0.0,0.0,0.0,29.62,0.0
2024-01-02,10538.20705,10429.85296,2019.3836496666663,88.86221917333333,4.333333333333333,0.0,0.0,0.0,0.0,0.0,0.0,0.0,0.0,0.0,29.62,0.0
2024-01-02,10486.05294375,10358.474323125,2023.4508124583333,87.45325868416666,3.916666666666666,0.0,0.0,0.0,0.0,0.0,0.0,0.0,0.0,0.0,29.62,0.0
2024-01-02,10433.8988375,10287.09568625,2027.51797525,86.044298195,3.5,0.0,0.0,0.0,0.0,0.0,0.0,0.0,0.0,0.0,29.62,0.0
2024-01-02,10381.74473125,10215.717049375,2031.5851380416664,84.63533770583334,3.083333333333333,0.0,0.0,0.0,0.0,0.0,0.0,0.0,0.0,0.0,29.62,0.0
2024-01-02,10329.590625,10144.3384125,2035.6523008333331,83.22637721666666,2.666666666666666,0.0,0.0,0.0,0.0,0.0,0.0,0.0,0.0,0.0,29.62,0.0
2024-01-02,10277.43651875,10072.959775625,2039.719463625,81.81741672749999,2.25,0.0,0.0,0.0,0.0,0.0,0.0,0.0,0.0,0.0,29.62,0.0
2024-01-02,10225.2824125,10001.58113875,2043.7866264166664,80.40845623833333,1.833333333333332,0.0,0.0,0.0,0.0,0.0,0.0,0.0,0.0,0.0,29.62,0.0
2024-01-02,10173.12830625,9930.202501875,2047.8537892083327,78.99949574916667,1.416666666666666,0.0,0.0,0.0,0.0,0.0,0.0,0.0,0.0,0.0,29.62,0.0
2024-01-03,10120.9742,9858.823865,2051.920952,77.59053526,1.0,0.0,0.0,0.0,0.0,0.0,0.0,0.0,0.0,0.0,29.62,0.0
2024-01-03,10117.32442125,9858.740331833334,2056.426171875,77.69621224458334,1.0,0.0,0.0,0.0,0.0,0.0,0.0,0.0,0.0,0.0,29.62,0.0
2024-01-03,10113.6746425,9858.656798666669,2060.93139175,77.80188922916666,1.0,0.0,0.0,0.0,0.0,0.0,0.0,0.0,0.0,0.0,29.62,0.0
2024-01-03,10110.02486375,9858.5732655,2065.436611625,77.90756621375,1.0,0.0,0.0,0.0,0.0,0.0,0.0,0.0,0.0,0.0,29.62,0.0
2024-01-03,10106.375085,9858.489732333332,2069.9418315,78.01324319833333,1.0,0.0,0.0,0.0,0.0,0.0,0.0,0.0,0.0,0.0,29.62,0.0
2024-01-03,10102.72530625,9858.406199166668,2074.447051375,78.11892018291667,1.0,0.0,0.0,0.0,0.0,0.0,0.0,0.0,0.0,0.0,29.62,0.0
2024-01-03,10099.0755275,9858.322666,2078.95227125,78.2245971675,1.0,0.0,0.0,0.0,0.0,0.0,0.0,0.0,0.0,0.0,29.62,0.0
2024-01-03,10095.42574875,9858.239132833332,2083.457491125,78.33027415208333,1.0,0.0,0.0,0.0,0.0,0.0,0.0,0.0,0.0,0.0,29.62,0.0
2024-01-03,10091.77597,9858.155599666668,2087.962711,78.43595113666666,1.0,0.0,0.0,0.0,0.0,0.0,0.0,0.0,0.0,0.0,29.62,0.0
2024-01-03,10088.12619125,9858.0720665,2092.467930875,78.54162812125,1.0,0.0,0.0,0.0,0.0,0.0,0.0,0.0,0.0,0.0,29.62,0.0
2024-01-03,10084.4764125,9857.988533333331,2096.97315075,78.64730510583333,1.0,0.0,0.0,0.0,0.0,0.0,0.0,0.0,0.0,0.0,29.62,0.0
2024-01-03,10080.82663375,9857.905000166666,2101.478370625,78.75298209041667,1.0,0.0,0.0,0.0,0.0,0.0,0.0,0.0,0.0,0.0,29.62,0.0
2024-01-03,10077.176855000002,9857.821467,2105.9835905,78.85865907499999,1.0,0.0,0.0,0.0,0.0,0.0,0.0,0.0,0.0,0.0,29.62,0.0
2024-01-03,10073.52707625,9857.737933833334,2110.488810375,78.96433605958333,1.0,0.0,0.0,0.0,0.0,0.0,0.0,0.0,0.0,0.0,29.62,0.0
2024-01-03,10069.8772975,9857.654400666666,2114.99403025,79.07001304416667,1.0,0.0,0.0,0.0,0.0,0.0,0.0,0.0,0.0,0.0,29.62,0.0
2024-01-03,10066.22751875,9857.5708675,2119.499250125,79.17569002875,1.0,0.0,0.0,0.0,0.0,0.0,0.0,0.0,0.0,0.0,29.62,0.0
2024-01-03,10062.57774,9857.487334333331,2124.00447,79.28136701333334,1.0,0.0,0.0,0.0,0.0,0.0,0.0,0.0,0.0,0.0,29.62,0.0
2024-01-03,10058.92796125,9857.403801166667,2128.509689875,79.38704399791666,1.0,0.0,0.0,0.0,0.0,0.0,0.0,0.0,0.0,0.0,29.62,0.0
2024-01-03,10055.2781825,9857.320268,2133.01490975,79.4927209825,1.0,0.0,0.0,0.0,0.0,0.0,0.0,0.0,0.0,0.0,29.62,0.0
2024-01-03,10051.62840375,9857.236734833332,2137.520129625,79.59839796708333,1.0,0.0,0.0,0.0,0.0,0.0,0.0,0.0,0.0,0.0,29.62,0.0
2024-01-03,10047.978625,9857.153201666666,2142.0253495,79.70407495166667,1.0,0.0,0.0,0.0,0.0,0.0,0.0,0.0,0.0,0.0,29.62,0.0
2024-01-03,10044.32884625,9857.0696685,2146.530569375,79.80975193625,1.0,0.0,0.0,0.0,0.0,0.0,0.0,0.0,0.0,0.0,29.62,0.0
2024-01-03,10040.6790675,9856.986135333333,2151.03578925,79.91542892083334,1.0,0.0,0.0,0.0,0.0,0.0,0.0,0.0,0.0,0.0,29.62,0.0
2024-01-03,10037.02928875,9856.902602166663,2155.541009125,80.02110590541666,1.0,0.0,0.0,0.0,0.0,0.0,0.0,0.0,0.0,0.0,29.62,0.0
2024-01-04,10033.37951,9856.819069,2160.046229,80.12678289,1.0,0.0,0.0,0.0,0.0,0.0,0.0,0.0,0.0,0.0,29.62,0.0
2024-01-04,10024.6671925,9852.874854208332,2163.778955333333,80.06749130666667,1.0416666666666667,0.0,0.0,0.0,0.0,0.0,0.0,0.0,0.0,0.0,29.62,0.0
2024-01-04,10015.954875,9848.930639416663,2167.511681666667,80.00819972333333,1.0833333333333333,0.0,0.0,0.0,0.0,0.0,0.0,0.0,0.0,0.0,29.62,0.0
2024-01-04,10007.242557500002,9844.986424625,2171.244408,79.94890814,1.125,0.0,0.0,0.0,0.0,0.0,0.0,0.0,0.0,0.0,29.62,0.0
2024-01-04,9998.53024,9841.042209833333,2174.977134333333,79.88961655666667,1.1666666666666667,0.0,0.0,0.0,0.0,0.0,0.0,0.0,0.0,0.0,29.62,0.0
2024-01-04,9989.8179225,9837.097995041666,2178.709860666667,79.83032497333333,1.2083333333333333,0.0,0.0,0.0,0.0,0.0,0.0,0.0,0.0,0.0,29.62,0.0
2024-01-04,9981.105605,9833.15378025,2182.442587,79.77103339,1.25,0.0,0.0,0.0,0.0,0.0,0.0,0.0,0.0,0.0,29.62,0.0
2024-01-04,9972.3932875,9829.209565458332,2186.175313333333,79.71174180666667,1.2916666666666663,0.0,0.0,0.0,0.0,0.0,0.0,0.0,0.0,0.0,29.62,0.0
2024-01-04,9963.68097,9825.265350666668,2189.908039666667,79.65245022333333,1.3333333333333333,0.0,0.0,0.0,0.0,0.0,0.0,0.0,0.0,0.0,29.62,0.0
2024-01-04,9954.9686525,9821.321135875,2193.640766,79.59315864,1.375,0.0,0.0,0.0,0.0,0.0,0.0,0.0,0.0,0.0,29.62,0.0
2024-01-04,9946.256335,9817.376921083332,2197.373492333333,79.53386705666667,1.4166666666666663,0.0,0.0,0.0,0.0,0.0,0.0,0.0,0.0,0.0,29.62,0.0
2024-01-04,9937.5440175,9813.432706291664,2201.106218666667,79.47457547333333,1.4583333333333333,0.0,0.0,0.0,0.0,0.0,0.0,0.0,0.0,0.0,29.62,0.0
2024-01-04,9928.8317,9809.4884915,2204.838945,79.41528389,1.5,0.0,0.0,0.0,0.0,0.0,0.0,0.0,0.0,0.0,29.62,0.0
2024-01-04,9920.1193825,9805.544276708331,2208.571671333333,79.35599230666666,1.5416666666666663,0.0,0.0,0.0,0.0,0.0,0.0,0.0,0.0,0.0,29.62,0.0
2024-01-04,9911.407065,9801.600061916666,2212.304397666667,79.29670072333333,1.5833333333333333,0.0,0.0,0.0,0.0,0.0,0.0,0.0,0.0,0.0,29.62,0.0
2024-01-04,9902.694747500002,9797.655847125,2216.037124,79.23740914,1.625,0.0,0.0,0.0,0.0,0.0,0.0,0.0,0.0,0.0,29.62,0.0
2024-01-04,9893.98243,9793.711632333332,2219.769850333333,79.17811755666666,1.6666666666666663,0.0,0.0,0.0,0.0,0.0,0.0,0.0,0.0,0.0,29.62,0.0
2024-01-04,9885.2701125,9789.767417541669,2223.5025766666668,79.11882597333333,1.7083333333333333,0.0,0.0,0.0,0.0,0.0,0.0,0.0,0.0,0.0,29.62,0.0
2024-01-04,9876.557795,9785.82320275,2227.235303,79.05953439,1.75,0.0,0.0,0.0,0.0,0.0,0.0,0.0,0.0,0.0,29.62,0.0
2024-01-04,9867.8454775,9781.878987958333,2230.968029333333,79.00024280666666,1.7916666666666663,0.0,0.0,0.0,0.0,0.0,0.0,0.0,0.0,0.0,29.62,0.0
2024-01-04,9859.13316,9777.934773166666,2234.7007556666667,78.94095122333333,1.8333333333333333,0.0,0.0,0.0,0.0,0.0,0.0,0.0,0.0,0.0,29.62,0.0
2024-01-04,9850.4208425,9773.990558375,2238.433482,78.88165964,1.875,0.0,0.0,0.0,0.0,0.0,0.0,0.0,0.0,0.0,29.62,0.0
2024-01-04,9841.708525,9770.046343583334,2242.166208333333,78.82236805666666,1.9166666666666663,0.0,0.0,0.0,0.0,0.0,0.0,0.0,0.0,0.0,29.62,0.0
2024-01-04,9832.9962075,9766.102128791666,2245.8989346666667,78.76307647333333,1.9583333333333333,0.0,0.0,0.0,0.0,0.0,0.0,0.0,0.0,0.0,29.62,0.0
2024-01-05,9824.28389,9762.157914,2249.631661,78.70378489,2.0,0.0,0.0,0.0,0.0,0.0,0.0,0.0,0.0,0.0,29.62,0.0
2024-01-05,9884.57839375,9784.483596333332,2214.70342025,79.93586228208333,2.4166666666666665,0.0,0.0,0.0,0.0,0.0,0.0,0.0,0.0,0.0,29.62,0.0
2024-01-05,9944.8728975,9806.809278666666,2179.7751795,81.16793967416666,2.833333333333333,0.0,0.0,0.0,0.0,0.0,0.0,0.0,0.0,0.0,29.62,0.0
2024-01-05,10005.16740125,9829.134961,2144.84693875,82.40001706625,3.25,0.0,0.0,0.0,0.0,0.0,0.0,0.0,0.0,0.0,29.62,0.0
2024-01-05,10065.461905,9851.460643333332,2109.918698,83.63209445833333,3.666666666666667,0.0,0.0,0.0,0.0,0.0,0.0,0.0,0.0,0.0,29.62,0.0
2024-01-05,10125.75640875,9873.786325666666,2074.99045725,84.86417185041667,4.083333333333334,0.0,0.0,0.0,0.0,0.0,0.0,0.0,0.0,0.0,29.62,0.0
2024-01-05,10186.0509125,9896.112008,2040.0622165,86.0962492425,4.5,0.0,0.0,0.0,0.0,0.0,0.0,0.0,0.0,0.0,29.62,0.0
2024-01-05,10246.34541625,9918.437690333332,2005.13397575,87.32832663458333,4.916666666666667,0.0,0.0,0.0,0.0,0.0,0.0,0.0,0.0,0.0,29.62,0.0
2024-01-05,10306.63992,9940.763372666666,1970.205735,88.56040402666666,5.333333333333334,0.0,0.0,0.0,0.0,0.0,0.0,0.0,0.0,0.0,29.62,0.0
2024-01-05,10366.93442375,9963.089055,1935.27749425,89.79248141875,5.75,0.0,0.0,0.0,0.0,0.0,0.0,0.0,0.0,0.0,29.62,0.0
2024-01-05,10427.2289275,9985.414737333333,1900.3492535,91.02455881083333,6.166666666666667,0.0,0.0,0.0,0.0,0.0,0.0,0.0,0.0,0.0,29.62,0.0
2024-01-05,10487.52343125,10007.740419666668,1865.42101275,92.25663620291668,6.583333333333334,0.0,0.0,0.0,0.0,0.0,0.0,0.0,0.0,0.0,29.62,0.0
2024-01-05,10547.817935,10030.066102,1830.492772,93.488713595,7.0,0.0,0.0,0.0,0.0,0.0,0.0,0.0,0.0,0.0,29.62,0.0
2024-01-05,10608.11243875,10052.391784333333,1795.56453125,94.72079098708332,7.416666666666667,0.0,0.0,0.0,0.0,0.0,0.0,0.0,0.0,0.0,29.62,0.0
2024-01-05,10668.4069425,10074.717466666669,1760.6362905,95.95286837916667,7.833333333333334,0.0,0.0,0.0,0.0,0.0,0.0,0.0,0.0,0.0,29.62,0.0
2024-01-05,10728.70144625,10097.043149,1725.70804975,97.18494577125,8.25,0.0,0.0,0.0,0.0,0.0,0.0,0.0,0.0,0.0,29.62,0.0
2024-01-05,10788.99595,10119.368831333331,1690.779809,98.41702316333334,8.666666666666668,0.0,0.0,0.0,0.0,0.0,0.0,0.0,0.0,0.0,29.62,0.0
2024-01-05,10849.29045375,10141.694513666667,1655.85156825,99.64910055541668,9.083333333333334,0.0,0.0,0.0,0.0,0.0,0.0,0.0,0.0,0.0,29.62,0.0
2024-01-05,10909.5849575,10164.020196,1620.9233275,100.8811779475,9.5,0.0,0.0,0.0,0.0,0.0,0.0,0.0,0.0,0.0,29.62,0.0
2024-01-05,10969.87946125,10186.345878333334,1585.9950867500002,102.11325533958332,9.916666666666668,0.0,0.0,0.0,0.0,0.0,0.0,0.0,0.0,0.0,29.62,0.0
2024-01-05,11030.173965,10208.671560666666,1551.0668460000002,103.34533273166667,10.333333333333334,0.0,0.0,0.0,0.0,0.0,0.0,0.0,0.0,0.0,29.62,0.0
2024-01-05,11090.46846875,10230.997243,1516.1386052500002,104.57741012375,10.75,0.0,0.0,0.0,0.0,0.0,0.0,0.0,0.0,0.0,29.62,0.0
2024-01-05,11150.7629725,10253.322925333334,1481.2103645000002,105.80948751583334,11.166666666666668,0.0,0.0,0.0,0.0,0.0,0.0,0.0,0.0,0.0,29.62,0.0
2024-01-05,11211.05747625,10275.648607666666,1446.2821237500002,107.04156490791668,11.583333333333334,0.0,0.0,0.0,0.0,0.0,0.0,0.0,0.0,0.0,29.62,0.0
2024-01-06,11271.35198,10297.97429,1411.353883,108.2736423,12.0,0.0,0.0,0.0,0.0,0.0,0.0,0.0,0.0,0.0,29.62,0.0
2024-01-06,11211.143564708333,10253.828921833334,1410.6956680833334,109.39799169583334,11.958333333333334,0.0,0.0,0.0,0.0,0.0,0.0,0.0,0.0,0.0,29.62,0.0
2024-01-06,11150.935149416666,10209.683553666666,1410.0374531666666,110.52234109166668,11.916666666666666,0.0,0.0,0.0,0.0,0.0,0.0,0.0,0.0,0.0,29.62,0.0
2024-01-06,11090.726734125,10165.5381855,1409.37923825,111.6466904875,11.875,0.0,0.0,0.0,0.0,0.0,0.0,0.0,0.0,0.0,29.62,0.0
2024-01-06,11030.518318833332,10121.392817333332,1408.7210233333333,112.77103988333334,11.833333333333334,0.0,0.0,0.0,0.0,0.0,0.0,0.0,0.0,0.0,29.62,0.0
2024-01-06,10970.309903541664,10077.247449166667,1408.0628084166667,113.89538927916668,11.791666666666666,0.0,0.0,0.0,0.0,0.0,0.0,0.0,0.0,0.0,29.62,0.0
2024-01-06,10910.10148825,10033.102081,1407.4045935,115.019738675,11.75,0.0,0.0,0.0,0.0,0.0,0.0,0.0,0.0,0.0,29.62,0.0
2024-01-06,10849.893072958334,9988.956712833333,1406.7463785833334,116.14408807083332,11.708333333333334,0.0,0.0,0.0,0.0,0.0,0.0,0.0,0.0,0.0,29.62,0.0
2024-01-06,10789.684657666668,9944.811344666668,1406.0881636666666,117.26843746666668,11.666666666666666,0.0,0.0,0.0,0.0,0.0,0.0,0.0,0.0,0.0,29.62,0.0
2024-01-06,10729.476242375,9900.6659765,1405.42994875,118.3927868625,11.625,0.0,0.0,0.0,0.0,0.0,0.0,0.0,0.0,0.0,29.62,0.0
2024-01-06,10669.267827083331,9856.520608333332,1404.7717338333332,119.51713625833334,11.583333333333334,0.0,0.0,0.0,0.0,0.0,0.0,0.0,0.0,0.0,29.62,0.0
2024-01-06,10609.059411791666,9812.375240166666,1404.1135189166666,120.64148565416669,11.541666666666666,0.0,0.0,0.0,0.0,0.0,0.0,0.0,0.0,0.0,29.62,0.0
2024-01-06,10548.8509965,9768.229872,1403.455304,121.76583505,11.5,0.0,0.0,0.0,0.0,0.0,0.0,0.0,0.0,0.0,29.62,0.0
2024-01-06,10488.642581208333,9724.084503833334,1402.7970890833333,122.89018444583334,11.458333333333334,0.0,0.0,0.0,0.0,0.0,0.0,0.0,0.0,0.0,29.62,0.0
2024-01-06,10428.434165916666,9679.939135666667,1402.1388741666667,124.01453384166668,11.416666666666666,0.0,0.0,0.0,0.0,0.0,0.0,0.0,0.0,0.0,29.62,0.0
2024-01-06,10368.225750625,9635.7937675,1401.48065925,125.1388832375,11.375,0.0,0.0,0.0,0.0,0.0,0.0,0.0,0.0,0.0,29.62,0.0
2024-01-06,10308.017335333332,9591.648399333331,1400.8224443333334,126.26323263333336,11.333333333333334,0.0,0.0,0.0,0.0,0.0,0.0,0.0,0.0,0.0,29.62,0.0
2024-01-06,10247.808920041663,9547.503031166669,1400.1642294166666,127.38758202916668,11.291666666666666,0.0,0.0,0.0,0.0,0.0,0.0,0.0,0.0,0.0,29.62,0.0
2024-01-06,10187.60050475,9503.357663,1399.5060145,128.511931425,11.25,0.0,0.0,0.0,0.0,0.0,0.0,0.0,0.0,0.0,29.62,0.0
2024-01-06,10127.392089458332,9459.212294833333,1398.8477995833332,129.63628082083335,11.208333333333334,0.0,0.0,0.0,0.0,0.0,0.0,0.0,0.0,0.0,29.62,0.0
2024-01-06,10067.183674166668,9415.066926666666,1398.1895846666666,130.76063021666667,11.166666666666666,0.0,0.0,0.0,0.0,0.0,0.0,0.0,0.0,0.0,29.62,0.0
2024-01-06,10006.975258875,9370.9215585,1397.5313697499998,131.88497961250002,11.125,0.0,0.0,0.0,0.0,0.0,0.0,0.0,0.0,0.0,29.62,0.0
2024-01-06,9946.766843583331,9326.776190333334,1396.8731548333333,133.00932900833334,11.083333333333334,0.0,0.0,0.0,0.0,0.0,0.0,0.0,0.0,0.0,29.62,0.0
2024-01-06,9886.558428291666,9282.630822166666,1396.2149399166665,134.1336784041667,11.041666666666666,0.0,0.0,0.0,0.0,0.0,0.0,0.0,0.0,0.0,29.62,0.0
2024-01-07,9826.350013,9238.485454,1395.556725,135.2580278,11.0,0.0,0.0,0.0,0.0,0.0,0.0,0.0,0.0,0.0,29.62,0.0
2024-01-07,9857.842559958332,9273.5128955,1426.7636353333332,133.55676581041666,10.583333333333334,0.0,0.0,0.0,0.0,0.0,0.0,0.0,0.0,0.0,29.62,0.0
2024-01-07,9889.335106916666,9308.540337,1457.9705456666666,131.85550382083335,10.166666666666666,0.0,0.0,0.0,0.0,0.0,0.0,0.0,0.0,0.0,29.62,0.0
2024-01-07,9920.827653875,9343.5677785,1489.177456,130.15424183125,9.75,0.0,0.0,0.0,0.0,0.0,0.0,0.0,0.0,0.0,29.62,0.0
2024-01-07,9952.320200833332,9378.59522,1520.3843663333332,128.45297984166666,9.333333333333334,0.0,0.0,0.0,0.0,0.0,0.0,0.0,0.0,0.0,29.62,0.0
2024-01-07,9983.812747791666,9413.6226615,1551.5912766666663,126.75171785208336,8.916666666666666,0.0,0.0,0.0,0.0,0.0,0.0,0.0,0.0,0.0,29.62,0.0
2024-01-07,10015.30529475,9448.650103,1582.798187,125.0504558625,8.5,0.0,0.0,0.0,0.0,0.0,0.0,0.0,0.0,0.0,29.62,0.0
2024-01-07,10046.797841708332,9483.6775445,1614.0050973333332,123.34919387291669,8.083333333333332,0.0,0.0,0.0,0.0,0.0,0.0,0.0,0.0,0.0,29.62,0.0
2024-01-07,10078.290388666666,9518.704986,1645.2120076666668,121.64793188333334,7.666666666666666,0.0,0.0,0.0,0.0,0.0,0.0,0.0,0.0,0.0,29.62,0.0
2024-01-07,10109.782935625,9553.7324275,1676.418918,119.94666989375,7.25,0.0,0.0,0.0,0.0,0.0,0.0,0.0,0.0,0.0,29.62,0.0
2024-01-07,10141.275482583333,9588.759869,1707.6258283333334,118.24540790416668,6.833333333333333,0.0,0.0,0.0,0.0,0.0,0.0,0.0,0.0,0.0,29.62,0.0
2024-01-07,10172.768029541669,9623.7873105,1738.8327386666667,116.54414591458334,6.416666666666666,0.0,0.0,0.0,0.0,0.0,0.0,0.0,0.0,0.0,29.62,0.0
2024-01-07,10204.2605765,9658.814752,1770.039649,114.842883925,6.0,0.0,0.0,0.0,0.0,0.0,0.0,0.0,0.0,0.0,29.62,0.0
2024-01-07,10235.753123458331,9693.8421935,1801.2465593333334,113.14162193541668,5.583333333333333,0.0,0.0,0.0,0.0,0.0,0.0,0.0,0.0,0.0,29.62,0.0
2024-01-07,10267.245670416669,9728.869635,1832.4534696666667,111.44035994583334,5.166666666666666,0.0,0.0,0.0,0.0,0.0,0.0,0.0,0.0,0.0,29.62,0.0
2024-01-07,10298.738217375,9763.8970765,1863.66038,109.73909795625,4.75,0.0,0.0,0.0,0.0,0.0,0.0,0.0,0.0,0.0,29.62,0.0
2024-01-07,10330.230764333332,9798.924518,1894.8672903333331,108.03783596666666,4.333333333333333,0.0,0.0,0.0,0.0,0.0,0.0,0.0,0.0,0.0,29.62,0.0
2024-01-07,10361.723311291667,9833.9519595,1926.074200666667,106.33657397708332,3.916666666666666,0.0,0.0,0.0,0.0,0.0,0.0,0.0,0.0,0.0,29.62,0.0
2024-01-07,10393.21585825,9868.979401,1957.281111,104.6353119875,3.5,0.0,0.0,0.0,0.0,0.0,0.0,0.0,0.0,0.0,29.62,0.0
2024-01-07,10424.708405208334,9904.0068425,1988.4880213333336,102.93404999791667,3.083333333333333,0.0,0.0,0.0,0.0,0.0,0.0,0.0,0.0,0.0,29.62,0.0
2024-01-07,10456.200952166666,9939.034284,2019.694931666667,101.23278800833332,2.666666666666666,0.0,0.0,0.0,0.0,0.0,0.0,0.0,0.0,0.0,29.62,0.0
2024-01-07,10487.693499125,9974.0617255,2050.901842,99.53152601875,2.25,0.0,0.0,0.0,0.0,0.0,0.0,0.0,0.0,0.0,29.62,0.0
2024-01-07,10519.186046083334,10009.089167,2082.108752333333,97.83026402916668,1.833333333333332,0.0,0.0,0.0,0.0,0.0,0.0,0.0,0.0,0.0,29.62,0.0
2024-01-07,10550.678593041666,10044.1166085,2113.315662666667,96.12900203958333,1.416666666666666,0.0,0.0,0.0,0.0,0.0,0.0,0.0,0.0,0.0,29.62,0.0
2024-01-08,10582.17114,10079.14405,2144.522573,94.42774005,1.0,0.0,0.0,0.0,0.0,0.0,0.0,0.0,0.0,0.0,29.62,0.0
2024-01-08,10666.317436666666,10166.448737916668,2166.7793915,95.99689893541668,1.2916666666666667,0.0,0.0,0.0,0.0,0.0,0.0,0.0,0.0,0.0,29.62,0.0
2024-01-08,10750.463733333334,10253.753425833334,2189.03621,97.56605782083334,1.5833333333333337,0.0,0.0,0.0,0.0,0.0,0.0,0.0,0.0,0.0,29.62,0.0
2024-01-08,10834.61003,10341.05811375,2211.2930285,99.13521670625,1.875,0.0,0.0,0.0,0.0,0.0,0.0,0.0,0.0,0.0,29.62,0.0
2024-01-08,10918.756326666668,10428.362801666668,2233.549847,100.70437559166666,2.166666666666667,0.0,0.0,0.0,0.0,0.0,0.0,0.0,0.0,0.0,29.62,0.0
2024-01-08,11002.902623333332,10515.667489583337,2255.8066655,102.27353447708332,2.458333333333333,0.0,0.0,0.0,0.0,0.0,0.0,0.0,0.0,0.0,29.62,0.0
2024-01-08,11087.04892,10602.9721775,2278.063484,103.8426933625,2.75,0.0,0.0,0.0,0.0,0.0,0.0,0.0,0.0,0.0,29.62,0.0
2024-01-08,11171.195216666669,10690.276865416668,2300.3203025000003,105.41185224791668,3.041666666666667,0.0,0.0,0.0,0.0,0.0,0.0,0.0,0.0,0.0,29.62,0.0
2024-01-08,11255.341513333333,10777.581553333332,2322.5771210000003,106.98101113333333,3.333333333333333,0.0,0.0,0.0,0.0,0.0,0.0,0.0,0.0,0.0,29.62,0.0
2024-01-08,11339.48781,10864.88624125,2344.8339395000003,108.55017001875,3.625,0.0,0.0,0.0,0.0,0.0,0.0,0.0,0.0,0.0,29.62,0.0
2024-01-08,11423.634106666666,10952.190929166669,2367.0907580000003,110.11932890416666,3.916666666666667,0.0,0.0,0.0,0.0,0.0,0.0,0.0,0.0,0.0,29.62,0.0
2024-01-08,11507.780403333334,11039.495617083334,2389.3475765000003,111.68848778958332,4.208333333333334,0.0,0.0,0.0,0.0,0.0,0.0,0.0,0.0,0.0,29.62,0.0
2024-01-08,11591.9267,11126.800305,2411.6043950000003,113.257646675,4.5,0.0,0.0,0.0,0.0,0.0,0.0,0.0,0.0,0.0,29.62,0.0
2024-01-08,11676.072996666666,11214.104992916667,2433.8612135000003,114.82680556041666,4.791666666666667,0.0,0.0,0.0,0.0,0.0,0.0,0.0,0.0,0.0,29.62,0.0
2024-01-08,11760.219293333334,11301.409680833334,2456.1180320000003,116.39596444583331,5.083333333333334,0.0,0.0,0.0,0.0,0.0,0.0,0.0,0.0,0.0,29.62,0.0
2024-01-08,11844.36559,11388.71436875,2478.3748505,117.96512333125,5.375,0.0,0.0,0.0,0.0,0.0,0.0,0.0,0.0,0.0,29.62,0.0
2024-01-08,11928.511886666667,11476.019056666668,2500.631669,119.53428221666668,5.666666666666667,0.0,0.0,0.0,0.0,0.0,0.0,0.0,0.0,0.0,29.62,0.0
2024-01-08,12012.658183333331,11563.323744583333,2522.8884875,121.10344110208334,5.958333333333334,0.0,0.0,0.0,0.0,0.0,0.0,0.0,0.0,0.0,29.62,0.0
2024-01-08,12096.80448,11650.628432500002,2545.145306,122.6725999875,6.25,0.0,0.0,0.0,0.0,0.0,0.0,0.0,0.0,0.0,29.62,0.0
2024-01-08,12180.950776666668,11737.933120416666,2567.4021245,124.24175887291666,6.541666666666667,0.0,0.0,0.0,0.0,0.0,0.0,0.0,0.0,0.0,29.62,0.0
2024-01-08,12265.097073333332,11825.237808333331,2589.658943,125.81091775833332,6.833333333333334,0.0,0.0,0.0,0.0,0.0,0.0,0.0,0.0,0.0,29.62,0.0
2024-01-08,12349.24337,11912.54249625,2611.9157615,127.38007664375,7.125,0.0,0.0,0.0,0.0,0.0,0.0,0.0,0.0,0.0,29.62,0.0
2024-01-08,12433.389666666666,11999.847184166669,2634.17258,128.94923552916666,7.416666666666667,0.0,0.0,0.0,0.0,0.0,0.0,0.0,0.0,0.0,29.62,0.0
2024-01-08,12517.535963333332,12087.151872083334,2656.4293985,130.51839441458333,7.708333333333334,0.0,0.0,0.0,0.0,0.0,0.0,0.0,0.0,0.0,29.62,0.0
2024-01-09,12601.68226,12174.45656,2678.686217,132.0875533,8.0,0.0,0.0,0.0,0.0,0.0,0.0,0.0,0.0,0.0,29.62,0.0
2024-01-09,12528.64015375,12077.456571666668,2658.227046416667,130.99544802083332,7.75,0.0,0.0,0.0,0.0,0.0,0.0,0.0,0.0,0.0,29.62,0.0
2024-01-09,12455.5980475,11980.456583333334,2637.767875833333,129.90334274166668,7.5,0.0,0.0,0.0,0.0,0.0,0.0,0.0,0.0,0.0,29.62,0.0
2024-01-09,12382.55594125,11883.456595,2617.30870525,128.8112374625,7.25,0.0,0.0,0.0,0.0,0.0,0.0,0.0,0.0,0.0,29.62,0.0
2024-01-09,12309.513835,11786.456606666668,2596.849534666667,127.71913218333331,7.0,0.0,0.0,0.0,0.0,0.0,0.0,0.0,0.0,0.0,29.62,0.0
2024-01-09,12236.47172875,11689.456618333334,2576.390364083333,126.62702690416666,6.75,0.0,0.0,0.0,0.0,0.0,0.0,0.0,0.0,0.0,29.62,0.0
2024-01-09,12163.4296225,11592.45663,2555.9311935,125.534921625,6.5,0.0,0.0,0.0,0.0,0.0,0.0,0.0,0.0,0.0,29.62,0.0
2024-01-09,12090.38751625,11495.456641666668,2535.4720229166664,124.44281634583334,6.25,0.0,0.0,0.0,0.0,0.0,0.0,0.0,0.0,0.0,29.62,0.0
2024-01-09,12017.34541,11398.456653333336,2515.0128523333333,123.35071106666666,6.0,0.0,0.0,0.0,0.0,0.0,0.0,0.0,0.0,0.0,29.62,0.0
2024-01-09,11944.30330375,11301.456665000002,2494.55368175,122.2586057875,5.75,0.0,0.0,0.0,0.0,0.0,0.0,0.0,0.0,0.0,29.62,0.0
2024-01-09,11871.2611975,11204.456676666668,2474.0945111666665,121.16650050833331,5.5,0.0,0.0,0.0,0.0,0.0,0.0,0.0,0.0,0.0,29.62,0.0
2024-01-09,11798.21909125,11107.456688333334,2453.6353405833333,120.07439522916668,5.25,0.0,0.0,0.0,0.0,0.0,0.0,0.0,0.0,0.0,29.62,0.0
2024-01-09,11725.176985,11010.4567,2433.17617,118.98228995,5.0,0.0,0.0,0.0,0.0,0.0,0.0,0.0,0.0,0.0,29.62,0.0
2024-01-09,11652.13487875,10913.456711666668,2412.7169994166666,117.89018467083332,4.75,0.0,0.0,0.0,0.0,0.0,0.0,0.0,0.0,0.0,29.62,0.0
2024-01-09,11579.0927725,10816.456723333336,2392.2578288333334,116.79807939166666,4.5,0.0,0.0,0.0,0.0,0.0,0.0,0.0,0.0,0.0,29.62,0.0
2024-01-09,11506.05066625,10719.456735,2371.79865825,115.7059741125,4.25,0.0,0.0,0.0,0.0,0.0,0.0,0.0,0.0,0.0,29.62,0.0
2024-01-09,11433.00856,10622.456746666669,2351.339487666666,114.61386883333331,4.0,0.0,0.0,0.0,0.0,0.0,0.0,0.0,0.0,0.0,29.62,0.0
2024-01-09,11359.96645375,10525.456758333334,2330.880317083333,113.52176355416664,3.75,0.0,0.0,0.0,0.0,0.0,0.0,0.0,0.0,0.0,29.62,0.0
2024-01-09,11286.9243475,10428.45677,2310.4211465,112.429658275,3.5,0.0,0.0,0.0,0.0,0.0,0.0,0.0,0.0,0.0,29.62,0.0
2024-01-09,11213.88224125,10331.456781666668,2289.9619759166667,111.33755299583332,3.25,0.0,0.0,0.0,0.0,0.0,0.0,0.0,0.0,0.0,29.62,0.0
2024-01-09,11140.840135,10234.456793333336,2269.502805333333,110.24544771666666,3.0,0.0,0.0,0.0,0.0,0.0,0.0,0.0,0.0,0.0,29.62,0.0
2024-01-09,11067.79802875,10137.456805000002,2249.04363475,109.1533424375,2.75,0.0,0.0,0.0,0.0,0.0,0.0,0.0,0.0,0.0,29.62,0.0
2024-01-09,10994.7559225,10040.456816666669,2228.5844641666667,108.06123715833333,2.5,0.0,0.0,0.0,0.0,0.0,0.0,0.0,0.0,0.0,29.62,0.0
2024-01-09,10921.71381625,9943.456828333334,2208.125293583333,106.96913187916668,2.25,0.0,0.0,0.0,0.0,0.0,0.0,0.0,0.0,0.0,29.62,0.0
2024-01-10,10848.67171,9846.45684,2187.666123,105.8770266,2.0,0.0,0.0,0.0,0.0,0.0,0.0,0.0,0.0,0.0,29.62,0.0
2024-01-10,10878.473605,9901.508162083332,2187.165718625,108.20793347083332,2.333333333333333,0.0,0.0,0.0,0.0,0.0,0.0,0.0,0.0,0.0,29.62,0.0
2024-01-10,10908.2755,9956.559484166668,2186.66531425,110.53884034166666,2.6666666666666665,0.0,0.0,0.0,0.0,0.0,0.0,0.0,0.0,0.0,29.62,0.0
2024-01-10,10938.077395,10011.61080625,2186.164909875,112.8697472125,3.0,0.0,0.0,0.0,0.0,0.0,0.0,0.0,0.0,0.0,29.62,0.0
2024-01-10,10967.87929,10066.662128333332,2185.6645055,115.20065408333332,3.333333333333333,0.0,0.0,0.0,0.0,0.0,0.0,0.0,0.0,0.0,29.62,0.0
2024-01-10,10997.681185,10121.713450416668,2185.164101125,117.53156095416666,3.6666666666666665,0.0,0.0,0.0,0.0,0.0,0.0,0.0,0.0,0.0,29.62,0.0
2024-01-10,11027.48308,10176.7647725,2184.66369675,119.862467825,4.0,0.0,0.0,0.0,0.0,0.0,0.0,0.0,0.0,0.0,29.62,0.0
2024-01-10,11057.284975,10231.816094583332,2184.163292375,122.19337469583331,4.333333333333333,0.0,0.0,0.0,0.0,0.0,0.0,0.0,0.0,0.0,29.62,0.0
2024-01-10,11087.08687,10286.867416666668,2183.662888,124.52428156666666,4.666666666666666,0.0,0.0,0.0,0.0,0.0,0.0,0.0,0.0,0.0,29.62,0.0
2024-01-10,11116.888765,10341.91873875,2183.162483625,126.8551884375,5.0,0.0,0.0,0.0,0.0,0.0,0.0,0.0,0.0,0.0,29.62,0.0
2024-01-10,11146.69066,10396.970060833331,2182.66207925,129.18609530833334,5.333333333333333,0.0,0.0,0.0,0.0,0.0,0.0,0.0,0.0,0.0,29.62,0.0
2024-01-10,11176.492555,10452.021382916668,2182.161674875,131.51700217916667,5.666666666666666,0.0,0.0,0.0,0.0,0.0,0.0,0.0,0.0,0.0,29.62,0.0
2024-01-10,11206.29445,10507.072705,2181.6612705,133.84790905,6.0,0.0,0.0,0.0,0.0,0.0,0.0,0.0,0.0,0.0,29.62,0.0
2024-01-10,11236.096345,10562.124027083331,2181.160866125,136.17881592083333,6.333333333333333,0.0,0.0,0.0,0.0,0.0,0.0,0.0,0.0,0.0,29.62,0.0
2024-01-10,11265.89824,10617.175349166668,2180.66046175,138.50972279166666,6.666666666666666,0.0,0.0,0.0,0.0,0.0,0.0,0.0,0.0,0.0,29.62,0.0
2024-01-10,11295.700135,10672.22667125,2180.160057375,140.8406296625,7.0,0.0,0.0,0.0,0.0,0.0,0.0,0.0,0.0,0.0,29.62,0.0
2024-01-10,11325.50203,10727.277993333331,2179.659653,143.17153653333332,7.333333333333333,0.0,0.0,0.0,0.0,0.0,0.0,0.0,0.0,0.0,29.62,0.0
2024-01-10,11355.303925,10782.329315416668,2179.159248625,145.50244340416666,7.666666666666666,0.0,0.0,0.0,0.0,0.0,0.0,0.0,0.0,0.0,29.62,0.0
2024-01-10,11385.10582,10837.3806375,2178.65884425,147.833350275,8.0,0.0,0.0,0.0,0.0,0.0,0.0,0.0,0.0,0.0,29.62,0.0
2024-01-10,11414.907715,10892.431959583331,2178.158439875,150.16425714583335,8.333333333333332,0.0,0.0,0.0,0.0,0.0,0.0,0.0,0.0,0.0,29.62,0.0
2024-01-10,11444.70961,10947.483281666668,2177.6580355,152.49516401666665,8.666666666666666,0.0,0.0,0.0,0.0,0.0,0.0,0.0,0.0,0.0,29.62,0.0
2024-01-10,11474.511505,11002.53460375,2177.157631125,154.8260708875,9.0,0.0,0.0,0.0,0.0,0.0,0.0,0.0,0.0,0.0,29.62,0.0
2024-01-10,11504.3134,11057.585925833331,2176.65722675,157.15697775833334,9.333333333333332,0.0,0.0,0.0,0.0,0.0,0.0,0.0,0.0,0.0,29.62,0.0
2024-01-10,11534.115295,11112.637247916668,2176.156822375,159.48788462916667,9.666666666666666,0.0,0.0,0.0,0.0,0.0,0.0,0.0,0.0,0.0,29.62,0.0
2024-01-11,11563.91719,11167.68857,2175.656418,161.8187915,10.0,0.0,0.0,0.0,0.0,0.0,0.0,0.0,0.0,0.0,29.62,0.0
2024-01-11,11520.684000416666,11115.788998291668,2171.98976775,159.8335018625,9.75,0.0,0.0,0.0,0.0,0.0,0.0,0.0,0.0,0.0,29.62,0.0
2024-01-11,11477.450810833334,11063.889426583331,2168.3231175,157.848212225,9.5,0.0,0.0,0.0,0.0,0.0,0.0,0.0,0.0,0.0,29.62,0.0
2024-01-11,11434.21762125,11011.989854875,2164.65646725,155.8629225875,9.25,0.0,0.0,0.0,0.0,0.0,0.0,0.0,0.0,0.0,29.62,0.0
2024-01-11,11390.984431666668,10960.090283166666,2160.989817,153.87763295,9.0,0.0,0.0,0.0,0.0,0.0,0.0,0.0,0.0,0.0,29.62,0.0
2024-01-11,11347.751242083334,10908.190711458334,2157.32316675,151.8923433125,8.75,0.0,0.0,0.0,0.0,0.0,0.0,0.0,0.0,0.0,29.62,0.0
2024-01-11,11304.5180525,10856.29113975,2153.6565165,149.907053675,8.5,0.0,0.0,0.0,0.0,0.0,0.0,0.0,0.0,0.0,29.62,0.0
2024-01-11,11261.284862916667,10804.391568041669,2149.98986625,147.9217640375,8.25,0.0,0.0,0.0,0.0,0.0,0.0,0.0,0.0,0.0,29.62,0.0
2024-01-11,11218.051673333332,10752.491996333334,2146.323216,145.9364744,8.0,0.0,0.0,0.0,0.0,0.0,0.0,0.0,0.0,0.0,29.62,0.0
2024-01-11,11174.81848375,10700.592424625,2142.65656575,143.9511847625,7.75,0.0,0.0,0.0,0.0,0.0,0.0,0.0,0.0,0.0,29.62,0.0
2024-01-11,11131.585294166667,10648.692852916667,2138.9899155000003,141.965895125,7.5,0.0,0.0,0.0,0.0,0.0,0.0,0.0,0.0,0.0,29.62,0.0
2024-01-11,11088.352104583331,10596.793281208333,2135.32326525,139.9806054875,7.25,0.0,0.0,0.0,0.0,0.0,0.0,0.0,0.0,0.0,29.62,0.0
2024-01-11,11045.118915,10544.8937095,2131.656615,137.99531585,7.0,0.0,0.0,0.0,0.0,0.0,0.0,0.0,0.0,0.0,29.62,0.0
2024-01-11,11001.885725416669,10492.994137791668,2127.98996475,136.0100262125,6.75,0.0,0.0,0.0,0.0,0.0,0.0,0.0,0.0,0.0,29.62,0.0
2024-01-11,10958.652535833333,10441.094566083331,2124.3233145,134.024736575,6.5,0.0,0.0,0.0,0.0,0.0,0.0,0.0,0.0,0.0,29.62,0.0
2024-01-11,10915.41934625,10389.194994375,2120.65666425,132.0394469375,6.25,0.0,0.0,0.0,0.0,0.0,0.0,0.0,0.0,0.0,29.62,0.0
2024-01-11,10872.186156666668,10337.295422666666,2116.990014,130.0541573,6.0,0.0,0.0,0.0,0.0,0.0,0.0,0.0,0.0,0.0,29.62,0.0
2024-01-11,10828.952967083333,10285.395850958334,2113.32336375,128.0688676625,5.75,0.0,0.0,0.0,0.0,0.0,0.0,0.0,0.0,0.0,29.62,0.0
2024-01-11,10785.7197775,10233.49627925,2109.6567135,126.083578025,5.5,0.0,0.0,0.0,0.0,0.0,0.0,0.0,0.0,0.0,29.62,0.0
2024-01-11,10742.486587916666,10181.596707541668,2105.9900632500003,124.0982883875,5.25,0.0,0.0,0.0,0.0,0.0,0.0,0.0,0.0,0.0,29.62,0.0
2024-01-11,10699.253398333334,10129.697135833334,2102.323413,122.11299875,5.0,0.0,0.0,0.0,0.0,0.0,0.0,0.0,0.0,0.0,29.62,0.0
2024-01-11,10656.02020875,10077.797564125,2098.6567627500003,120.1277091125,4.75,0.0,0.0,0.0,0.0,0.0,0.0,0.0,0.0,0.0,29.62,0.0
2024-01-11,10612.787019166666,10025.897992416669,2094.9901125,118.142419475,4.5,0.0,0.0,0.0,0.0,0.0,0.0,0.0,0.0,0.0,29.62,0.0
2024-01-11,10569.553829583334,9973.998420708333,2091.3234622500004,116.1571298375,4.25,0.0,0.0,0.0,0.0,0.0,0.0,0.0,0.0,0.0,29.62,0.0
2024-01-12,10526.32064,9922.098849,2087.656812,114.1718402,4.0,0.0,0.0,0.0,0.0,0.0,0.0,0.0,0.0,0.0,29.62,0.0
2024-01-12,10495.204950541667,9921.475007416666,2086.651428083333,114.34383644166668,4.083333333333333,0.0,0.0,0.0,0.0,0.0,0.0,0.0,0.0,0.0,29.62,0.0
2024-01-12,10464.089261083333,9920.851165833334,2085.646044166667,114.51583268333334,4.166666666666667,0.0,0.0,0.0,0.0,0.0,0.0,0.0,0.0,0.0,29.62,0.0
2024-01-12,10432.973571625,9920.22732425,2084.64066025,114.687828925,4.25,0.0,0.0,0.0,0.0,0.0,0.0,0.0,0.0,0.0,29.62,0.0
2024-01-12,10401.857882166669,9919.603482666667,2083.6352763333334,114.85982516666668,4.333333333333333,0.0,0.0,0.0,0.0,0.0,0.0,0.0,0.0,0.0,29.62,0.0
2024-01-12,10370.742192708334,9918.979641083331,2082.6298924166667,115.03182140833334,4.416666666666667,0.0,0.0,0.0,0.0,0.0,0.0,0.0,0.0,0.0,29.62,0.0
2024-01-12,10339.62650325,9918.3557995,2081.6245085,115.20381765,4.5,0.0,0.0,0.0,0.0,0.0,0.0,0.0,0.0,0.0,29.62,0.0
2024-01-12,10308.510813791669,9917.731957916669,2080.6191245833334,115.37581389166668,4.583333333333333,0.0,0.0,0.0,0.0,0.0,0.0,0.0,0.0,0.0,29.62,0.0
2024-01-12,10277.395124333334,9917.108116333333,2079.6137406666667,115.54781013333334,4.666666666666667,0.0,0.0,0.0,0.0,0.0,0.0,0.0,0.0,0.0,29.62,0.0
2024-01-12,10246.279434875,9916.48427475,2078.60835675,115.719806375,4.75,0.0,0.0,0.0,0.0,0.0,0.0,0.0,0.0,0.0,29.62,0.0
2024-01-12,10215.163745416668,9915.860433166668,2077.6029728333333,115.89180261666668,4.833333333333333,0.0,0.0,0.0,0.0,0.0,0.0,0.0,0.0,0.0,29.62,0.0
2024-01-12,10184.048055958334,9915.236591583334,2076.5975889166666,116.06379885833334,4.916666666666667,0.0,0.0,0.0,0.0,0.0,0.0,0.0,0.0,0.0,29.62,0.0
2024-01-12,10152.9323665,9914.61275,2075.592205,116.2357951,5.0,0.0,0.0,0.0,0.0,0.0,0.0,0.0,0.0,0.0,29.62,0.0
2024-01-12,10121.816677041666,9913.988908416666,2074.5868210833337,116.40779134166668,5.083333333333333,0.0,0.0,0.0,0.0,0.0,0.0,0.0,0.0,0.0,29.62,0.0
2024-01-12,10090.700987583334,9913.365066833334,2073.581437166667,116.57978758333334,5.166666666666666,0.0,0.0,0.0,0.0,0.0,0.0,0.0,0.0,0.0,29.62,0.0
2024-01-12,10059.585298125,9912.74122525,2072.5760532500003,116.751783825,5.25,0.0,0.0,0.0,0.0,0.0,0.0,0.0,0.0,0.0,29.62,0.0
2024-01-12,10028.469608666666,9912.117383666668,2071.5706693333336,116.92378006666668,5.333333333333333,0.0,0.0,0.0,0.0,0.0,0.0,0.0,0.0,0.0,29.62,0.0
2024-01-12,9997.353919208334,9911.493542083334,2070.565285416667,117.09577630833334,5.416666666666666,0.0,0.0,0.0,0.0,0.0,0.0,0.0,0.0,0.0,29.62,0.0
2024-01-12,9966.23822975,9910.8697005,2069.5599015000003,117.26777255,5.5,0.0,0.0,0.0,0.0,0.0,0.0,0.0,0.0,0.0,29.62,0.0
2024-01-12,9935.122540291668,9910.245858916667,2068.5545175833336,117.43976879166668,5.583333333333333,0.0,0.0,0.0,0.0,0.0,0.0,0.0,0.0,0.0,29.62,0.0
2024-01-12,9904.006850833332,9909.622017333331,2067.549133666667,117.61176503333334,5.666666666666666,0.0,0.0,0.0,0.0,0.0,0.0,0.0,0.0,0.0,29.62,0.0
2024-01-12,9872.891161375,9908.99817575,2066.54374975,117.783761275,5.75,0.0,0.0,0.0,0.0,0.0,0.0,0.0,0.0,0.0,29.62,0.0
2024-01-12,9841.775471916668,9908.374334166669,2065.538365833333,117.95575751666668,5.833333333333333,0.0,0.0,0.0,0.0,0.0,0.0,0.0,0.0,0.0,29.62,0.0
2024-01-12,9810.659782458331,9907.750492583336,2064.532981916667,118.12775375833334,5.916666666666666,0.0,0.0,0.0,0.0,0.0,0.0,0.0,0.0,0.0,29.62,0.0
2024-01-13,9779.544093,9907.126651,2063.527598,118.29975,6.0,0.0,0.0,0.0,0.0,0.0,0.0,0.0,0.0,0.0,29.62,0.0
2024-01-13,9797.813405375,9900.099629583334,2066.0372426666668,116.75592865875,5.791666666666667,0.0,0.0,0.0,0.0,0.0,0.0,0.0,0.0,0.0,29.62,0.0
2024-01-13,9816.08271775,9893.072608166667,2068.5468873333334,115.2121073175,5.583333333333333,0.0,0.0,0.0,0.0,0.0,0.0,0.0,0.0,0.0,29.62,0.0
2024-01-13,9834.352030125,9886.04558675,2071.056532,113.66828597625,5.375,0.0,0.0,0.0,0.0,0.0,0.0,0.0,0.0,0.0,29.62,0.0
2024-01-13,9852.6213425,9879.018565333334,2073.5661766666667,112.124464635,5.166666666666667,0.0,0.0,0.0,0.0,0.0,0.0,0.0,0.0,0.0,29.62,0.0
2024-01-13,9870.890654875,9871.991543916669,2076.0758213333334,110.58064329375,4.958333333333333,0.0,0.0,0.0,0.0,0.0,0.0,0.0,0.0,0.0,29.62,0.0
2024-01-13,9889.15996725,9864.9645225,2078.585466,109.0368219525,4.75,0.0,0.0,0.0,0.0,0.0,0.0,0.0,0.0,0.0,29.62,0.0
2024-01-13,9907.429279625,9857.937501083334,2081.095110666666,107.49300061125,4.541666666666666,0.0,0.0,0.0,0.0,0.0,0.0,0.0,0.0,0.0,29.62,0.0
2024-01-13,9925.698592,9850.910479666669,2083.6047553333333,105.94917927,4.333333333333333,0.0,0.0,0.0,0.0,0.0,0.0,0.0,0.0,0.0,29.62,0.0
2024-01-13,9943.967904375,9843.88345825,2086.1144,104.40535792875,4.125,0.0,0.0,0.0,0.0,0.0,0.0,0.0,0.0,0.0,29.62,0.0
2024-01-13,9962.23721675,9836.856436833334,2088.6240446666666,102.8615365875,3.9166666666666665,0.0,0.0,0.0,0.0,0.0,0.0,0.0,0.0,0.0,29.62,0.0
2024-01-13,9980.506529125,9829.829415416669,2091.133689333333,101.31771524625,3.708333333333333,0.0,0.0,0.0,0.0,0.0,0.0,0.0,0.0,0.0,29.62,0.0
2024-01-13,9998.7758415,9822.802394,2093.6433340000003,99.773893905,3.5,0.0,0.0,0.0,0.0,0.0,0.0,0.0,0.0,0.0,29.62,0.0
2024-01-13,10017.045153875,9815.775372583334,2096.152978666667,98.23007256375,3.2916666666666665,0.0,0.0,0.0,0.0,0.0,0.0,0.0,0.0,0.0,29.62,0.0
2024-01-13,10035.31446625,9808.748351166669,2098.6626233333336,96.6862512225,3.083333333333333,0.0,0.0,0.0,0.0,0.0,0.0,0.0,0.0,0.0,29.62,0.0
2024-01-13,10053.583778625,9801.72132975,2101.1722680000003,95.14242988125,2.875,0.0,0.0,0.0,0.0,0.0,0.0,0.0,0.0,0.0,29.62,0.0
2024-01-13,10071.853091,9794.694308333334,2103.681912666667,93.59860854,2.6666666666666665,0.0,0.0,0.0,0.0,0.0,0.0,0.0,0.0,0.0,29.62,0.0
2024-01-13,10090.122403375,9787.667286916669,2106.191557333333,92.05478719875,2.458333333333333,0.0,0.0,0.0,0.0,0.0,0.0,0.0,0.0,0.0,29.62,0.0
2024-01-13,10108.39171575,9780.6402655,2108.701202,90.5109658575,2.25,0.0,0.0,0.0,0.0,0.0,0.0,0.0,0.0,0.0,29.62,0.0
2024-01-13,10126.661028125,9773.613244083332,2111.210846666667,88.96714451625,2.0416666666666665,0.0,0.0,0.0,0.0,0.0,0.0,0.0,0.0,0.0,29.62,0.0
2024-01-13,10144.9303405,9766.586222666669,2113.720491333333,87.42332317500001,1.833333333333333,0.0,0.0,0.0,0.0,0.0,0.0,0.0,0.0,0.0,29.62,0.0
2024-01-13,10163.199652875,9759.55920125,2116.230136,85.87950183375,1.625,0.0,0.0,0.0,0.0,0.0,0.0,0.0,0.0,0.0,29.62,0.0
2024-01-13,10181.46896525,9752.532179833332,2118.739780666667,84.3356804925,1.416666666666666,0.0,0.0,0.0,0.0,0.0,0.0,0.0,0.0,0.0,29.62,0.0
2024-01-13,10199.738277625,9745.505158416669,2121.2494253333334,82.79185915125001,1.208333333333333,0.0,0.0,0.0,0.0,0.0,0.0,0.0,0.0,0.0,29.62,0.0
2024-01-14,10218.00759,9738.478137,2123.75907,81.24803781,1.0,0.0,0.0,0.0,0.0,0.0,0.0,0.0,0.0,0.0,29.62,0.0
2024-01-14,10251.909458333332,9837.263850458334,2115.174408375,82.021524965,1.375,0.0,0.0,0.0,0.0,0.0,0.0,0.0,0.0,0.0,29.62,0.0
2024-01-14,10285.811326666666,9936.049563916667,2106.58974675,82.79501212,1.75,0.0,0.0,0.0,0.0,0.0,0.0,0.0,0.0,0.0,29.62,0.0
2024-01-14,10319.713195,10034.835277375,2098.005085125,83.568499275,2.125,0.0,0.0,0.0,0.0,0.0,0.0,0.0,0.0,0.0,29.62,0.0
2024-01-14,10353.615063333333,10133.620990833331,2089.4204235,84.34198642999999,2.5,0.0,0.0,0.0,0.0,0.0,0.0,0.0,0.0,0.0,29.62,0.0
2024-01-14,10387.516931666663,10232.406704291669,2080.835761875,85.115473585,2.875,0.0,0.0,0.0,0.0,0.0,0.0,0.0,0.0,0.0,29.62,0.0
2024-01-14,10421.4188,10331.19241775,2072.25110025,85.88896074,3.25,0.0,0.0,0.0,0.0,0.0,0.0,0.0,0.0,0.0,29.62,0.0
2024-01-14,10455.320668333334,10429.978131208332,2063.666438625,86.662447895,3.625,0.0,0.0,0.0,0.0,0.0,0.0,0.0,0.0,0.0,29.62,0.0
2024-01-14,10489.222536666666,10528.763844666666,2055.081777,87.43593505,4.0,0.0,0.0,0.0,0.0,0.0,0.0,0.0,0.0,0.0,29.62,0.0
2024-01-14,10523.124405,10627.549558125,2046.497115375,88.209422205,4.375,0.0,0.0,0.0,0.0,0.0,0.0,0.0,0.0,0.0,29.62,0.0
2024-01-14,10557.026273333331,10726.335271583332,2037.91245375,88.98290936,4.75,0.0,0.0,0.0,0.0,0.0,0.0,0.0,0.0,0.0,29.62,0.0
2024-01-14,10590.928141666667,10825.120985041667,2029.327792125,89.75639651499999,5.125,0.0,0.0,0.0,0.0,0.0,0.0,0.0,0.0,0.0,29.62,0.0
2024-01-14,10624.83001,10923.9066985,2020.7431305,90.52988367,5.5,0.0,0.0,0.0,0.0,0.0,0.0,0.0,0.0,0.0,29.62,0.0
2024-01-14,10658.731878333332,11022.692411958333,2012.158468875,91.303370825,5.875,0.0,0.0,0.0,0.0,0.0,0.0,0.0,0.0,0.0,29.62,0.0
2024-01-14,10692.633746666666,11121.478125416666,2003.57380725,92.07685798,6.25,0.0,0.0,0.0,0.0,0.0,0.0,0.0,0.0,0.0,29.62,0.0
2024-01-14,10726.535615,11220.263838875,1994.989145625,92.850345135,6.625,0.0,0.0,0.0,0.0,0.0,0.0,0.0,0.0,0.0,29.62,0.0
2024-01-14,10760.437483333331,11319.049552333334,1986.404484,93.62383229,7.0,0.0,0.0,0.0,0.0,0.0,0.0,0.0,0.0,0.0,29.62,0.0
2024-01-14,10794.339351666666,11417.835265791666,1977.819822375,94.397319445,7.375,0.0,0.0,0.0,0.0,0.0,0.0,0.0,0.0,0.0,29.62,0.0
2024-01-14,10828.24122,11516.62097925,1969.23516075,95.1708066,7.75,0.0,0.0,0.0,0.0,0.0,0.0,0.0,0.0,0.0,29.62,0.0
2024-01-14,10862.143088333334,11615.406692708331,1960.650499125,95.944293755,8.125,0.0,0.0,0.0,0.0,0.0,0.0,0.0,0.0,0.0,29.62,0.0
2024-01-14,10896.044956666668,11714.192406166669,1952.0658375,96.71778091,8.5,0.0,0.0,0.0,0.0,0.0,0.0,0.0,0.0,0.0,29.62,0.0
2024-01-14,10929.946825,11812.978119625,1943.481175875,97.491268065,8.875,0.0,0.0,0.0,0.0,0.0,0.0,0.0,0.0,0.0,29.62,0.0
2024-01-14,10963.848693333332,11911.763833083332,1934.89651425,98.26475522,9.25,0.0,0.0,0.0,0.0,0.0,0.0,0.0,0.0,0.0,29.62,0.0
2024-01-14,10997.750561666668,12010.549546541666,1926.311852625,99.038242375,9.625,0.0,0.0,0.0,0.0,0.0,0.0,0.0,0.0,0.0,29.62,0.0
2024-01-15,11031.65243,12109.33526,1917.727191,99.81172953,10.0,0.0,0.0,0.0,0.0,0.0,0.0,0.0,0.0,0.0,29.62,0.0
2024-01-15,10995.532844583331,11991.573805583334,1921.5715445,99.64385855916666,9.666666666666666,0.0,0.0,0.0,0.0,0.0,0.0,0.0,0.0,0.0,29.62,0.0
2024-01-15,10959.413259166668,11873.812351166667,1925.415898,99.47598758833333,9.333333333333334,0.0,0.0,0.0,0.0,0.0,0.0,0.0,0.0,0.0,29.62,0.0
2024-01-15,10923.29367375,11756.05089675,1929.2602515,99.3081166175,9.0,0.0,0.0,0.0,0.0,0.0,0.0,0.0,0.0,0.0,29.62,0.0
2024-01-15,10887.174088333331,11638.289442333333,1933.104605,99.14024564666666,8.666666666666666,0.0,0.0,0.0,0.0,0.0,0.0,0.0,0.0,0.0,29.62,0.0
2024-01-15,10851.054502916666,11520.527987916666,1936.9489585,98.97237467583332,8.333333333333334,0.0,0.0,0.0,0.0,0.0,0.0,0.0,0.0,0.0,29.62,0.0
2024-01-15,10814.9349175,11402.7665335,1940.793312,98.804503705,8.0,0.0,0.0,0.0,0.0,0.0,0.0,0.0,0.0,0.0,29.62,0.0
2024-01-15,10778.815332083332,11285.005079083334,1944.6376655,98.63663273416668,7.666666666666667,0.0,0.0,0.0,0.0,0.0,0.0,0.0,0.0,0.0,29.62,0.0
2024-01-15,10742.695746666666,11167.243624666666,1948.482019,98.46876176333332,7.333333333333334,0.0,0.0,0.0,0.0,0.0,0.0,0.0,0.0,0.0,29.62,0.0
2024-01-15,10706.57616125,11049.48217025,1952.3263725,98.3008907925,7.0,0.0,0.0,0.0,0.0,0.0,0.0,0.0,0.0,0.0,29.62,0.0
2024-01-15,10670.456575833334,10931.720715833331,1956.170726,98.13301982166666,6.666666666666667,0.0,0.0,0.0,0.0,0.0,0.0,0.0,0.0,0.0,29.62,0.0
2024-01-15,10634.336990416668,10813.959261416669,1960.0150795,97.96514885083332,6.333333333333334,0.0,0.0,0.0,0.0,0.0,0.0,0.0,0.0,0.0,29.62,0.0
2024-01-15,10598.217405,10696.197807,1963.859433,97.79727788,6.0,0.0,0.0,0.0,0.0,0.0,0.0,0.0,0.0,0.0,29.62,0.0
2024-01-15,10562.097819583334,10578.436352583332,1967.7037865,97.62940690916666,5.666666666666667,0.0,0.0,0.0,0.0,0.0,0.0,0.0,0.0,0.0,29.62,0.0
2024-01-15,10525.978234166669,10460.674898166666,1971.54814,97.46153593833333,5.333333333333334,0.0,0.0,0.0,0.0,0.0,0.0,0.0,0.0,0.0,29.62,0.0
2024-01-15,10489.85864875,10342.91344375,1975.3924935,97.2936649675,5.0,0.0,0.0,0.0,0.0,0.0,0.0,0.0,0.0,0.0,29.62,0.0
2024-01-15,10453.739063333334,10225.151989333332,1979.236847,97.12579399666666,4.666666666666667,0.0,0.0,0.0,0.0,0.0,0.0,0.0,0.0,0.0,29.62,0.0
2024-01-15,10417.619477916667,10107.390534916663,1983.0812005,96.95792302583332,4.333333333333334,0.0,0.0,0.0,0.0,0.0,0.0,0.0,0.0,0.0,29.62,0.0
2024-01-15,10381.4998925,9989.6290805,1986.925554,96.790052055,4.0,0.0,0.0,0.0,0.0,0.0,0.0,0.0,0.0,0.0,29.62,0.0
2024-01-15,10345.380307083336,9871.867626083333,1990.7699075,96.62218108416668,3.666666666666667,0.0,0.0,0.0,0.0,0.0,0.0,0.0,0.0,0.0,29.62,0.0
2024-01-15,10309.260721666667,9754.106171666666,1994.614261,96.45431011333334,3.333333333333334,0.0,0.0,0.0,0.0,0.0,0.0,0.0,0.0,0.0,29.62,0.0
2024-01-15,10273.14113625,9636.344717249998,1998.4586145,96.2864391425,3.0,0.0,0.0,0.0,0.0,0.0,0.0,0.0,0.0,0.0,29.62,0.0
2024-01-15,10237.021550833331,9518.583262833332,2002.302968,96.11856817166668,2.666666666666667,0.0,0.0,0.0,0.0,0.0,0.0,0.0,0.0,0.0,29.62,0.0
2024-01-15,10200.901965416668,9400.821808416666,2006.1473215,95.95069720083332,2.333333333333334,0.0,0.0,0.0,0.0,0.0,0.0,0.0,0.0,0.0,29.62,0.0
2024-01-16,10164.78238,9283.060354,2009.991675,95.78282623,2.0,0.0,0.0,0.0,0.0,0.0,0.0,0.0,0.0,0.0,29.62,0.0
2024-01-16,10177.275369166668,9283.803212458331,2009.6616935416664,95.22459871416666,2.0,0.0,0.0,0.0,0.0,0.0,0.0,0.0,0.0,0.0,29.62,0.0
2024-01-16,10189.768358333336,9284.546070916664,2009.3317120833333,94.66637119833334,2.0,0.0,0.0,0.0,0.0,0.0,0.0,0.0,0.0,0.0,29.62,0.0
2024-01-16,10202.2613475,9285.288929375,2009.001730625,94.1081436825,2.0,0.0,0.0,0.0,0.0,0.0,0.0,0.0,0.0,0.0,29.62,0.0
2024-01-16,10214.754336666669,9286.031787833334,2008.6717491666664,93.54991616666666,2.0,0.0,0.0,0.0,0.0,0.0,0.0,0.0,0.0,0.0,29.62,0.0
2024-01-16,10227.247325833334,9286.774646291666,2008.3417677083328,92.99168865083332,2.0,0.0,0.0,0.0,0.0,0.0,0.0,0.0,0.0,0.0,29.62,0.0
2024-01-16,10239.740315,9287.51750475,2008.01178625,92.433461135,2.0,0.0,0.0,0.0,0.0,0.0,0.0,0.0,0.0,0.0,29.62,0.0
2024-01-16,10252.233304166668,9288.260363208332,2007.6818047916668,91.87523361916666,2.0,0.0,0.0,0.0,0.0,0.0,0.0,0.0,0.0,0.0,29.62,0.0
2024-01-16,10264.726293333331,9289.003221666666,2007.3518233333332,91.31700610333333,2.0,0.0,0.0,0.0,0.0,0.0,0.0,0.0,0.0,0.0,29.62,0.0
2024-01-16,10277.2192825,9289.746080125,2007.021841875,90.7587785875,2.0,0.0,0.0,0.0,0.0,0.0,0.0,0.0,0.0,0.0,29.62,0.0
2024-01-16,10289.712271666667,9290.488938583332,2006.6918604166667,90.20055107166668,2.0,0.0,0.0,0.0,0.0,0.0,0.0,0.0,0.0,0.0,29.62,0.0
2024-01-16,10302.205260833334,9291.231797041666,2006.3618789583331,89.64232355583333,2.0,0.0,0.0,0.0,0.0,0.0,0.0,0.0,0.0,0.0,29.62,0.0
2024-01-16,10314.69825,9291.974655499998,2006.0318975,89.08409603999999,2.0,0.0,0.0,0.0,0.0,0.0,0.0,0.0,0.0,0.0,29.62,0.0
2024-01-16,10327.191239166666,9292.717513958332,2005.701916041667,88.52586852416667,2.0,0.0,0.0,0.0,0.0,0.0,0.0,0.0,0.0,0.0,29.62,0.0
2024-01-16,10339.684228333334,9293.460372416666,2005.3719345833333,87.96764100833333,2.0,0.0,0.0,0.0,0.0,0.0,0.0,0.0,0.0,0.0,29.62,0.0
2024-01-16,10352.1772175,9294.203230875,2005.041953125,87.4094134925,2.0,0.0,0.0,0.0,0.0,0.0,0.0,0.0,0.0,0.0,29.62,0.0
2024-01-16,10364.670206666668,9294.946089333333,2004.7119716666664,86.85118597666667,2.0,0.0,0.0,0.0,0.0,0.0,0.0,0.0,0.0,0.0,29.62,0.0
2024-01-16,10377.163195833333,9295.688947791668,2004.3819902083333,86.29295846083333,2.0,0.0,0.0,0.0,0.0,0.0,0.0,0.0,0.0,0.0,29.62,0.0
2024-01-16,10389.656185,9296.43180625,2004.05200875,85.734730945,2.0,0.0,0.0,0.0,0.0,0.0,0.0,0.0,0.0,0.0,29.62,0.0
2024-01-16,10402.149174166669,9297.174664708333,2003.7220272916668,85.17650342916667,2.0,0.0,0.0,0.0,0.0,0.0,0.0,0.0,0.0,0.0,29.62,0.0
2024-01-16,10414.642163333334,9297.917523166669,2003.3920458333332,84.61827591333333,2.0,0.0,0.0,0.0,0.0,0.0,0.0,0.0,0.0,0.0,29.62,0.0
2024-01-16,10427.1351525,9298.660381625,2003.062064375,84.0600483975,2.0,0.0,0.0,0.0,0.0,0.0,0.0,0.0,0.0,0.0,29.62,0.0
2024-01-16,10439.628141666666,9299.403240083331,2002.7320829166667,83.50182088166666,2.0,0.0,0.0,0.0,0.0,0.0,0.0,0.0,0.0,0.0,29.62,0.0
2024-01-16,10452.121130833331,9300.146098541663,2002.4021014583332,82.94359336583334,2.0,0.0,0.0,0.0,0.0,0.0,0.0,0.0,0.0,0.0,29.62,0.0
2024-01-17,10464.61412,9300.888957,2002.07212,82.38536585,2.0,0.0,0.0,0.0,0.0,0.0,0.0,0.0,0.0,0.0,29.62,0.0
2024-01-17,10439.586247875,9299.787001333332,1999.7743575,82.94326492458333,2.125,0.0,0.0,0.0,0.0,0.0,0.0,0.0,0.0,0.0,29.62,0.0
2024-01-17,10414.55837575,9298.685045666663,1997.476595,83.50116399916666,2.25,0.0,0.0,0.0,0.0,0.0,0.0,0.0,0.0,0.0,29.62,0.0
2024-01-17,10389.530503625,9297.58309,1995.1788325,84.05906307375,2.375,0.0,0.0,0.0,0.0,0.0,0.0,0.0,0.0,0.0,29.62,0.0
2024-01-17,10364.5026315,9296.481134333331,1992.88107,84.61696214833333,2.5,0.0,0.0,0.0,0.0,0.0,0.0,0.0,0.0,0.0,29.62,0.0
2024-01-17,10339.474759375,9295.379178666666,1990.5833075,85.17486122291666,2.625,0.0,0.0,0.0,0.0,0.0,0.0,0.0,0.0,0.0,29.62,0.0
2024-01-17,10314.44688725,9294.277223,1988.285545,85.7327602975,2.75,0.0,0.0,0.0,0.0,0.0,0.0,0.0,0.0,0.0,29.62,0.0
2024-01-17,10289.419015125,9293.175267333332,1985.9877825,86.29065937208334,2.875,0.0,0.0,0.0,0.0,0.0,0.0,0.0,0.0,0.0,29.62,0.0
2024-01-17,10264.391143,9292.073311666669,1983.69002,86.84855844666667,3.0,0.0,0.0,0.0,0.0,0.0,0.0,0.0,0.0,0.0,29.62,0.0
2024-01-17,10239.363270875,9290.971356,1981.3922575,87.40645752125,3.125,0.0,0.0,0.0,0.0,0.0,0.0,0.0,0.0,0.0,29.62,0.0
2024-01-17,10214.33539875,9289.869400333331,1979.094495,87.96435659583334,3.25,0.0,0.0,0.0,0.0,0.0,0.0,0.0,0.0,0.0,29.62,0.0
2024-01-17,10189.307526625,9288.767444666666,1976.7967325,88.52225567041667,3.375,0.0,0.0,0.0,0.0,0.0,0.0,0.0,0.0,0.0,29.62,0.0
2024-01-17,10164.2796545,9287.665489,1974.49897,89.080154745,3.5,0.0,0.0,0.0,0.0,0.0,0.0,0.0,0.0,0.0,29.62,0.0
2024-01-17,10139.251782375,9286.563533333334,1972.2012075,89.63805381958333,3.625,0.0,0.0,0.0,0.0,0.0,0.0,0.0,0.0,0.0,29.62,0.0
2024-01-17,10114.22391025,9285.461577666669,1969.903445,90.19595289416668,3.75,0.0,0.0,0.0,0.0,0.0,0.0,0.0,0.0,0.0,29.62,0.0
2024-01-17,10089.196038125,9284.359622,1967.6056825,90.75385196875,3.875,0.0,0.0,0.0,0.0,0.0,0.0,0.0,0.0,0.0,29.62,0.0
2024-01-17,10064.168166,9283.257666333331,1965.30792,91.31175104333332,4.0,0.0,0.0,0.0,0.0,0.0,0.0,0.0,0.0,0.0,29.62,0.0
2024-01-17,10039.140293875,9282.155710666668,1963.0101575,91.86965011791668,4.125,0.0,0.0,0.0,0.0,0.0,0.0,0.0,0.0,0.0,29.62,0.0
2024-01-17,10014.11242175,9281.053755,1960.712395,92.4275491925,4.25,0.0,0.0,0.0,0.0,0.0,0.0,0.0,0.0,0.0,29.62,0.0
2024-01-17,9989.084549625,9279.951799333334,1958.4146325,92.98544826708334,4.375,0.0,0.0,0.0,0.0,0.0,0.0,0.0,0.0,0.0,29.62,0.0
2024-01-17,9964.0566775,9278.849843666669,1956.11687,93.54334734166667,4.5,0.0,0.0,0.0,0.0,0.0,0.0,0.0,0.0,0.0,29.62,0.0
2024-01-17,9939.028805375,9277.747888,1953.8191075,94.10124641625,4.625,0.0,0.0,0.0,0.0,0.0,0.0,0.0,0.0,0.0,29.62,0.0
2024-01-17,9914.00093325,9276.645932333337,1951.521345,94.65914549083334,4.75,0.0,0.0,0.0,0.0,0.0,0.0,0.0,0.0,0.0,29.62,0.0
2024-01-17,9888.973061125,9275.543976666668,1949.2235825,95.21704456541669,4.875,0.0,0.0,0.0,0.0,0.0,0.0,0.0,0.0,0.0,29.62,0.0
2024-01-18,9863.945189,9274.442021,1946.92582,95.77494364,5.0,0.0,0.0,0.0,0.0,0.0,0.0,0.0,0.0,0.0,29.62,0.0
2024-01-18,9870.823983208333,9279.406272083334,1950.1803925416664,95.02256275041668,4.875,0.0,0.0,0.0,0.0,0.0,0.0,0.0,0.0,0.0,29.62,0.0
2024-01-18,9877.702777416667,9284.370523166668,1953.4349650833333,94.27018186083332,4.75,0.0,0.0,0.0,0.0,0.0,0.0,0.0,0.0,0.0,29.62,0.0
2024-01-18,9884.581571625,9289.33477425,1956.689537625,93.51780097125,4.625,0.0,0.0,0.0,0.0,0.0,0.0,0.0,0.0,0.0,29.62,0.0
2024-01-18,9891.460365833333,9294.299025333334,1959.9441101666664,92.76542008166666,4.5,0.0,0.0,0.0,0.0,0.0,0.0,0.0,0.0,0.0,29.62,0.0
2024-01-18,9898.339160041667,9299.263276416666,1963.1986827083333,92.01303919208334,4.375,0.0,0.0,0.0,0.0,0.0,0.0,0.0,0.0,0.0,29.62,0.0
2024-01-18,9905.21795425,9304.2275275,1966.45325525,91.2606583025,4.25,0.0,0.0,0.0,0.0,0.0,0.0,0.0,0.0,0.0,29.62,0.0
2024-01-18,9912.096748458333,9309.191778583334,1969.707827791667,90.50827741291668,4.125,0.0,0.0,0.0,0.0,0.0,0.0,0.0,0.0,0.0,29.62,0.0
2024-01-18,9918.975542666669,9314.156029666668,1972.962400333333,89.75589652333333,4.0,0.0,0.0,0.0,0.0,0.0,0.0,0.0,0.0,0.0,29.62,0.0
2024-01-18,9925.854336875,9319.12028075,1976.216972875,89.00351563375,3.875,0.0,0.0,0.0,0.0,0.0,0.0,0.0,0.0,0.0,29.62,0.0
2024-01-18,9932.733131083332,9324.084531833334,1979.471545416667,88.25113474416666,3.75,0.0,0.0,0.0,0.0,0.0,0.0,0.0,0.0,0.0,29.62,0.0
2024-01-18,9939.611925291669,9329.048782916669,1982.7261179583331,87.49875385458333,3.625,0.0,0.0,0.0,0.0,0.0,0.0,0.0,0.0,0.0,29.62,0.0
2024-01-18,9946.4907195,9334.013034,1985.9806905,86.746372965,3.5,0.0,0.0,0.0,0.0,0.0,0.0,0.0,0.0,0.0,29.62,0.0
2024-01-18,9953.369513708332,9338.977285083334,1989.2352630416665,85.99399207541667,3.375,0.0,0.0,0.0,0.0,0.0,0.0,0.0,0.0,0.0,29.62,0.0
2024-01-18,9960.248307916669,9343.941536166669,1992.4898355833327,85.24161118583334,3.25,0.0,0.0,0.0,0.0,0.0,0.0,0.0,0.0,0.0,29.62,0.0
2024-01-18,9967.127102125,9348.90578725,1995.744408125,84.48923029625,3.125,0.0,0.0,0.0,0.0,0.0,0.0,0.0,0.0,0.0,29.62,0.0
2024-01-18,9974.005896333332,9353.870038333334,1998.9989806666665,83.73684940666666,3.0,0.0,0.0,0.0,0.0,0.0,0.0,0.0,0.0,0.0,29.62,0.0
2024-01-18,9980.884690541669,9358.834289416667,2002.2535532083327,82.98446851708333,2.875,0.0,0.0,0.0,0.0,0.0,0.0,0.0,0.0,0.0,29.62,0.0
2024-01-18,9987.76348475,9363.7985405,2005.50812575,82.2320876275,2.75,0.0,0.0,0.0,0.0,0.0,0.0,0.0,0.0,0.0,29.62,0.0
2024-01-18,9994.642278958332,9368.762791583336,2008.7626982916663,81.47970673791666,2.625,0.0,0.0,0.0,0.0,0.0,0.0,0.0,0.0,0.0,29.62,0.0
2024-01-18,10001.521073166668,9373.727042666667,2012.0172708333328,80.72732584833332,2.5,0.0,0.0,0.0,0.0,0.0,0.0,0.0,0.0,0.0,29.62,0.0
2024-01-18,10008.399867375,9378.69129375,2015.271843375,79.97494495875,2.375,0.0,0.0,0.0,0.0,0.0,0.0,0.0,0.0,0.0,29.62,0.0
2024-01-18,10015.278661583332,9383.655544833333,2018.5264159166663,79.22256406916667,2.25,0.0,0.0,0.0,0.0,0.0,0.0,0.0,0.0,0.0,29.62,0.0
2024-01-18,10022.157455791668,9388.619795916667,2021.7809884583328,78.47018317958333,2.125,0.0,0.0,0.0,0.0,0.0,0.0,0.0,0.0,0.0,29.62,0.0
2024-01-19,10029.03625,9393.584047,2025.035561,77.71780229,2.0,0.0,0.0,0.0,0.0,0.0,0.0,0.0,0.0,0.0,29.62,0.0
2024-01-19,10039.90092,9425.035719208334,2020.719907625,77.79622593291666,2.2916666666666665,0.0,0.0,0.0,0.0,0.0,0.0,0.0,0.0,0.0,29.62,0.0
2024-01-19,10050.76559,9456.487391416667,2016.40425425,77.87464957583333,2.583333333333333,0.0,0.0,0.0,0.0,0.0,0.0,0.0,0.0,0.0,29.62,0.0
2024-01-19,10061.63026,9487.939063625,2012.088600875,77.95307321874999,2.875,0.0,0.0,0.0,0.0,0.0,0.0,0.0,0.0,0.0,29.62,0.0
2024-01-19,10072.49493,9519.390735833334,2007.7729475,78.03149686166667,3.166666666666667,0.0,0.0,0.0,0.0,0.0,0.0,0.0,0.0,0.0,29.62,0.0
2024-01-19,10083.3596,9550.842408041666,2003.457294125,78.10992050458333,3.458333333333333,0.0,0.0,0.0,0.0,0.0,0.0,0.0,0.0,0.0,29.62,0.0
2024-01-19,10094.22427,9582.29408025,1999.14164075,78.1883441475,3.75,0.0,0.0,0.0,0.0,0.0,0.0,0.0,0.0,0.0,29.62,0.0
2024-01-19,10105.08894,9613.745752458331,1994.825987375,78.26676779041667,4.041666666666667,0.0,0.0,0.0,0.0,0.0,0.0,0.0,0.0,0.0,29.62,0.0
2024-01-19,10115.95361,9645.197424666669,1990.510334,78.34519143333333,4.333333333333334,0.0,0.0,0.0,0.0,0.0,0.0,0.0,0.0,0.0,29.62,0.0
2024-01-19,10126.81828,9676.649096875,1986.194680625,78.42361507625,4.625,0.0,0.0,0.0,0.0,0.0,0.0,0.0,0.0,0.0,29.62,0.0
2024-01-19,10137.68295,9708.100769083334,1981.87902725,78.50203871916666,4.916666666666667,0.0,0.0,0.0,0.0,0.0,0.0,0.0,0.0,0.0,29.62,0.0
2024-01-19,10148.54762,9739.552441291667,1977.563373875,78.58046236208334,5.208333333333334,0.0,0.0,0.0,0.0,0.0,0.0,0.0,0.0,0.0,29.62,0.0
2024-01-19,10159.41229,9771.0041135,1973.2477205,78.658886005,5.5,0.0,0.0,0.0,0.0,0.0,0.0,0.0,0.0,0.0,29.62,0.0
2024-01-19,10170.27696,9802.455785708333,1968.932067125,78.73730964791666,5.791666666666667,0.0,0.0,0.0,0.0,0.0,0.0,0.0,0.0,0.0,29.62,0.0
2024-01-19,10181.14163,9833.907457916666,1964.61641375,78.81573329083334,6.083333333333334,0.0,0.0,0.0,0.0,0.0,0.0,0.0,0.0,0.0,29.62,0.0
2024-01-19,10192.0063,9865.359130125,1960.300760375,78.89415693375,6.375,0.0,0.0,0.0,0.0,0.0,0.0,0.0,0.0,0.0,29.62,0.0
2024-01-19,10202.87097,9896.810802333332,1955.985107,78.97258057666667,6.666666666666667,0.0,0.0,0.0,0.0,0.0,0.0,0.0,0.0,0.0,29.62,0.0
2024-01-19,10213.73564,9928.262474541669,1951.669453625,79.05100421958333,6.958333333333334,0.0,0.0,0.0,0.0,0.0,0.0,0.0,0.0,0.0,29.62,0.0
2024-01-19,10224.60031,9959.71414675,1947.35380025,79.1294278625,7.25,0.0,0.0,0.0,0.0,0.0,0.0,0.0,0.0,0.0,29.62,0.0
2024-01-19,10235.46498,9991.165818958334,1943.038146875,79.20785150541667,7.541666666666667,0.0,0.0,0.0,0.0,0.0,0.0,0.0,0.0,0.0,29.62,0.0
2024-01-19,10246.32965,10022.617491166668,1938.7224935,79.28627514833333,7.833333333333334,0.0,0.0,0.0,0.0,0.0,0.0,0.0,0.0,0.0,29.62,0.0
2024-01-19,10257.19432,10054.069163375,1934.406840125,79.36469879125,8.125,0.0,0.0,0.0,0.0,0.0,0.0,0.0,0.0,0.0,29.62,0.0
2024-01-19,10268.05899,10085.520835583333,1930.09118675,79.44312243416667,8.416666666666668,0.0,0.0,0.0,0.0,0.0,0.0,0.0,0.0,0.0,29.62,0.0
2024-01-19,10278.92366,10116.972507791666,1925.775533375,79.52154607708334,8.708333333333334,0.0,0.0,0.0,0.0,0.0,0.0,0.0,0.0,0.0,29.62,0.0
2024-01-20,10289.78833,10148.42418,1921.45988,79.59996972,9.0,0.0,0.0,0.0,0.0,0.0,0.0,0.0,0.0,0.0,29.62,0.0
2024-01-20,10289.361412083334,10117.701545833334,1922.8942195,79.12685056125001,8.708333333333334,0.0,0.0,0.0,0.0,0.0,0.0,0.0,0.0,0.0,29.62,0.0
2024-01-20,10288.934494166666,10086.978911666669,1924.328559,78.6537314025,8.416666666666666,0.0,0.0,0.0,0.0,0.0,0.0,0.0,0.0,0.0,29.62,0.0
2024-01-20,10288.50757625,10056.2562775,1925.7628985,78.18061224375,8.125,0.0,0.0,0.0,0.0,0.0,0.0,0.0,0.0,0.0,29.62,0.0
2024-01-20,10288.080658333332,10025.533643333332,1927.197238,77.70749308500001,7.833333333333333,0.0,0.0,0.0,0.0,0.0,0.0,0.0,0.0,0.0,29.62,0.0
2024-01-20,10287.653740416668,9994.811009166666,1928.6315775,77.23437392625,7.541666666666666,0.0,0.0,0.0,0.0,0.0,0.0,0.0,0.0,0.0,29.62,0.0
2024-01-20,10287.2268225,9964.088375,1930.065917,76.7612547675,7.25,0.0,0.0,0.0,0.0,0.0,0.0,0.0,0.0,0.0,29.62,0.0
2024-01-20,10286.799904583331,9933.365740833333,1931.5002565,76.28813560875,6.958333333333333,0.0,0.0,0.0,0.0,0.0,0.0,0.0,0.0,0.0,29.62,0.0
2024-01-20,10286.372986666664,9902.643106666666,1932.934596,75.81501645,6.666666666666666,0.0,0.0,0.0,0.0,0.0,0.0,0.0,0.0,0.0,29.62,0.0
2024-01-20,10285.94606875,9871.9204725,1934.3689355,75.34189729125,6.375,0.0,0.0,0.0,0.0,0.0,0.0,0.0,0.0,0.0,29.62,0.0
2024-01-20,10285.519150833332,9841.197838333332,1935.803275,74.8687781325,6.083333333333333,0.0,0.0,0.0,0.0,0.0,0.0,0.0,0.0,0.0,29.62,0.0
2024-01-20,10285.092232916666,9810.475204166669,1937.2376145,74.39565897375,5.791666666666666,0.0,0.0,0.0,0.0,0.0,0.0,0.0,0.0,0.0,29.62,0.0
2024-01-20,10284.665314999998,9779.75257,1938.671954,73.922539815,5.5,0.0,0.0,0.0,0.0,0.0,0.0,0.0,0.0,0.0,29.62,0.0
2024-01-20,10284.238397083333,9749.029935833332,1940.1062935,73.44942065625,5.208333333333333,0.0,0.0,0.0,0.0,0.0,0.0,0.0,0.0,0.0,29.62,0.0
2024-01-20,10283.811479166669,9718.307301666666,1941.540633,72.9763014975,4.916666666666666,0.0,0.0,0.0,0.0,0.0,0.0,0.0,0.0,0.0,29.62,0.0
2024-01-20,10283.38456125,9687.5846675,1942.9749725,72.50318233875,4.625,0.0,0.0,0.0,0.0,0.0,0.0,0.0,0.0,0.0,29.62,0.0
2024-01-20,10282.957643333331,9656.862033333333,1944.409312,72.03006318,4.333333333333333,0.0,0.0,0.0,0.0,0.0,0.0,0.0,0.0,0.0,29.62,0.0
2024-01-20,10282.530725416666,9626.139399166666,1945.8436515,71.55694402125,4.041666666666666,0.0,0.0,0.0,0.0,0.0,0.0,0.0,0.0,0.0,29.62,0.0
2024-01-20,10282.1038075,9595.416765,1947.277991,71.0838248625,3.75,0.0,0.0,0.0,0.0,0.0,0.0,0.0,0.0,0.0,29.62,0.0
2024-01-20,10281.676889583332,9564.694130833332,1948.7123305,70.61070570375,3.458333333333333,0.0,0.0,0.0,0.0,0.0,0.0,0.0,0.0,0.0,29.62,0.0
2024-01-20,10281.249971666666,9533.971496666663,1950.14667,70.137586545,3.166666666666666,0.0,0.0,0.0,0.0,0.0,0.0,0.0,0.0,0.0,29.62,0.0
2024-01-20,10280.82305375,9503.2488625,1951.5810095,69.66446738625,2.875,0.0,0.0,0.0,0.0,0.0,0.0,0.0,0.0,0.0,29.62,0.0
2024-01-20,10280.396135833333,9472.526228333332,1953.015349,69.1913482275,2.583333333333333,0.0,0.0,0.0,0.0,0.0,0.0,0.0,0.0,0.0,29.62,0.0
2024-01-20,10279.969217916663,9441.803594166666,1954.4496885,68.71822906874999,2.291666666666666,0.0,0.0,0.0,0.0,0.0,0.0,0.0,0.0,0.0,29.62,0.0
2024-01-21,10279.5423,9411.08096,1955.884028,68.24510991,2.0,0.0,0.0,0.0,0.0,0.0,0.0,0.0,0.0,0.0,29.62,0.0
2024-01-21,10269.094421666668,9407.5684975,1963.136116125,68.20491115749999,2.0,0.0,0.0,0.0,0.0,0.0,0.0,0.0,0.0,0.0,29.62,0.0
2024-01-21,10258.646543333332,9404.056035,1970.38820425,68.164712405,2.0,0.0,0.0,0.0,0.0,0.0,0.0,0.0,0.0,0.0,29.62,0.0
2024-01-21,10248.198665,9400.5435725,1977.640292375,68.1245136525,2.0,0.0,0.0,0.0,0.0,0.0,0.0,0.0,0.0,0.0,29.62,0.0
2024-01-21,10237.750786666666,9397.03111,1984.8923805,68.0843149,2.0,0.0,0.0,0.0,0.0,0.0,0.0,0.0,0.0,0.0,29.62,0.0
2024-01-21,10227.302908333331,9393.5186475,1992.144468625,68.04411614749999,2.0,0.0,0.0,0.0,0.0,0.0,0.0,0.0,0.0,0.0,29.62,0.0
2024-01-21,10216.85503,9390.006184999998,1999.39655675,68.003917395,2.0,0.0,0.0,0.0,0.0,0.0,0.0,0.0,0.0,0.0,29.62,0.0
2024-01-21,10206.407151666666,9386.4937225,2006.648644875,67.9637186425,2.0,0.0,0.0,0.0,0.0,0.0,0.0,0.0,0.0,0.0,29.62,0.0
2024-01-21,10195.959273333332,9382.98126,2013.900733,67.92351989,2.0,0.0,0.0,0.0,0.0,0.0,0.0,0.0,0.0,0.0,29.62,0.0
2024-01-21,10185.511395,9379.4687975,2021.152821125,67.8833211375,2.0,0.0,0.0,0.0,0.0,0.0,0.0,0.0,0.0,0.0,29.62,0.0
2024-01-21,10175.063516666663,9375.956335,2028.40490925,67.843122385,2.0,0.0,0.0,0.0,0.0,0.0,0.0,0.0,0.0,0.0,29.62,0.0
2024-01-21,10164.615638333333,9372.4438725,2035.656997375,67.8029236325,2.0,0.0,0.0,0.0,0.0,0.0,0.0,0.0,0.0,0.0,29.62,0.0
2024-01-21,10154.16776,9368.93141,2042.9090855,67.76272488000001,2.0,0.0,0.0,0.0,0.0,0.0,0.0,0.0,0.0,0.0,29.62,0.0
2024-01-21,10143.719881666666,9365.418947499998,2050.161173625,67.7225261275,2.0,0.0,0.0,0.0,0.0,0.0,0.0,0.0,0.0,0.0,29.62,0.0
2024-01-21,10133.272003333332,9361.906485,2057.41326175,67.682327375,2.0,0.0,0.0,0.0,0.0,0.0,0.0,0.0,0.0,0.0,29.62,0.0
2024-01-21,10122.824125,9358.3940225,2064.665349875,67.6421286225,2.0,0.0,0.0,0.0,0.0,0.0,0.0,0.0,0.0,0.0,29.62,0.0
2024-01-21,10112.376246666669,9354.88156,2071.917438,67.60192987,2.0,0.0,0.0,0.0,0.0,0.0,0.0,0.0,0.0,0.0,29.62,0.0
2024-01-21,10101.928368333332,9351.3690975,2079.169526125,67.5617311175,2.0,0.0,0.0,0.0,0.0,0.0,0.0,0.0,0.0,0.0,29.62,0.0
2024-01-21,10091.48049,9347.856635,2086.42161425,67.521532365,2.0,0.0,0.0,0.0,0.0,0.0,0.0,0.0,0.0,0.0,29.62,0.0
2024-01-21,10081.032611666666,9344.3441725,2093.673702375,67.48133361250001,2.0,0.0,0.0,0.0,0.0,0.0,0.0,0.0,0.0,0.0,29.62,0.0
2024-01-21,10070.584733333331,9340.83171,2100.9257905,67.44113486,2.0,0.0,0.0,0.0,0.0,0.0,0.0,0.0,0.0,0.0,29.62,0.0
2024-01-21,10060.136855,9337.3192475,2108.177878625,67.4009361075,2.0,0.0,0.0,0.0,0.0,0.0,0.0,0.0,0.0,0.0,29.62,0.0
2024-01-21,10049.688976666666,9333.806785,2115.42996675,67.360737355,2.0,0.0,0.0,0.0,0.0,0.0,0.0,0.0,0.0,0.0,29.62,0.0
2024-01-21,10039.241098333332,9330.2943225,2122.682054875,67.32053860250001,2.0,0.0,0.0,0.0,0.0,0.0,0.0,0.0,0.0,0.0,29.62,0.0
2024-01-22,10028.79322,9326.78186,2129.934143,67.28033985,2.0,0.0,0.0,0.0,0.0,0.0,0.0,0.0,0.0,0.0,29.62,0.0
2024-01-22,10069.257268333333,9383.6688125,2116.2953635,67.2883447025,2.375,0.0,0.0,0.0,0.0,0.0,0.0,0.0,0.0,0.0,29.62,0.0
2024-01-22,10109.721316666666,9440.555765,2102.656584,67.296349555,2.75,0.0,0.0,0.0,0.0,0.0,0.0,0.0,0.0,0.0,29.62,0.0
2024-01-22,10150.185365,9497.442717499998,2089.0178045,67.3043544075,3.125,0.0,0.0,0.0,0.0,0.0,0.0,0.0,0.0,0.0,29.62,0.0
2024-01-22,10190.649413333333,9554.32967,2075.379025,67.31235926000001,3.5,0.0,0.0,0.0,0.0,0.0,0.0,0.0,0.0,0.0,29.62,0.0
2024-01-22,10231.113461666666,9611.2166225,2061.7402455,67.3203641125,3.875,0.0,0.0,0.0,0.0,0.0,0.0,0.0,0.0,0.0,29.62,0.0
2024-01-22,10271.57751,9668.103575,2048.101466,67.32836896500001,4.25,0.0,0.0,0.0,0.0,0.0,0.0,0.0,0.0,0.0,29.62,0.0
2024-01-22,10312.041558333332,9724.990527499998,2034.4626865,67.3363738175,4.625,0.0,0.0,0.0,0.0,0.0,0.0,0.0,0.0,0.0,29.62,0.0
2024-01-22,10352.505606666666,9781.87748,2020.823907,67.34437867,5.0,0.0,0.0,0.0,0.0,0.0,0.0,0.0,0.0,0.0,29.62,0.0
2024-01-22,10392.969655,9838.7644325,2007.1851275,67.3523835225,5.375,0.0,0.0,0.0,0.0,0.0,0.0,0.0,0.0,0.0,29.62,0.0
2024-01-22,10433.433703333332,9895.651385,1993.546348,67.360388375,5.75,0.0,0.0,0.0,0.0,0.0,0.0,0.0,0.0,0.0,29.62,0.0
2024-01-22,10473.897751666664,9952.538337499998,1979.9075685,67.36839322750001,6.125,0.0,0.0,0.0,0.0,0.0,0.0,0.0,0.0,0.0,29.62,0.0
2024-01-22,10514.3618,10009.42529,1966.268789,67.37639808,6.5,0.0,0.0,0.0,0.0,0.0,0.0,0.0,0.0,0.0,29.62,0.0
2024-01-22,10554.825848333334,10066.3122425,1952.6300095,67.3844029325,6.875,0.0,0.0,0.0,0.0,0.0,0.0,0.0,0.0,0.0,29.62,0.0
2024-01-22,10595.289896666667,10123.199195,1938.99123,67.392407785,7.25,0.0,0.0,0.0,0.0,0.0,0.0,0.0,0.0,0.0,29.62,0.0
2024-01-22,10635.753945,10180.086147499998,1925.3524505,67.4004126375,7.625,0.0,0.0,0.0,0.0,0.0,0.0,0.0,0.0,0.0,29.62,0.0
2024-01-22,10676.217993333334,10236.9731,1911.713671,67.40841749,8.0,0.0,0.0,0.0,0.0,0.0,0.0,0.0,0.0,0.0,29.62,0.0
2024-01-22,10716.682041666669,10293.8600525,1898.0748915,67.4164223425,8.375,0.0,0.0,0.0,0.0,0.0,0.0,0.0,0.0,0.0,29.62,0.0
2024-01-22,10757.14609,10350.747005,1884.436112,67.42442719499999,8.75,0.0,0.0,0.0,0.0,0.0,0.0,0.0,0.0,0.0,29.62,0.0
2024-01-22,10797.610138333332,10407.633957499998,1870.7973325,67.4324320475,9.125,0.0,0.0,0.0,0.0,0.0,0.0,0.0,0.0,0.0,29.62,0.0
2024-01-22,10838.074186666669,10464.52091,1857.158553,67.4404369,9.5,0.0,0.0,0.0,0.0,0.0,0.0,0.0,0.0,0.0,29.62,0.0
2024-01-22,10878.538235,10521.4078625,1843.5197735,67.4484417525,9.875,0.0,0.0,0.0,0.0,0.0,0.0,0.0,0.0,0.0,29.62,0.0
2024-01-22,10919.002283333331,10578.294815,1829.880994,67.456446605,10.25,0.0,0.0,0.0,0.0,0.0,0.0,0.0,0.0,0.0,29.62,0.0
2024-01-22,10959.466331666668,10635.181767499998,1816.2422145,67.4644514575,10.625,0.0,0.0,0.0,0.0,0.0,0.0,0.0,0.0,0.0,29.62,0.0
2024-01-23,10999.93038,10692.06872,1802.603435,67.47245631,11.0,0.0,0.0,0.0,0.0,0.0,0.0,0.0,0.0,0.0,29.62,0.0
2024-01-23,10943.514371416666,10619.522395583332,1807.972534375,67.88118624124999,10.708333333333334,0.0,0.0,0.0,0.0,0.0,0.0,0.0,0.0,0.0,29.62,0.0
2024-01-23,10887.098362833332,10546.976071166666,1813.34163375,68.2899161725,10.416666666666666,0.0,0.0,0.0,0.0,0.0,0.0,0.0,0.0,0.0,29.62,0.0
2024-01-23,10830.68235425,10474.42974675,1818.710733125,68.69864610375,10.125,0.0,0.0,0.0,0.0,0.0,0.0,0.0,0.0,0.0,29.62,0.0
2024-01-23,10774.266345666669,10401.883422333332,1824.0798325,69.107376035,9.833333333333334,0.0,0.0,0.0,0.0,0.0,0.0,0.0,0.0,0.0,29.62,0.0
2024-01-23,10717.850337083331,10329.337097916668,1829.448931875,69.51610596625,9.541666666666666,0.0,0.0,0.0,0.0,0.0,0.0,0.0,0.0,0.0,29.62,0.0
2024-01-23,10661.4343285,10256.7907735,1834.81803125,69.9248358975,9.25,0.0,0.0,0.0,0.0,0.0,0.0,0.0,0.0,0.0,29.62,0.0
2024-01-23,10605.018319916666,10184.244449083331,1840.187130625,70.33356582875,8.958333333333332,0.0,0.0,0.0,0.0,0.0,0.0,0.0,0.0,0.0,29.62,0.0
2024-01-23,10548.602311333334,10111.698124666666,1845.55623,70.74229576,8.666666666666666,0.0,0.0,0.0,0.0,0.0,0.0,0.0,0.0,0.0,29.62,0.0
2024-01-23,10492.18630275,10039.15180025,1850.925329375,71.15102569125,8.375,0.0,0.0,0.0,0.0,0.0,0.0,0.0,0.0,0.0,29.62,0.0
2024-01-23,10435.770294166668,9966.605475833332,1856.29442875,71.5597556225,8.083333333333332,0.0,0.0,0.0,0.0,0.0,0.0,0.0,0.0,0.0,29.62,0.0
2024-01-23,10379.354285583331,9894.059151416666,1861.663528125,71.96848555375,7.791666666666666,0.0,0.0,0.0,0.0,0.0,0.0,0.0,0.0,0.0,29.62,0.0
2024-01-23,10322.938277,9821.512827,1867.0326275,72.377215485,7.5,0.0,0.0,0.0,0.0,0.0,0.0,0.0,0.0,0.0,29.62,0.0
2024-01-23,10266.522268416667,9748.966502583333,1872.401726875,72.78594541625,7.208333333333333,0.0,0.0,0.0,0.0,0.0,0.0,0.0,0.0,0.0,29.62,0.0
2024-01-23,10210.106259833334,9676.420178166669,1877.77082625,73.1946753475,6.916666666666666,0.0,0.0,0.0,0.0,0.0,0.0,0.0,0.0,0.0,29.62,0.0
2024-01-23,10153.69025125,9603.87385375,1883.139925625,73.60340527875,6.625,0.0,0.0,0.0,0.0,0.0,0.0,0.0,0.0,0.0,29.62,0.0
2024-01-23,10097.274242666666,9531.327529333334,1888.509025,74.01213521,6.333333333333333,0.0,0.0,0.0,0.0,0.0,0.0,0.0,0.0,0.0,29.62,0.0
2024-01-23,10040.858234083336,9458.781204916666,1893.878124375,74.42086514125,6.041666666666666,0.0,0.0,0.0,0.0,0.0,0.0,0.0,0.0,0.0,29.62,0.0
2024-01-23,9984.4422255,9386.2348805,1899.24722375,74.8295950725,5.75,0.0,0.0,0.0,0.0,0.0,0.0,0.0,0.0,0.0,29.62,0.0
2024-01-23,9928.026216916667,9313.688556083333,1904.616323125,75.23832500375,5.458333333333333,0.0,0.0,0.0,0.0,0.0,0.0,0.0,0.0,0.0,29.62,0.0
2024-01-23,9871.610208333334,9241.142231666669,1909.9854225,75.647054935,5.166666666666666,0.0,0.0,0.0,0.0,0.0,0.0,0.0,0.0,0.0,29.62,0.0
2024-01-23,9815.19419975,9168.59590725,1915.354521875,76.05578486625001,4.875,0.0,0.0,0.0,0.0,0.0,0.0,0.0,0.0,0.0,29.62,0.0
2024-01-23,9758.778191166668,9096.049582833331,1920.72362125,76.4645147975,4.583333333333333,0.0,0.0,0.0,0.0,0.0,0.0,0.0,0.0,0.0,29.62,0.0
2024-01-23,9702.362182583334,9023.503258416666,1926.092720625,76.87324472875,4.291666666666666,0.0,0.0,0.0,0.0,0.0,0.0,0.0,0.0,0.0,29.62,0.0
2024-01-24,9645.946174,8950.956934,1931.46182,77.28197466,4.0,0.0,0.0,0.0,0.0,0.0,0.0,0.0,0.0,0.0,29.62,0.0
2024-01-24,9661.235612583334,8965.479385208333,1935.618455,76.92279951166667,3.9166666666666665,0.0,0.0,0.0,0.0,0.0,0.0,0.0,0.0,0.0,29.62,0.0
2024-01-24,9676.525051166667,8980.001836416666,1939.77509,76.56362436333333,3.8333333333333335,0.0,0.0,0.0,0.0,0.0,0.0,0.0,0.0,0.0,29.62,0.0
2024-01-24,9691.81448975,8994.524287625,1943.931725,76.204449215,3.75,0.0,0.0,0.0,0.0,0.0,0.0,0.0,0.0,0.0,29.62,0.0
2024-01-24,9707.103928333334,9009.046738833333,1948.08836,75.84527406666666,3.6666666666666665,0.0,0.0,0.0,0.0,0.0,0.0,0.0,0.0,0.0,29.62,0.0
2024-01-24,9722.393366916667,9023.569190041666,1952.244995,75.48609891833334,3.583333333333333,0.0,0.0,0.0,0.0,0.0,0.0,0.0,0.0,0.0,29.62,0.0
2024-01-24,9737.6828055,9038.09164125,1956.40163,75.12692377,3.5,0.0,0.0,0.0,0.0,0.0,0.0,0.0,0.0,0.0,29.62,0.0
2024-01-24,9752.972244083334,9052.614092458334,1960.558265,74.76774862166667,3.416666666666667,0.0,0.0,0.0,0.0,0.0,0.0,0.0,0.0,0.0,29.62,0.0
2024-01-24,9768.261682666667,9067.136543666667,1964.7149,74.40857347333333,3.333333333333333,0.0,0.0,0.0,0.0,0.0,0.0,0.0,0.0,0.0,29.62,0.0
2024-01-24,9783.55112125,9081.658994875,1968.871535,74.049398325,3.25,0.0,0.0,0.0,0.0,0.0,0.0,0.0,0.0,0.0,29.62,0.0
2024-01-24,9798.840559833334,9096.181446083334,1973.02817,73.69022317666666,3.166666666666667,0.0,0.0,0.0,0.0,0.0,0.0,0.0,0.0,0.0,29.62,0.0
2024-01-24,9814.129998416667,9110.703897291669,1977.184805,73.33104802833333,3.083333333333333,0.0,0.0,0.0,0.0,0.0,0.0,0.0,0.0,0.0,29.62,0.0
2024-01-24,9829.419437,9125.2263485,1981.34144,72.97187288,3.0,0.0,0.0,0.0,0.0,0.0,0.0,0.0,0.0,0.0,29.62,0.0
2024-01-24,9844.708875583334,9139.748799708334,1985.498075,72.61269773166667,2.916666666666667,0.0,0.0,0.0,0.0,0.0,0.0,0.0,0.0,0.0,29.62,0.0
2024-01-24,9859.998314166667,9154.271250916669,1989.65471,72.25352258333334,2.833333333333333,0.0,0.0,0.0,0.0,0.0,0.0,0.0,0.0,0.0,29.62,0.0
2024-01-24,9875.28775275,9168.793702125,1993.811345,71.894347435,2.75,0.0,0.0,0.0,0.0,0.0,0.0,0.0,0.0,0.0,29.62,0.0
2024-01-24,9890.577191333334,9183.316153333331,1997.96798,71.53517228666666,2.666666666666667,0.0,0.0,0.0,0.0,0.0,0.0,0.0,0.0,0.0,29.62,0.0
2024-01-24,9905.866629916669,9197.838604541666,2002.124615,71.17599713833333,2.583333333333333,0.0,0.0,0.0,0.0,0.0,0.0,0.0,0.0,0.0,29.62,0.0
2024-01-24,9921.1560685,9212.36105575,2006.28125,70.81682199,2.5,0.0,0.0,0.0,0.0,0.0,0.0,0.0,0.0,0.0,29.62,0.0
2024-01-24,9936.445507083334,9226.883506958337,2010.437885,70.45764684166666,2.416666666666667,0.0,0.0,0.0,0.0,0.0,0.0,0.0,0.0,0.0,29.62,0.0
2024-01-24,9951.734945666669,9241.405958166668,2014.59452,70.09847169333332,2.333333333333333,0.0,0.0,0.0,0.0,0.0,0.0,0.0,0.0,0.0,29.62,0.0
2024-01-24,9967.02438425,9255.928409375,2018.751155,69.739296545,2.25,0.0,0.0,0.0,0.0,0.0,0.0,0.0,0.0,0.0,29.62,0.0
2024-01-24,9982.313822833334,9270.450860583334,2022.90779,69.38012139666667,2.166666666666667,0.0,0.0,0.0,0.0,0.0,0.0,0.0,0.0,0.0,29.62,0.0
2024-01-24,9997.603261416669,9284.973311791668,2027.064425,69.02094624833333,2.083333333333333,0.0,0.0,0.0,0.0,0.0,0.0,0.0,0.0,0.0,29.62,0.0
2024-01-25,10012.8927,9299.495763,2031.22106,68.6617711,2.0,0.0,0.0,0.0,0.0,0.0,0.0,0.0,0.0,0.0,29.62,0.0
2024-01-25,10063.258742916669,9408.894746208334,2020.658104875,68.71650724958333,2.333333333333333,0.0,0.0,0.0,0.0,0.0,0.0,0.0,0.0,0.0,29.62,0.0
2024-01-25,10113.624785833334,9518.293729416668,2010.09514975,68.77124339916666,2.6666666666666665,0.0,0.0,0.0,0.0,0.0,0.0,0.0,0.0,0.0,29.62,0.0
2024-01-25,10163.99082875,9627.692712625,1999.532194625,68.82597954875,3.0,0.0,0.0,0.0,0.0,0.0,0.0,0.0,0.0,0.0,29.62,0.0
2024-01-25,10214.356871666669,9737.091695833336,1988.9692395,68.88071569833333,3.333333333333333,0.0,0.0,0.0,0.0,0.0,0.0,0.0,0.0,0.0,29.62,0.0
2024-01-25,10264.722914583332,9846.490679041668,1978.406284375,68.93545184791667,3.6666666666666665,0.0,0.0,0.0,0.0,0.0,0.0,0.0,0.0,0.0,29.62,0.0
2024-01-25,10315.0889575,9955.88966225,1967.84332925,68.9901879975,4.0,0.0,0.0,0.0,0.0,0.0,0.0,0.0,0.0,0.0,29.62,0.0
2024-01-25,10365.455000416669,10065.288645458331,1957.280374125,69.04492414708334,4.333333333333333,0.0,0.0,0.0,0.0,0.0,0.0,0.0,0.0,0.0,29.62,0.0
2024-01-25,10415.821043333332,10174.687628666668,1946.717419,69.09966029666667,4.666666666666666,0.0,0.0,0.0,0.0,0.0,0.0,0.0,0.0,0.0,29.62,0.0
2024-01-25,10466.18708625,10284.086611875,1936.154463875,69.15439644625,5.0,0.0,0.0,0.0,0.0,0.0,0.0,0.0,0.0,0.0,29.62,0.0
2024-01-25,10516.553129166668,10393.485595083332,1925.59150875,69.20913259583334,5.333333333333333,0.0,0.0,0.0,0.0,0.0,0.0,0.0,0.0,0.0,29.62,0.0
2024-01-25,10566.919172083331,10502.884578291669,1915.028553625,69.26386874541667,5.666666666666666,0.0,0.0,0.0,0.0,0.0,0.0,0.0,0.0,0.0,29.62,0.0
2024-01-25,10617.285215,10612.2835615,1904.4655985,69.31860489499999,6.0,0.0,0.0,0.0,0.0,0.0,0.0,0.0,0.0,0.0,29.62,0.0
2024-01-25,10667.651257916668,10721.682544708334,1893.902643375,69.37334104458333,6.333333333333333,0.0,0.0,0.0,0.0,0.0,0.0,0.0,0.0,0.0,29.62,0.0
2024-01-25,10718.017300833331,10831.081527916667,1883.33968825,69.42807719416666,6.666666666666666,0.0,0.0,0.0,0.0,0.0,0.0,0.0,0.0,0.0,29.62,0.0
2024-01-25,10768.38334375,10940.480511125,1872.776733125,69.48281334375,7.0,0.0,0.0,0.0,0.0,0.0,0.0,0.0,0.0,0.0,29.62,0.0
2024-01-25,10818.749386666666,11049.879494333334,1862.213778,69.53754949333333,7.333333333333333,0.0,0.0,0.0,0.0,0.0,0.0,0.0,0.0,0.0,29.62,0.0
2024-01-25,10869.115429583331,11159.278477541666,1851.650822875,69.59228564291666,7.666666666666666,0.0,0.0,0.0,0.0,0.0,0.0,0.0,0.0,0.0,29.62,0.0
2024-01-25,10919.4814725,11268.67746075,1841.08786775,69.6470217925,8.0,0.0,0.0,0.0,0.0,0.0,0.0,0.0,0.0,0.0,29.62,0.0
2024-01-25,10969.847515416666,11378.076443958333,1830.524912625,69.70175794208333,8.333333333333332,0.0,0.0,0.0,0.0,0.0,0.0,0.0,0.0,0.0,29.62,0.0
2024-01-25,11020.213558333331,11487.475427166666,1819.9619575,69.75649409166667,8.666666666666666,0.0,0.0,0.0,0.0,0.0,0.0,0.0,0.0,0.0,29.62,0.0
2024-01-25,11070.57960125,11596.874410375,1809.399002375,69.81123024125,9.0,0.0,0.0,0.0,0.0,0.0,0.0,0.0,0.0,0.0,29.62,0.0
2024-01-25,11120.945644166666,11706.273393583331,1798.83604725,69.86596639083334,9.333333333333332,0.0,0.0,0.0,0.0,0.0,0.0,0.0,0.0,0.0,29.62,0.0
2024-01-25,11171.311687083333,11815.672376791666,1788.273092125,69.92070254041667,9.666666666666666,0.0,0.0,0.0,0.0,0.0,0.0,0.0,0.0,0.0,29.62,0.0
2024-01-26,11221.67773,11925.07136,1777.710137,69.97543869,10.0,0.0,0.0,0.0,0.0,0.0,0.0,0.0,0.0,0.0,29.62,0.0
2024-01-26,11147.415230541666,11858.40646625,1776.635683875,69.94999076416667,10.0,0.0,0.0,0.0,0.0,0.0,0.0,0.0,0.0,0.0,29.62,0.0
2024-01-26,11073.152731083332,11791.7415725,1775.56123075,69.92454283833334,10.0,0.0,0.0,0.0,0.0,0.0,0.0,0.0,0.0,0.0,29.62,0.0
2024-01-26,10998.890231625,11725.07667875,1774.486777625,69.8990949125,10.0,0.0,0.0,0.0,0.0,0.0,0.0,0.0,0.0,0.0,29.62,0.0
2024-01-26,10924.627732166666,11658.411785,1773.4123245,69.87364698666667,10.0,0.0,0.0,0.0,0.0,0.0,0.0,0.0,0.0,0.0,29.62,0.0
2024-01-26,10850.365232708333,11591.74689125,1772.337871375,69.84819906083334,10.0,0.0,0.0,0.0,0.0,0.0,0.0,0.0,0.0,0.0,29.62,0.0
2024-01-26,10776.10273325,11525.0819975,1771.26341825,69.822751135,10.0,0.0,0.0,0.0,0.0,0.0,0.0,0.0,0.0,0.0,29.62,0.0
2024-01-26,10701.840233791669,11458.41710375,1770.188965125,69.79730320916667,10.0,0.0,0.0,0.0,0.0,0.0,0.0,0.0,0.0,0.0,29.62,0.0
2024-01-26,10627.577734333332,11391.75221,1769.114512,69.77185528333334,10.0,0.0,0.0,0.0,0.0,0.0,0.0,0.0,0.0,0.0,29.62,0.0
2024-01-26,10553.315234875,11325.08731625,1768.040058875,69.7464073575,10.0,0.0,0.0,0.0,0.0,0.0,0.0,0.0,0.0,0.0,29.62,0.0
2024-01-26,10479.052735416666,11258.4224225,1766.96560575,69.72095943166667,10.0,0.0,0.0,0.0,0.0,0.0,0.0,0.0,0.0,0.0,29.62,0.0
2024-01-26,10404.790235958331,11191.75752875,1765.891152625,69.69551150583334,10.0,0.0,0.0,0.0,0.0,0.0,0.0,0.0,0.0,0.0,29.62,0.0
2024-01-26,10330.5277365,11125.092635,1764.8166995,69.67006358,10.0,0.0,0.0,0.0,0.0,0.0,0.0,0.0,0.0,0.0,29.62,0.0
2024-01-26,10256.265237041664,11058.42774125,1763.742246375,69.64461565416667,10.0,0.0,0.0,0.0,0.0,0.0,0.0,0.0,0.0,0.0,29.62,0.0
2024-01-26,10182.002737583332,10991.7628475,1762.66779325,69.61916772833334,10.0,0.0,0.0,0.0,0.0,0.0,0.0,0.0,0.0,0.0,29.62,0.0
2024-01-26,10107.740238125,10925.09795375,1761.593340125,69.5937198025,10.0,0.0,0.0,0.0,0.0,0.0,0.0,0.0,0.0,0.0,29.62,0.0
2024-01-26,10033.477738666666,10858.43306,1760.518887,69.56827187666667,10.0,0.0,0.0,0.0,0.0,0.0,0.0,0.0,0.0,0.0,29.62,0.0
2024-01-26,9959.215239208332,10791.76816625,1759.444433875,69.54282395083334,10.0,0.0,0.0,0.0,0.0,0.0,0.0,0.0,0.0,0.0,29.62,0.0
2024-01-26,9884.95273975,10725.1032725,1758.36998075,69.517376025,10.0,0.0,0.0,0.0,0.0,0.0,0.0,0.0,0.0,0.0,29.62,0.0
2024-01-26,9810.690240291666,10658.43837875,1757.295527625,69.49192809916667,10.0,0.0,0.0,0.0,0.0,0.0,0.0,0.0,0.0,0.0,29.62,0.0
2024-01-26,9736.427740833333,10591.773485,1756.2210745,69.46648017333334,10.0,0.0,0.0,0.0,0.0,0.0,0.0,0.0,0.0,0.0,29.62,0.0
2024-01-26,9662.165241375,10525.10859125,1755.146621375,69.4410322475,10.0,0.0,0.0,0.0,0.0,0.0,0.0,0.0,0.0,0.0,29.62,0.0
2024-01-26,9587.902741916663,10458.4436975,1754.07216825,69.41558432166667,10.0,0.0,0.0,0.0,0.0,0.0,0.0,0.0,0.0,0.0,29.62,0.0
2024-01-26,9513.640242458332,10391.77880375,1752.997715125,69.39013639583334,10.0,0.0,0.0,0.0,0.0,0.0,0.0,0.0,0.0,0.0,29.62,0.0
2024-01-27,9439.377743,10325.11391,1751.923262,69.36468847,10.0,0.0,0.0,0.0,0.0,0.0,0.0,0.0,0.0,0.0,29.62,0.0
2024-01-27,9410.223973499998,10242.786476666666,1754.0780031666668,69.80247856583334,9.833333333333334,0.0,0.0,0.0,0.0,0.0,0.0,0.0,0.0,0.0,29.62,0.0
2024-01-27,9381.070204,10160.459043333334,1756.2327443333334,70.24026866166668,9.666666666666666,0.0,0.0,0.0,0.0,0.0,0.0,0.0,0.0,0.0,29.62,0.0
2024-01-27,9351.9164345,10078.13161,1758.3874855,70.6780587575,9.5,0.0,0.0,0.0,0.0,0.0,0.0,0.0,0.0,0.0,29.62,0.0
2024-01-27,9322.762664999998,9995.804176666668,1760.5422266666667,71.11584885333333,9.333333333333334,0.0,0.0,0.0,0.0,0.0,0.0,0.0,0.0,0.0,29.62,0.0
2024-01-27,9293.6088955,9913.476743333333,1762.6969678333337,71.55363894916667,9.166666666666666,0.0,0.0,0.0,0.0,0.0,0.0,0.0,0.0,0.0,29.62,0.0
2024-01-27,9264.455126,9831.14931,1764.851709,71.991429045,9.0,0.0,0.0,0.0,0.0,0.0,0.0,0.0,0.0,0.0,29.62,0.0
2024-01-27,9235.3013565,9748.821876666669,1767.0064501666666,72.42921914083334,8.833333333333334,0.0,0.0,0.0,0.0,0.0,0.0,0.0,0.0,0.0,29.62,0.0
2024-01-27,9206.147587,9666.494443333331,1769.1611913333334,72.86700923666668,8.666666666666666,0.0,0.0,0.0,0.0,0.0,0.0,0.0,0.0,0.0,29.62,0.0
2024-01-27,9176.9938175,9584.16701,1771.3159325,73.30479933250001,8.5,0.0,0.0,0.0,0.0,0.0,0.0,0.0,0.0,0.0,29.62,0.0
2024-01-27,9147.840048,9501.839576666667,1773.4706736666667,73.74258942833333,8.333333333333334,0.0,0.0,0.0,0.0,0.0,0.0,0.0,0.0,0.0,29.62,0.0
2024-01-27,9118.6862785,9419.512143333332,1775.6254148333333,74.18037952416667,8.166666666666666,0.0,0.0,0.0,0.0,0.0,0.0,0.0,0.0,0.0,29.62,0.0
2024-01-27,9089.532509,9337.18471,1777.780156,74.61816962,8.0,0.0,0.0,0.0,0.0,0.0,0.0,0.0,0.0,0.0,29.62,0.0
2024-01-27,9060.3787395,9254.857276666668,1779.9348971666668,75.05595971583334,7.833333333333334,0.0,0.0,0.0,0.0,0.0,0.0,0.0,0.0,0.0,29.62,0.0
2024-01-27,9031.22497,9172.529843333334,1782.0896383333334,75.49374981166667,7.666666666666667,0.0,0.0,0.0,0.0,0.0,0.0,0.0,0.0,0.0,29.62,0.0
2024-01-27,9002.0712005,9090.20241,1784.2443795,75.9315399075,7.5,0.0,0.0,0.0,0.0,0.0,0.0,0.0,0.0,0.0,29.62,0.0
2024-01-27,8972.917431,9007.874976666668,1786.3991206666667,76.36933000333333,7.333333333333334,0.0,0.0,0.0,0.0,0.0,0.0,0.0,0.0,0.0,29.62,0.0
2024-01-27,8943.7636615,8925.547543333334,1788.5538618333337,76.80712009916667,7.166666666666667,0.0,0.0,0.0,0.0,0.0,0.0,0.0,0.0,0.0,29.62,0.0
2024-01-27,8914.609892,8843.22011,1790.708603,77.244910195,7.0,0.0,0.0,0.0,0.0,0.0,0.0,0.0,0.0,0.0,29.62,0.0
2024-01-27,8885.4561225,8760.892676666666,1792.8633441666666,77.68270029083334,6.833333333333334,0.0,0.0,0.0,0.0,0.0,0.0,0.0,0.0,0.0,29.62,0.0
2024-01-27,8856.302353,8678.565243333334,1795.0180853333334,78.12049038666667,6.666666666666667,0.0,0.0,0.0,0.0,0.0,0.0,0.0,0.0,0.0,29.62,0.0
2024-01-27,8827.1485835,8596.23781,1797.1728265000002,78.55828048250001,6.5,0.0,0.0,0.0,0.0,0.0,0.0,0.0,0.0,0.0,29.62,0.0
2024-01-27,8797.994814,8513.910376666667,1799.3275676666667,78.99607057833333,6.333333333333334,0.0,0.0,0.0,0.0,0.0,0.0,0.0,0.0,0.0,29.62,0.0
2024-01-27,8768.8410445,8431.582943333335,1801.4823088333333,79.43386067416667,6.166666666666667,0.0,0.0,0.0,0.0,0.0,0.0,0.0,0.0,0.0,29.62,0.0
2024-01-28,8739.687275,8349.25551,1803.63705,79.87165077,6.0,0.0,0.0,0.0,0.0,0.0,0.0,0.0,0.0,0.0,29.62,0.0
2024-01-28,8762.947916666666,8352.847244833334,1805.5913649166664,78.92753823291667,5.833333333333333,0.0,0.0,0.0,0.0,0.0,0.0,0.0,0.0,0.0,29.62,0.0
2024-01-28,8786.208558333334,8356.438979666667,1807.5456798333332,77.98342569583333,5.666666666666667,0.0,0.0,0.0,0.0,0.0,0.0,0.0,0.0,0.0,29.62,0.0
2024-01-28,8809.4692,8360.0307145,1809.49999475,77.03931315875,5.5,0.0,0.0,0.0,0.0,0.0,0.0,0.0,0.0,0.0,29.62,0.0
2024-01-28,8832.729841666667,8363.622449333334,1811.4543096666664,76.09520062166666,5.333333333333333,0.0,0.0,0.0,0.0,0.0,0.0,0.0,0.0,0.0,29.62,0.0
2024-01-28,8855.990483333333,8367.214184166667,1813.4086245833332,75.15108808458334,5.166666666666667,0.0,0.0,0.0,0.0,0.0,0.0,0.0,0.0,0.0,29.62,0.0
2024-01-28,8879.251125,8370.805919,1815.3629395,74.20697554750001,5.0,0.0,0.0,0.0,0.0,0.0,0.0,0.0,0.0,0.0,29.62,0.0
2024-01-28,8902.511766666667,8374.397653833334,1817.3172544166664,73.26286301041667,4.833333333333334,0.0,0.0,0.0,0.0,0.0,0.0,0.0,0.0,0.0,29.62,0.0
2024-01-28,8925.772408333334,8377.989388666667,1819.2715693333332,72.31875047333334,4.666666666666667,0.0,0.0,0.0,0.0,0.0,0.0,0.0,0.0,0.0,29.62,0.0
2024-01-28,8949.03305,8381.5811235,1821.22588425,71.37463793625,4.5,0.0,0.0,0.0,0.0,0.0,0.0,0.0,0.0,0.0,29.62,0.0
2024-01-28,8972.293691666668,8385.172858333333,1823.1801991666664,70.43052539916667,4.333333333333334,0.0,0.0,0.0,0.0,0.0,0.0,0.0,0.0,0.0,29.62,0.0
2024-01-28,8995.554333333333,8388.764593166667,1825.1345140833332,69.48641286208334,4.166666666666667,0.0,0.0,0.0,0.0,0.0,0.0,0.0,0.0,0.0,29.62,0.0
2024-01-28,9018.814975,8392.356328000002,1827.088829,68.542300325,4.0,0.0,0.0,0.0,0.0,0.0,0.0,0.0,0.0,0.0,29.62,0.0
2024-01-28,9042.075616666669,8395.948062833335,1829.0431439166664,67.59818778791667,3.8333333333333335,0.0,0.0,0.0,0.0,0.0,0.0,0.0,0.0,0.0,29.62,0.0
2024-01-28,9065.336258333333,8399.539797666668,1830.9974588333332,66.65407525083333,3.666666666666667,0.0,0.0,0.0,0.0,0.0,0.0,0.0,0.0,0.0,29.62,0.0
2024-01-28,9088.5969,8403.131532500001,1832.95177375,65.70996271375,3.5,0.0,0.0,0.0,0.0,0.0,0.0,0.0,0.0,0.0,29.62,0.0
2024-01-28,9111.857541666666,8406.723267333335,1834.9060886666664,64.76585017666666,3.333333333333333,0.0,0.0,0.0,0.0,0.0,0.0,0.0,0.0,0.0,29.62,0.0
2024-01-28,9135.118183333334,8410.315002166668,1836.8604035833332,63.82173763958333,3.166666666666667,0.0,0.0,0.0,0.0,0.0,0.0,0.0,0.0,0.0,29.62,0.0
2024-01-28,9158.378825,8413.906737000001,1838.8147185,62.8776251025,3.0,0.0,0.0,0.0,0.0,0.0,0.0,0.0,0.0,0.0,29.62,0.0
2024-01-28,9181.639466666667,8417.498471833334,1840.7690334166664,61.93351256541666,2.833333333333333,0.0,0.0,0.0,0.0,0.0,0.0,0.0,0.0,0.0,29.62,0.0
2024-01-28,9204.900108333331,8421.090206666668,1842.7233483333332,60.989400028333336,2.666666666666667,0.0,0.0,0.0,0.0,0.0,0.0,0.0,0.0,0.0,29.62,0.0
2024-01-28,9228.16075,8424.6819415,1844.67766325,60.04528749125,2.5,0.0,0.0,0.0,0.0,0.0,0.0,0.0,0.0,0.0,29.62,0.0
2024-01-28,9251.421391666669,8428.273676333334,1846.6319781666664,59.101174954166666,2.333333333333333,0.0,0.0,0.0,0.0,0.0,0.0,0.0,0.0,0.0,29.62,0.0
2024-01-28,9274.682033333334,8431.865411166667,1848.5862930833332,58.15706241708333,2.166666666666667,0.0,0.0,0.0,0.0,0.0,0.0,0.0,0.0,0.0,29.62,0.0
2024-01-29,9297.942675,8435.457146,1850.540608,57.21294988,2.0,0.0,0.0,0.0,0.0,0.0,0.0,0.0,0.0,0.0,29.62,0.0
2024-01-29,9307.197911875,8481.104906916667,1855.878565625,58.14636476291666,2.1666666666666665,0.0,0.0,0.0,0.0,0.0,0.0,0.0,0.0,0.0,29.62,0.0
2024-01-29,9316.45314875,8526.752667833334,1861.21652325,59.07977964583333,2.333333333333333,0.0,0.0,0.0,0.0,0.0,0.0,0.0,0.0,0.0,29.62,0.0
2024-01-29,9325.708385625,8572.400428750001,1866.554480875,60.01319452875,2.5,0.0,0.0,0.0,0.0,0.0,0.0,0.0,0.0,0.0,29.62,0.0
2024-01-29,9334.9636225,8618.048189666668,1871.8924385,60.94660941166666,2.6666666666666665,0.0,0.0,0.0,0.0,0.0,0.0,0.0,0.0,0.0,29.62,0.0
2024-01-29,9344.218859375,8663.695950583335,1877.230396125,61.88002429458333,2.833333333333333,0.0,0.0,0.0,0.0,0.0,0.0,0.0,0.0,0.0,29.62,0.0
2024-01-29,9353.47409625,8709.343711500002,1882.56835375,62.8134391775,3.0,0.0,0.0,0.0,0.0,0.0,0.0,0.0,0.0,0.0,29.62,0.0
2024-01-29,9362.729333125,8754.991472416667,1887.906311375,63.746854060416666,3.1666666666666665,0.0,0.0,0.0,0.0,0.0,0.0,0.0,0.0,0.0,29.62,0.0
2024-01-29,9371.98457,8800.639233333333,1893.244269,64.68026894333333,3.333333333333333,0.0,0.0,0.0,0.0,0.0,0.0,0.0,0.0,0.0,29.62,0.0
2024-01-29,9381.239806875,8846.28699425,1898.582226625,65.61368382625,3.5,0.0,0.0,0.0,0.0,0.0,0.0,0.0,0.0,0.0,29.62,0.0
2024-01-29,9390.49504375,8891.934755166667,1903.92018425,66.54709870916666,3.6666666666666665,0.0,0.0,0.0,0.0,0.0,0.0,0.0,0.0,0.0,29.62,0.0
2024-01-29,9399.750280625,8937.582516083334,1909.258141875,67.48051359208333,3.833333333333333,0.0,0.0,0.0,0.0,0.0,0.0,0.0,0.0,0.0,29.62,0.0
2024-01-29,9409.0055175,8983.230277,1914.5960995,68.413928475,4.0,0.0,0.0,0.0,0.0,0.0,0.0,0.0,0.0,0.0,29.62,0.0
2024-01-29,9418.260754375,9028.878037916667,1919.934057125,69.34734335791667,4.166666666666666,0.0,0.0,0.0,0.0,0.0,0.0,0.0,0.0,0.0,29.62,0.0
2024-01-29,9427.51599125,9074.525798833334,1925.27201475,70.28075824083334,4.333333333333333,0.0,0.0,0.0,0.0,0.0,0.0,0.0,0.0,0.0,29.62,0.0
2024-01-29,9436.771228125,9120.17355975,1930.609972375,71.21417312375,4.5,0.0,0.0,0.0,0.0,0.0,0.0,0.0,0.0,0.0,29.62,0.0
2024-01-29,9446.026465,9165.821320666668,1935.94793,72.14758800666667,4.666666666666666,0.0,0.0,0.0,0.0,0.0,0.0,0.0,0.0,0.0,29.62,0.0
2024-01-29,9455.281701875,9211.469081583336,1941.285887625,73.08100288958333,4.833333333333333,0.0,0.0,0.0,0.0,0.0,0.0,0.0,0.0,0.0,29.62,0.0
2024-01-29,9464.53693875,9257.1168425,1946.62384525,74.0144177725,5.0,0.0,0.0,0.0,0.0,0.0,0.0,0.0,0.0,0.0,29.62,0.0
2024-01-29,9473.792175625,9302.764603416666,1951.961802875,74.94783265541668,5.166666666666666,0.0,0.0,0.0,0.0,0.0,0.0,0.0,0.0,0.0,29.62,0.0
2024-01-29,9483.0474125,9348.412364333331,1957.2997605,75.88124753833333,5.333333333333333,0.0,0.0,0.0,0.0,0.0,0.0,0.0,0.0,0.0,29.62,0.0
2024-01-29,9492.302649375,9394.06012525,1962.637718125,76.81466242125,5.5,0.0,0.0,0.0,0.0,0.0,0.0,0.0,0.0,0.0,29.62,0.0
2024-01-29,9501.55788625,9439.707886166669,1967.97567575,77.74807730416667,5.666666666666666,0.0,0.0,0.0,0.0,0.0,0.0,0.0,0.0,0.0,29.62,0.0
2024-01-29,9510.813123125,9485.355647083334,1973.313633375,78.68149218708334,5.833333333333333,0.0,0.0,0.0,0.0,0.0,0.0,0.0,0.0,0.0,29.62,0.0
2024-01-30,9520.06836,9531.003408,1978.651591,79.61490707,6.0,0.0,0.0,0.0,0.0,0.0,0.0,0.0,0.0,0.0,29.62,0.0
2024-01-30,9604.191337083332,9608.5779985,1981.4754186666669,79.06134525166667,6.166666666666667,0.0,0.0,0.0,0.0,0.0,0.0,0.0,0.0,0.0,29.62,0.0
2024-01-30,9688.314314166666,9686.152589,1984.2992463333333,78.50778343333333,6.333333333333333,0.0,0.0,0.0,0.0,0.0,0.0,0.0,0.0,0.0,29.62,0.0
2024-01-30,9772.43729125,9763.7271795,1987.123074,77.954221615,6.5,0.0,0.0,0.0,0.0,0.0,0.0,0.0,0.0,0.0,29.62,0.0
2024-01-30,9856.560268333333,9841.30177,1989.9469016666667,77.40065979666667,6.666666666666667,0.0,0.0,0.0,0.0,0.0,0.0,0.0,0.0,0.0,29.62,0.0
2024-01-30,9940.683245416663,9918.8763605,1992.7707293333333,76.84709797833334,6.833333333333333,0.0,0.0,0.0,0.0,0.0,0.0,0.0,0.0,0.0,29.62,0.0
2024-01-30,10024.8062225,9996.450951,1995.594557,76.29353616,7.0,0.0,0.0,0.0,0.0,0.0,0.0,0.0,0.0,0.0,29.62,0.0
2024-01-30,10108.929199583334,10074.0255415,1998.4183846666667,75.73997434166667,7.166666666666666,0.0,0.0,0.0,0.0,0.0,0.0,0.0,0.0,0.0,29.62,0.0
2024-01-30,10193.052176666666,10151.600132,2001.242212333333,75.18641252333333,7.333333333333333,0.0,0.0,0.0,0.0,0.0,0.0,0.0,0.0,0.0,29.62,0.0
2024-01-30,10277.17515375,10229.1747225,2004.06604,74.63285070500001,7.5,0.0,0.0,0.0,0.0,0.0,0.0,0.0,0.0,0.0,29.62,0.0
2024-01-30,10361.298130833333,10306.749313,2006.8898676666668,74.07928888666667,7.666666666666666,0.0,0.0,0.0,0.0,0.0,0.0,0.0,0.0,0.0,29.62,0.0
2024-01-30,10445.421107916667,10384.3239035,2009.7136953333331,73.52572706833334,7.833333333333333,0.0,0.0,0.0,0.0,0.0,0.0,0.0,0.0,0.0,29.62,0.0
2024-01-30,10529.544085,10461.898494,2012.537523,72.97216525,8.0,0.0,0.0,0.0,0.0,0.0,0.0,0.0,0.0,0.0,29.62,0.0
2024-01-30,10613.667062083332,10539.4730845,2015.3613506666668,72.41860343166667,8.166666666666666,0.0,0.0,0.0,0.0,0.0,0.0,0.0,0.0,0.0,29.62,0.0
2024-01-30,10697.790039166666,10617.047675,2018.1851783333332,71.86504161333333,8.333333333333332,0.0,0.0,0.0,0.0,0.0,0.0,0.0,0.0,0.0,29.62,0.0
2024-01-30,10781.91301625,10694.6222655,2021.009006,71.311479795,8.5,0.0,0.0,0.0,0.0,0.0,0.0,0.0,0.0,0.0,29.62,0.0
2024-01-30,10866.035993333331,10772.196856,2023.8328336666668,70.75791797666668,8.666666666666666,0.0,0.0,0.0,0.0,0.0,0.0,0.0,0.0,0.0,29.62,0.0
2024-01-30,10950.158970416664,10849.7714465,2026.6566613333332,70.20435615833334,8.833333333333332,0.0,0.0,0.0,0.0,0.0,0.0,0.0,0.0,0.0,29.62,0.0
2024-01-30,11034.2819475,10927.346037,2029.480489,69.65079434,9.0,0.0,0.0,0.0,0.0,0.0,0.0,0.0,0.0,0.0,29.62,0.0
2024-01-30,11118.404924583334,11004.9206275,2032.3043166666669,69.09723252166667,9.166666666666666,0.0,0.0,0.0,0.0,0.0,0.0,0.0,0.0,0.0,29.62,0.0
2024-01-30,11202.527901666666,11082.495218,2035.1281443333332,68.54367070333333,9.333333333333332,0.0,0.0,0.0,0.0,0.0,0.0,0.0,0.0,0.0,29.62,0.0
2024-01-30,11286.65087875,11160.0698085,2037.951972,67.99010888500001,9.5,0.0,0.0,0.0,0.0,0.0,0.0,0.0,0.0,0.0,29.62,0.0
2024-01-30,11370.773855833331,11237.644399,2040.775799666667,67.43654706666668,9.666666666666666,0.0,0.0,0.0,0.0,0.0,0.0,0.0,0.0,0.0,29.62,0.0
2024-01-30,11454.896832916667,11315.2189895,2043.5996273333333,66.88298524833334,9.833333333333332,0.0,0.0,0.0,0.0,0.0,0.0,0.0,0.0,0.0,29.62,0.0
2024-01-31,11539.01981,11392.79358,2046.423455,66.32942343,10.0,0.0,0.0,0.0,0.0,0.0,0.0,0.0,0.0,0.0,29.62,0.0
2024-01-31,11539.01981,11392.79358,2046.423455,66.32942343,10.0,0.0,0.0,0.0,0.0,0.0,0.0,0.0,0.0,0.0,29.62,0.0
2024-01-31,11539.01981,11392.79358,2046.423455,66.32942343,10.0,0.0,0.0,0.0,0.0,0.0,0.0,0.0,0.0,0.0,29.62,0.0
2024-01-31,11539.01981,11392.79358,2046.423455,66.32942343,10.0,0.0,0.0,0.0,0.0,0.0,0.0,0.0,0.0,0.0,29.62,0.0
2024-01-31,11539.01981,11392.79358,2046.423455,66.32942343,10.0,0.0,0.0,0.0,0.0,0.0,0.0,0.0,0.0,0.0,29.62,0.0
2024-01-31,11539.01981,11392.79358,2046.423455,66.32942343,10.0,0.0,0.0,0.0,0.0,0.0,0.0,0.0,0.0,0.0,29.62,0.0
2024-01-31,11539.01981,11392.79358,2046.423455,66.32942343,10.0,0.0,0.0,0.0,0.0,0.0,0.0,0.0,0.0,0.0,29.62,0.0
2024-01-31,11539.01981,11392.79358,2046.423455,66.32942343,10.0,0.0,0.0,0.0,0.0,0.0,0.0,0.0,0.0,0.0,29.62,0.0
2024-01-31,11539.01981,11392.79358,2046.423455,66.32942343,10.0,0.0,0.0,0.0,0.0,0.0,0.0,0.0,0.0,0.0,29.62,0.0
2024-01-31,11539.01981,11392.79358,2046.423455,66.32942343,10.0,0.0,0.0,0.0,0.0,0.0,0.0,0.0,0.0,0.0,29.62,0.0
2024-01-31,11539.01981,11392.79358,2046.423455,66.32942343,10.0,0.0,0.0,0.0,0.0,0.0,0.0,0.0,0.0,0.0,29.62,0.0
2024-01-31,11539.01981,11392.79358,2046.423455,66.32942343,10.0,0.0,0.0,0.0,0.0,0.0,0.0,0.0,0.0,0.0,29.62,0.0
2024-01-31,11539.01981,11392.79358,2046.423455,66.32942343,10.0,0.0,0.0,0.0,0.0,0.0,0.0,0.0,0.0,0.0,29.62,0.0
2024-01-31,11539.01981,11392.79358,2046.423455,66.32942343,10.0,0.0,0.0,0.0,0.0,0.0,0.0,0.0,0.0,0.0,29.62,0.0
2024-01-31,11539.01981,11392.79358,2046.423455,66.32942343,10.0,0.0,0.0,0.0,0.0,0.0,0.0,0.0,0.0,0.0,29.62,0.0
2024-01-31,11539.01981,11392.79358,2046.423455,66.32942343,10.0,0.0,0.0,0.0,0.0,0.0,0.0,0.0,0.0,0.0,29.62,0.0
2024-01-31,11539.01981,11392.79358,2046.423455,66.32942343,10.0,0.0,0.0,0.0,0.0,0.0,0.0,0.0,0.0,0.0,29.62,0.0
2024-01-31,11539.01981,11392.79358,2046.423455,66.32942343,10.0,0.0,0.0,0.0,0.0,0.0,0.0,0.0,0.0,0.0,29.62,0.0
2024-01-31,11539.01981,11392.79358,2046.423455,66.32942343,10.0,0.0,0.0,0.0,0.0,0.0,0.0,0.0,0.0,0.0,29.62,0.0
2024-01-31,11539.01981,11392.79358,2046.423455,66.32942343,10.0,0.0,0.0,0.0,0.0,0.0,0.0,0.0,0.0,0.0,29.62,0.0
2024-01-31,11539.01981,11392.79358,2046.423455,66.32942343,10.0,0.0,0.0,0.0,0.0,0.0,0.0,0.0,0.0,0.0,29.62,0.0
2024-01-31,11539.01981,11392.79358,2046.423455,66.32942343,10.0,0.0,0.0,0.0,0.0,0.0,0.0,0.0,0.0,0.0,29.62,0.0
2024-01-31,11539.01981,11392.79358,2046.423455,66.32942343,10.0,0.0,0.0,0.0,0.0,0.0,0.0,0.0,0.0,0.0,29.62,0.0
2024-01-31,11539.01981,11392.79358,2046.423455,66.32942343,10.0,0.0,0.0,0.0,0.0,0.0,0.0,0.0,0.0,0.0,29.62,0.0
